R4-00001|d:\6\恋爱小程序\apps\client\src\pages\login\index.vue|418-420|F|P1|Apple 登录假成功：uni.login(apple) 成功后直接 toast"登录成功"并跳转 discover，注释明示"省略与后端 /api/auth/third-party/apple 的 token 交换"，实际未建立会话（模拟登录）|用户以为 Apple 登录成功，实际未登录，跳转后被守卫踢回登录页，信任受损|接入后端 Apple token 交换，未实现前移除入口|open|batch-2|
R4-00004|d:\6\恋爱小程序\apps\client\src\pages\home\index.vue|257-271|F|P1|空闲时段 ActionSheet 三选项（添加课程/活动/自定义）选中后仅 toast"编辑中"（courseEditing 等）无任何后续，功能未闭环|用户无法在首页添加课表安排，入口为假按钮|接入 schedule 编辑链路或移除入口|open|batch-2|
R4-00012|d:\6\恋爱小程序\apps\client\src\pages\discover\history.vue|60-77|F|P1|历史列表对已滑过卡片回退到占位数据：viewedCards 仅存 cardId/userId，getCardDetail 兜底返回"默认昵称"+空头像/签名（模板 L177/184 展示）|历史记录页核心内容不可识别，用户无法回看已滑用户，功能价值缺失|历史记录持久化昵称/头像字段|open|batch-2|
R4-00026|d:\6\恋爱小程序\apps\client\src\pages\verification\index.vue|149-163|F|P1|认证提交为本地模拟：注释明确"无恋爱认证提交接口"，1s 后本地置 pending；学生证图片仅本地临时路径（chooseImage 未上传）|恋爱认证功能未落地，用户上传的学生证永不达审核方，认证信任体系断裂|接入后端提交/图片上传端点|open|batch-2|
R4-00027|d:\6\恋爱小程序\apps\client\src\pages\verification\index.vue|22|B|P1|认证状态无任何加载逻辑：status 恒为初始 unverified（无 onLoad/onMounted 拉取），已认证用户进入页面显示"未认证"+表单|认证状态展示错误，用户困惑；注释 L5"mock 默认已认证"亦与实现矛盾|onLoad 拉取真实认证状态|open|batch-2|
R4-00028|d:\6\恋爱小程序\apps\client\src\pages\verification\index.vue|191-226|F|P2|resetVerification/removeVerification 仅本地翻转 status，无后端解除认证调用|"解除认证"实际未解除，会话/后端状态不一致|接入后端接口|open|batch-2|
R4-00031|d:\6\恋爱小程序\apps\client\src\pages\love-center\consulting.vue|41-44|F|P1|课程报名按钮仅 toast"报名成功"（signupSuccess），无报名/支付链路（注释"真实报名/支付链路接入后端"）|商业化付费链路为假按钮，用户付费期望落空|接入真实报名/支付|open|batch-2|
R4-00033|d:\6\恋爱小程序\apps\client\src\pages\love-center\mbti.vue|87-91|F|P2|MBTI 测试结果仅 toast 展示（2.5s 消失），无结果页/记录/保存|测试结果无法回看，无留存价值|结果落地页或存储|open|batch-2|
R4-00036|d:\6\恋爱小程序\apps\client\src\pages\daily-question\index.vue|200|B|P2|回答作者字段契约失配：openapi DailyAnswerView.author.displayName vs 前端 answer.authorName；非匿名时 L200 `answer.authorName[0]` 对 undefined 直接抛 TypeError 页面崩溃|后端按契约返回时回答列表作者名空白甚至崩溃|字段映射对齐（author.displayName）|open|batch-2|
R4-00037|d:\6\恋爱小程序\apps\client\src\pages\shop\index.vue|99-112|F|P1|商品详情页未注册（注释明确断链），全部商品点击仅 toast"开发中"（detailDeveloping），商城无详情/购买链路|逛逛页商业化链路断裂，积分余额无消费场景|注册详情页或隐藏商品入口|open|batch-2|
R4-00045|d:\6\恋爱小程序\apps\client\src\subpackages\setup\schedule\index.vue|18-24|H|P1|注册流程表单预填示例值："图书馆和北草坪"/["今晚","本周"]/courseBlocks 设计课课表，新用户直接保存即提交示例假数据入库|注册用户资料被示例数据污染，课表/偏好失真|默认值置空|open|batch-2|
R4-00046|d:\6\恋爱小程序\apps\client\src\subpackages\setup\schedule\index.vue|21-23|B|P1|courseBlocks 示例课表未在模板渲染（用户不可见、无法编辑，review #66 仅修了 timeWindows）却随 {...form}（L45）提交后端|不可见假课表入库或课表功能整体缺失|渲染课表字段或从提交中剔除|open|batch-2|
R4-00048|d:\6\恋爱小程序\apps\client\src\subpackages\setup\recommend-pref\index.vue|85-87|B|P2|接口契约失配：前端 GET/PUT /recommendations/preferences/me（L126-135 PUT body 用 preferredTime 字段），而 docs/openapi/recommendations.yaml 为 /recommendations/preferences 且字段 dailyNotifyTime|契约漂移，后端调整时前端 404 或字段丢失|对齐 openapi 契约（路径与字段名）|open|batch-2|
R4-00055|d:\6\恋爱小程序\apps\client\src\pages\village\index.vue|212-227|S|P1|“模拟认证一键通过（演示）”按钮无环境门控（SchoolCircleGate 组件无条件渲染 simulate 按钮，与注释“仅在非纯前端 mock 模式显示”矛盾），真实模式任意用户可一键绕过校园认证|认证形同虚设，校园频道/同校推荐数据可信度崩塌，合规风险|simulate 按钮收敛到 mock/演示包，生产移除或加权限守卫|open|batch-2|
R4-00056|d:\6\恋爱小程序\apps\client\src\pages\campus\certification.vue|113-117|B|P1|学生证照片未先上传：submitCertification 将 chooseImage 本地临时路径（tempFilePath）作为 studentIdCardUrl 直接 POST，real 模式后端无法访问该地址|审核人员无法查看学生证，认证流程功能性失效|先调 uploadFileViaUni 上传换取 URL 再提交|open|batch-2|
R4-00057|d:\6\恋爱小程序\apps\client\src\pages\profile\album.vue|237-254|F|P1|“设为头像”为纯本地数组重排（splice/unshift 仅改 photoGallery），注释称更新 sessionStore 但代码无任何调用，刷新页面后恢复原状|用户以为已换头像，实际未生效，交互闭环造假|接入 avatar 上传/置换接口或移除入口|open|batch-2|
R4-00058|d:\6\恋爱小程序\apps\client\src\pages\profile\tasks.vue|118-122|F|P1|任务中心“每日签到”点击即本地置 done=true（“本地立即完成（演示态）”），未调用真实 GET/POST /check-in 接口，积分/连签不发|任务奖励体系虚假，用户签到数据不落库|接入 clientApi.checkIn/getCheckInStatus 真实链路|open|batch-2|
R4-00060|d:\6\恋爱小程序\apps\client\src\pages\security\index.vue|79-93|F|P1|“修改密码”仅本地校验 6-20 位+两次一致后 toast 成功，无任何后端调用，密码从未被修改|安全中心核心功能是假的，用户修改密码后旧密码仍有效|接入真实改密接口（含旧密码校验）|open|batch-2|
R4-00061|d:\6\恋爱小程序\apps\client\src\pages\security\index.vue|138-150|F|P1|“注销账号”为演示态：仅弹窗提示客服协助（注释“真实链路调用后端注销接口”未实现）|用户无法注销账号，隐私合规风险|接入 account/deactivate 后端接口|open|batch-2|
R4-00067|d:\6\恋爱小程序\apps\client\src\pages\wallet\index.vue|43-66|F|P1|“演示充值”按钮：无支付流程直接 POST /wallet/recharge 入账 10000 分（订单号 RECHARGE-DEMO-{ts} 仅作幂等键），真实模式用户可无限刷余额|资金风险：等于免费印钞，账单与收入对不上|移除演示充值或接入真实支付回调|open|batch-2|
R4-00068|d:\6\恋爱小程序\apps\client\src\pages\vip\index.vue|155-177|F|P1|“立即开通”真实模式仅 toast “功能建设中”（支付未接入），mock 模式 setTimeout 假支付成功弹“开通成功”但未真正开通 VIP|VIP 商业化链路断裂，mock 下用户被虚假成功误导|接入微信支付/后端订单闭环|open|batch-2|
R4-00069|d:\6\恋爱小程序\apps\client\src\pages\chat\video-call.vue|139-159,383-403|F|P1|视频通话无真实推拉流：pusherUrl/playerUrl 恒为空字符串（“真实环境填入信令服务器返回的推流地址”），live-pusher/live-player v-if 永不渲染，通话全程无视频|核心功能假实现，用户进入通话黑屏|接入信令/RTC 推拉流|open|batch-2|
R4-00071|d:\6\恋爱小程序\apps\client\src\pages\circles\post-topic.vue|324-329|F|P1|话题图片真实模式未上传：仅 console.warn 提示（“等待上传接口接入”），本地临时路径随 createTopic 提交，后端无法访问|话题配图在 real 模式全部裂图|先调 uploadPostImage 上传再提交|open|batch-2|
R4-00121|d:\6\恋爱小程序\apps\client\src\stores\session.ts|25|H|P1|硬编码 mock 用户会话 userId "1"（mockUserSession.userId）|真实模式切换残留或误用 mock 身份时，用户数据隔离失效（likes/私信按 userId 归属错乱）|移入 mock 数据源（fixtures）并加 apiMode 守卫|open|batch-2|
R4-00128|d:\6\恋爱小程序\apps\client\src\stores\likes.ts|1461-1474|B|P2|批量「跳过」real 分支为纯本地 filter 无后端调用（try/catch 内无 API 且 failed 永不为空）|real 模式批量跳过不持久化，刷新后「喜欢我」用户全部回弹，功能形同虚设|接入后端批量 skip 端点或逐条调用|open|batch-2|
R4-00129|d:\6\恋爱小程序\apps\client\src\stores\likes.ts|1115-1147|B|P2|createHeartSignalForMutualLike 在客户端本地构造心动信号（real 模式同样执行），仅按本地 fromUserId+pending 去重|real 模式下与后端信号（/matches/heart-signals）并存，同一匹配可能产生幽灵/重复信号并重复 toast|real 模式移除本地造信号逻辑，依赖后端|open|batch-2|
R4-00146|d:\6\恋爱小程序\apps\client\src\components\discover\CardDetailOverlay.vue|226|F|P2|兴趣圈成员数用 hash 伪造：members = 60 + (userId.charCodeAt(0) + idx*31) % 240|详情页展示的圈子人数为随机伪造值，与真实圈子数据脱节，误导用户|由后端圈子接口下发真实成员数|open|batch-2|
R4-00147|d:\6\恋爱小程序\apps\client\src\components\discover\CardDetailOverlay.vue|249-252|F|P2|匹配度分数前端伪造：Math.min(98, 80 + commonCircleCount*5)|匹配度非后端计算值，UI 展示的数字与推荐排序依据不一致|后端下发 matchScore 字段|open|batch-2|
R4-00152|d:\6\恋爱小程序\apps\client\src\services\api.ts|358-364|T|P2|getIcebreakers real 分支无对端端点可用，固定返回 { items: [] } 空列表|私信场景破冰话题在 real 模式永久为空（注释承认是 P0-06 妥协），功能降级无提示|后端补按 peerUserId 的破冰端点|open|batch-2|
R4-00164|d:\6\恋爱小程序\apps\client\src\stores\messages.ts|1193|B|P1|loadInteractionEvents 默认 page=1，后端 InteractionEventController 分页为 0 基（page=0 首页），url 拼 page=1&size=20|互动事件列表首屏跳过最新 20 条（展示第 21~40 条），新事件永不显示|改为 page=0 起始或 page-1 换算|open|batch-2|
R4-00167|d:\6\恋爱小程序\apps\client\src\stores\session.ts|641-666|B|P1|bindSchool real 分支调用 saveCampusProfile 时 city/department 传空串，后端 CampusProfileRequest 标注 @NotBlank → 恒 400|真实模式学校绑定必然失败（返回 false），任务 C「学校一次性绑定」real 下不可用|city/department 取用户真实资料或改后端为可空|open|batch-2|
R4-00168|d:\6\恋爱小程序\apps\client\src\services\http.ts|232-245|B|P2|幂等键拦截器每次请求生成全新 key（idem-${Date.now()}-${random}），注释自称「按 key 去重」|双击/重试产生的不同幂等键无法被后端 @Idempotent 去重，写操作重复提交防护失效（仅满足头存在性）|按业务语义生成稳定 key（如按钮级）或由调用方显式传 key|open|batch-2|
R4-00172|d:\6\恋爱小程序\apps\client\src\stores\coins.ts|43-48|H|P2|解锁定价 UNLOCK_COST_YUAN 硬编码前端（MESSAGE 5/VISITORS 3/LIKES 3/WHISPER 2 元）|调价需发版；且与后端无契约绑定（见 spend 条目）|后端下发定价配置|open|batch-2|
R4-00174|d:\6\恋爱小程序\apps\client\src\stores\vip.ts|106-132|H|P2|VIP 套餐与价格硬编码（18/28、48/84、128/336 元）且无支付流程（enableAutoRenew 仅 POST 状态）|定价无运营配置源；「购买」无真实支付闭环，商业化资金链路断裂|接支付 SDK 并后端下发套餐|open|batch-2|
R4-00175|d:\6\恋爱小程序\apps\client\src\services\websocket\index.ts|793-823|B|P1|setupUserSubscriptions 仅订阅 /user/queue/{messages,signals,notifications}，后端实际推送 6 类队列（另含 queue/matches、queue/temp、queue/checkin，见 MatchRecorder/TempChatSessionService/CheckInEventConsumer）|匹配成功、临时会话新消息、签到事件实时推送全部丢失，用户必须手动刷新才能看到匹配与匿名会话消息|补订 /user/queue/matches 与 /user/queue/temp（dispatchToStore 同步扩展）|open|batch-2|
R4-00178|d:\6\恋爱小程序\apps\client\src\stores\campus.ts|781-793|B|P2|createCampusTopic real 分支请求体仅 {category,title,content}，UI 的 isAnonymous 匿名选项未透传（后端 CreateCampusTopicRequest 亦无该字段）|real 模式「匿名发布」静默失效——用户勾选匿名仍以真名发布，隐私承诺落空|后端补 isAnonymous 字段并透传|open|batch-2|
R4-00179|d:\6\恋爱小程序\apps\client\src\stores\campus.ts|853-859|B|P2|replyToCampusTopic real 分支请求体仅 {content}，isAnonymous 未透传（后端 CreateCampusReplyRequest 亦无该字段）|匿名回复在 real 模式静默失效|后端补字段并透传|open|batch-2|
R4-00180|d:\6\恋爱小程序\apps\client\src\stores\circle.ts|692-700|B|P2|createTopic real 分支请求体仅 {title,content,images}，Task B5 的 tags/favorite 参数被静默丢弃（mock 分支有）|发帖附带的标签/喜爱标记在 real 模式丢失，功能前后端不一致|后端 CreateTopicRequest 补 tags/favorite 并透传|open|batch-2|
R4-00183|d:\6\恋爱小程序\apps\client\src\stores\profile.ts|680-709|B|P2|setAllowSameSchoolRecommend/setReceiveSameSchoolInfo 仅本地 storage 持久化，注释声称「真实环境同步后端接口」但 real 无任何 API 调用|隐私开关在 real 模式不落库：换设备/重装后丢失，且后端推荐逻辑不感知该偏好|接入后端偏好接口|open|batch-2|
R4-00187|d:\6\恋爱小程序\apps\client\src\stores\schedule.ts|52-116|F|P2|课表 store 全部为本地 mock（3 课程+2 活动+1 自定义），无任何后端读取/写入（/profile/schedule 契约未接入本 store）|「我的课表」功能为假功能：保存的 ScheduleProfile 与课表页数据互不相通，real 模式展示的永远是演示课表|接入 /profile/schedule 读写|open|batch-2|
R4-00188|d:\6\恋爱小程序\apps\client\src\stores\campus-wall.ts|25-80|F|P2|校园墙 store 纯本地 mock 数组（无任何 API 调用），loading 从未置 true|校园墙发帖/点赞/关注全部内存态，刷新即失，real 模式无数据源|接入村口 posts 或独立墙接口|open|batch-2|
R4-00201|d:\6\恋爱小程序\apps\client\.env.real|4|H|P1|real 模式 VITE_API_BASE_URL=https://api.campuslove.example.com/api（build:h5:real 与 build:mp-weixin:real 均加载本文件）|真实模式构建（含小程序 real 版）指向示例域名，联调/发布即失败|替换为真实域名；缺失时构建失败而非静默出包|open|batch-2|
R4-00202|d:\6\恋爱小程序\apps\client\src\config\env.ts|156|T|P1|注释称"不再回退到 http://localhost"但实现 return "https://localhost:8080/api"（注释与实现矛盾，且生产路径仍静默回退 localhost）|生产缺配置时线上请求全部打向本机 localhost，且错误被 console.error 后继续以坏地址运行|删除回退改为显式抛错/终止启动|open|batch-2|
R4-00203|d:\6\恋爱小程序\apps\client\src\manifest.json|36-49|B|P1|mp-weixin appid=wxc67cd233d72388d0 处于"待运营/产品向微信开放平台核对是否正式注册"状态（注释自述），且需三处文件手动同步|appid 非正式注册时提审被拒或线上小程序身份错误，合规风险|核对并固化 appid 到单一来源，更新三处文件|open|batch-2|
R4-00666|d:\6\恋爱小程序\apps\client\src\stores\likes.ts|220|H|P2|硬编码 mock 用户/会话 ID user-2001（mockLikes 数组 mock 用户对象（林夕））|mock 身份可能泄漏到真实数据流，与真实用户体系割裂|移入 mock 数据源并加 apiMode 守卫|open|batch-2|
R4-00667|d:\6\恋爱小程序\apps\client\src\stores\likes.ts|228|H|P2|硬编码 mock 用户/会话 ID user-2002（mockLikes 数组 mock 用户对象（陈默））|mock 身份可能泄漏到真实数据流，与真实用户体系割裂|移入 mock 数据源并加 apiMode 守卫|open|batch-2|
R4-00668|d:\6\恋爱小程序\apps\client\src\stores\likes.ts|239|H|P2|硬编码 mock 用户/会话 ID user-2003（mockLikedBy 数组 mock 用户对象（苏晴））|mock 身份可能泄漏到真实数据流，与真实用户体系割裂|移入 mock 数据源并加 apiMode 守卫|open|batch-2|
R4-00669|d:\6\恋爱小程序\apps\client\src\stores\likes.ts|248|H|P2|硬编码 mock 用户/会话 ID user-2004（mockLikedBy 数组 mock 用户对象（周然））|mock 身份可能泄漏到真实数据流，与真实用户体系割裂|移入 mock 数据源并加 apiMode 守卫|open|batch-2|
R4-00670|d:\6\恋爱小程序\apps\client\src\stores\likes.ts|257|H|P2|硬编码 mock 用户/会话 ID user-2006（mockLikedBy 数组 mock 用户对象（叶知秋））|mock 身份可能泄漏到真实数据流，与真实用户体系割裂|移入 mock 数据源并加 apiMode 守卫|open|batch-2|
R4-00671|d:\6\恋爱小程序\apps\client\src\stores\likes.ts|265|H|P2|硬编码 mock 用户/会话 ID user-2007（mockLikedBy 数组 mock 用户对象（沈星河））|mock 身份可能泄漏到真实数据流，与真实用户体系割裂|移入 mock 数据源并加 apiMode 守卫|open|batch-2|
R4-00672|d:\6\恋爱小程序\apps\client\src\stores\likes.ts|274|H|P2|硬编码 mock 用户/会话 ID user-2200（mockLikedBy 数组 mock 用户对象（like-7））|mock 身份可能泄漏到真实数据流，与真实用户体系割裂|移入 mock 数据源并加 apiMode 守卫|open|batch-2|
R4-00673|d:\6\恋爱小程序\apps\client\src\stores\likes.ts|283|H|P2|硬编码 mock 用户/会话 ID user-2201（mockLikedBy 数组 mock 用户对象（like-8））|mock 身份可能泄漏到真实数据流，与真实用户体系割裂|移入 mock 数据源并加 apiMode 守卫|open|batch-2|
R4-00674|d:\6\恋爱小程序\apps\client\src\stores\likes.ts|291|H|P2|硬编码 mock 用户/会话 ID user-2202（mockLikedBy 数组 mock 用户对象（like-9））|mock 身份可能泄漏到真实数据流，与真实用户体系割裂|移入 mock 数据源并加 apiMode 守卫|open|batch-2|
R4-00675|d:\6\恋爱小程序\apps\client\src\stores\likes.ts|299|H|P2|硬编码 mock 用户/会话 ID user-2203（mockLikedBy 数组 mock 用户对象（like-10））|mock 身份可能泄漏到真实数据流，与真实用户体系割裂|移入 mock 数据源并加 apiMode 守卫|open|batch-2|
R4-00676|d:\6\恋爱小程序\apps\client\src\stores\likes.ts|308|H|P2|硬编码 mock 用户/会话 ID user-2204（mockLikedBy 数组 mock 用户对象（like-11））|mock 身份可能泄漏到真实数据流，与真实用户体系割裂|移入 mock 数据源并加 apiMode 守卫|open|batch-2|
R4-00677|d:\6\恋爱小程序\apps\client\src\stores\likes.ts|316|H|P2|硬编码 mock 用户/会话 ID user-2205（mockLikedBy 数组 mock 用户对象（like-12））|mock 身份可能泄漏到真实数据流，与真实用户体系割裂|移入 mock 数据源并加 apiMode 守卫|open|batch-2|
R4-00678|d:\6\恋爱小程序\apps\client\src\stores\likes.ts|324|H|P2|硬编码 mock 用户/会话 ID user-2206（mockLikedBy 数组 mock 用户对象（like-13））|mock 身份可能泄漏到真实数据流，与真实用户体系割裂|移入 mock 数据源并加 apiMode 守卫|open|batch-2|
R4-00679|d:\6\恋爱小程序\apps\client\src\stores\likes.ts|333|H|P2|硬编码 mock 用户/会话 ID user-2207（mockLikedBy 数组 mock 用户对象（like-14））|mock 身份可能泄漏到真实数据流，与真实用户体系割裂|移入 mock 数据源并加 apiMode 守卫|open|batch-2|
R4-00680|d:\6\恋爱小程序\apps\client\src\stores\likes.ts|341|H|P2|硬编码 mock 用户/会话 ID user-2208（mockLikedBy 数组 mock 用户对象（like-15））|mock 身份可能泄漏到真实数据流，与真实用户体系割裂|移入 mock 数据源并加 apiMode 守卫|open|batch-2|
R4-00681|d:\6\恋爱小程序\apps\client\src\stores\likes.ts|349|H|P2|硬编码 mock 用户/会话 ID user-2209（mockLikedBy 数组 mock 用户对象（like-16））|mock 身份可能泄漏到真实数据流，与真实用户体系割裂|移入 mock 数据源并加 apiMode 守卫|open|batch-2|
R4-00682|d:\6\恋爱小程序\apps\client\src\stores\likes.ts|358|H|P2|硬编码 mock 用户/会话 ID user-2210（mockLikedBy 数组 mock 用户对象（like-17））|mock 身份可能泄漏到真实数据流，与真实用户体系割裂|移入 mock 数据源并加 apiMode 守卫|open|batch-2|
R4-00683|d:\6\恋爱小程序\apps\client\src\stores\likes.ts|366|H|P2|硬编码 mock 用户/会话 ID user-2211（mockLikedBy 数组 mock 用户对象（like-18））|mock 身份可能泄漏到真实数据流，与真实用户体系割裂|移入 mock 数据源并加 apiMode 守卫|open|batch-2|
R4-00684|d:\6\恋爱小程序\apps\client\src\stores\likes.ts|374|H|P2|硬编码 mock 用户/会话 ID user-2212（mockLikedBy 数组 mock 用户对象（like-19））|mock 身份可能泄漏到真实数据流，与真实用户体系割裂|移入 mock 数据源并加 apiMode 守卫|open|batch-2|
R4-00685|d:\6\恋爱小程序\apps\client\src\stores\likes.ts|383|H|P2|硬编码 mock 用户/会话 ID user-2213（mockLikedBy 数组 mock 用户对象（like-20））|mock 身份可能泄漏到真实数据流，与真实用户体系割裂|移入 mock 数据源并加 apiMode 守卫|open|batch-2|
R4-00686|d:\6\恋爱小程序\apps\client\src\stores\likes.ts|391|H|P2|硬编码 mock 用户/会话 ID user-2214（mockLikedBy 数组 mock 用户对象（like-21））|mock 身份可能泄漏到真实数据流，与真实用户体系割裂|移入 mock 数据源并加 apiMode 守卫|open|batch-2|
R4-00687|d:\6\恋爱小程序\apps\client\src\stores\likes.ts|399|H|P2|硬编码 mock 用户/会话 ID user-2215（mockLikedBy 数组 mock 用户对象（like-22））|mock 身份可能泄漏到真实数据流，与真实用户体系割裂|移入 mock 数据源并加 apiMode 守卫|open|batch-2|
R4-00688|d:\6\恋爱小程序\apps\client\src\stores\likes.ts|408|H|P2|硬编码 mock 用户/会话 ID user-2216（mockLikedBy 数组 mock 用户对象（like-23））|mock 身份可能泄漏到真实数据流，与真实用户体系割裂|移入 mock 数据源并加 apiMode 守卫|open|batch-2|
R4-00689|d:\6\恋爱小程序\apps\client\src\stores\likes.ts|416|H|P2|硬编码 mock 用户/会话 ID user-2217（mockLikedBy 数组 mock 用户对象（like-24））|mock 身份可能泄漏到真实数据流，与真实用户体系割裂|移入 mock 数据源并加 apiMode 守卫|open|batch-2|
R4-00690|d:\6\恋爱小程序\apps\client\src\stores\likes.ts|427|H|P2|硬编码 mock 用户/会话 ID user-2003（mockVisitors 访客对象 visit-1（苏晴））|mock 身份可能泄漏到真实数据流，与真实用户体系割裂|移入 mock 数据源并加 apiMode 守卫|open|batch-2|
R4-00691|d:\6\恋爱小程序\apps\client\src\stores\likes.ts|437|H|P2|硬编码 mock 用户/会话 ID user-2005（mockVisitors 访客对象 visit-2（顾言））|mock 身份可能泄漏到真实数据流，与真实用户体系割裂|移入 mock 数据源并加 apiMode 守卫|open|batch-2|
R4-00692|d:\6\恋爱小程序\apps\client\src\stores\likes.ts|446|H|P2|硬编码 mock 用户/会话 ID user-2008（mockVisitors 访客对象 visit-3（江晚吟））|mock 身份可能泄漏到真实数据流，与真实用户体系割裂|移入 mock 数据源并加 apiMode 守卫|open|batch-2|
R4-00693|d:\6\恋爱小程序\apps\client\src\stores\likes.ts|456|H|P2|硬编码 mock 用户/会话 ID user-2300（mock 用户对象（like-25））|mock 身份可能泄漏到真实数据流，与真实用户体系割裂|移入 mock 数据源并加 apiMode 守卫|open|batch-2|
R4-00694|d:\6\恋爱小程序\apps\client\src\stores\likes.ts|465|H|P2|硬编码 mock 用户/会话 ID user-2301（mock 用户对象（like-26））|mock 身份可能泄漏到真实数据流，与真实用户体系割裂|移入 mock 数据源并加 apiMode 守卫|open|batch-2|
R4-00695|d:\6\恋爱小程序\apps\client\src\stores\likes.ts|475|H|P2|硬编码 mock 用户/会话 ID user-2302（mock 用户对象（like-27））|mock 身份可能泄漏到真实数据流，与真实用户体系割裂|移入 mock 数据源并加 apiMode 守卫|open|batch-2|
R4-00696|d:\6\恋爱小程序\apps\client\src\stores\likes.ts|484|H|P2|硬编码 mock 用户/会话 ID user-2303（mock 用户对象（like-28））|mock 身份可能泄漏到真实数据流，与真实用户体系割裂|移入 mock 数据源并加 apiMode 守卫|open|batch-2|
R4-00697|d:\6\恋爱小程序\apps\client\src\stores\likes.ts|493|H|P2|硬编码 mock 用户/会话 ID user-2304（mock 用户对象（like-29））|mock 身份可能泄漏到真实数据流，与真实用户体系割裂|移入 mock 数据源并加 apiMode 守卫|open|batch-2|
R4-00698|d:\6\恋爱小程序\apps\client\src\stores\likes.ts|502|H|P2|硬编码 mock 用户/会话 ID user-2305（mock 用户对象（like-30））|mock 身份可能泄漏到真实数据流，与真实用户体系割裂|移入 mock 数据源并加 apiMode 守卫|open|batch-2|
R4-00699|d:\6\恋爱小程序\apps\client\src\stores\likes.ts|512|H|P2|硬编码 mock 用户/会话 ID user-2306（mock 用户对象（like-31））|mock 身份可能泄漏到真实数据流，与真实用户体系割裂|移入 mock 数据源并加 apiMode 守卫|open|batch-2|
R4-00700|d:\6\恋爱小程序\apps\client\src\stores\likes.ts|521|H|P2|硬编码 mock 用户/会话 ID user-2307（mock 用户对象（like-32））|mock 身份可能泄漏到真实数据流，与真实用户体系割裂|移入 mock 数据源并加 apiMode 守卫|open|batch-2|
R4-00701|d:\6\恋爱小程序\apps\client\src\stores\likes.ts|530|H|P2|硬编码 mock 用户/会话 ID user-2308（mock 用户对象（like-33））|mock 身份可能泄漏到真实数据流，与真实用户体系割裂|移入 mock 数据源并加 apiMode 守卫|open|batch-2|
R4-00702|d:\6\恋爱小程序\apps\client\src\stores\likes.ts|539|H|P2|硬编码 mock 用户/会话 ID user-2309（mock 用户对象（like-34））|mock 身份可能泄漏到真实数据流，与真实用户体系割裂|移入 mock 数据源并加 apiMode 守卫|open|batch-2|
R4-00703|d:\6\恋爱小程序\apps\client\src\stores\likes.ts|549|H|P2|硬编码 mock 用户/会话 ID user-2310（mock 用户对象（like-35））|mock 身份可能泄漏到真实数据流，与真实用户体系割裂|移入 mock 数据源并加 apiMode 守卫|open|batch-2|
R4-00704|d:\6\恋爱小程序\apps\client\src\stores\likes.ts|558|H|P2|硬编码 mock 用户/会话 ID user-2311（mock 用户对象（like-36））|mock 身份可能泄漏到真实数据流，与真实用户体系割裂|移入 mock 数据源并加 apiMode 守卫|open|batch-2|
R4-00705|d:\6\恋爱小程序\apps\client\src\stores\likes.ts|567|H|P2|硬编码 mock 用户/会话 ID user-2312（mock 用户对象（like-37））|mock 身份可能泄漏到真实数据流，与真实用户体系割裂|移入 mock 数据源并加 apiMode 守卫|open|batch-2|
R4-00706|d:\6\恋爱小程序\apps\client\src\stores\likes.ts|576|H|P2|硬编码 mock 用户/会话 ID user-2313（mock 用户对象（like-38））|mock 身份可能泄漏到真实数据流，与真实用户体系割裂|移入 mock 数据源并加 apiMode 守卫|open|batch-2|
R4-00707|d:\6\恋爱小程序\apps\client\src\stores\likes.ts|586|H|P2|硬编码 mock 用户/会话 ID user-2314（mock 用户对象（like-39））|mock 身份可能泄漏到真实数据流，与真实用户体系割裂|移入 mock 数据源并加 apiMode 守卫|open|batch-2|
R4-00708|d:\6\恋爱小程序\apps\client\src\stores\likes.ts|595|H|P2|硬编码 mock 用户/会话 ID user-2315（mock 用户对象（like-40））|mock 身份可能泄漏到真实数据流，与真实用户体系割裂|移入 mock 数据源并加 apiMode 守卫|open|batch-2|
R4-00709|d:\6\恋爱小程序\apps\client\src\stores\likes.ts|604|H|P2|硬编码 mock 用户/会话 ID user-2316（mock 用户对象（like-41））|mock 身份可能泄漏到真实数据流，与真实用户体系割裂|移入 mock 数据源并加 apiMode 守卫|open|batch-2|
R4-00710|d:\6\恋爱小程序\apps\client\src\stores\likes.ts|613|H|P2|硬编码 mock 用户/会话 ID user-2317（mock 用户对象（like-42））|mock 身份可能泄漏到真实数据流，与真实用户体系割裂|移入 mock 数据源并加 apiMode 守卫|open|batch-2|
R4-00711|d:\6\恋爱小程序\apps\client\src\stores\likes.ts|623|H|P2|硬编码 mock 用户/会话 ID user-2318（mock 用户对象（like-43））|mock 身份可能泄漏到真实数据流，与真实用户体系割裂|移入 mock 数据源并加 apiMode 守卫|open|batch-2|
R4-00712|d:\6\恋爱小程序\apps\client\src\stores\likes.ts|635|H|P2|硬编码 mock 用户/会话 ID user-2003（mockHeartSignals signal-1 fromUserId 硬编码 mock 用户 ID）|mock 身份可能泄漏到真实数据流，与真实用户体系割裂|移入 mock 数据源并加 apiMode 守卫|open|batch-2|
R4-00713|d:\6\恋爱小程序\apps\client\src\stores\likes.ts|645|H|P2|硬编码 mock 用户/会话 ID user-2006（mockHeartSignals signal-2 fromUserId 硬编码 mock 用户 ID）|mock 身份可能泄漏到真实数据流，与真实用户体系割裂|移入 mock 数据源并加 apiMode 守卫|open|batch-2|
R4-00714|d:\6\恋爱小程序\apps\client\src\stores\village\utils.ts|666|H|P2|硬编码 mock 用户/会话 ID user-3001（mockAuthors 数组 mock 用户对象（小鹿））|mock 身份可能泄漏到真实数据流，与真实用户体系割裂|移入 mock 数据源并加 apiMode 守卫|open|batch-2|
R4-00715|d:\6\恋爱小程序\apps\client\src\stores\village\utils.ts|674|H|P2|硬编码 mock 用户/会话 ID user-3002（mockAuthors 数组 mock 用户对象（阿泽））|mock 身份可能泄漏到真实数据流，与真实用户体系割裂|移入 mock 数据源并加 apiMode 守卫|open|batch-2|
R4-00716|d:\6\恋爱小程序\apps\client\src\stores\village\utils.ts|682|H|P2|硬编码 mock 用户/会话 ID user-3003（mockAuthors 数组 mock 用户对象（橙子））|mock 身份可能泄漏到真实数据流，与真实用户体系割裂|移入 mock 数据源并加 apiMode 守卫|open|batch-2|
R4-00717|d:\6\恋爱小程序\apps\client\src\stores\village\utils.ts|690|H|P2|硬编码 mock 用户/会话 ID user-3004（mockAuthors 数组 mock 用户对象（南风））|mock 身份可能泄漏到真实数据流，与真实用户体系割裂|移入 mock 数据源并加 apiMode 守卫|open|batch-2|
R4-00718|d:\6\恋爱小程序\apps\client\src\stores\village\utils.ts|698|H|P2|硬编码 mock 用户/会话 ID user-3005（mockAuthors 数组 mock 用户对象（北岛））|mock 身份可能泄漏到真实数据流，与真实用户体系割裂|移入 mock 数据源并加 apiMode 守卫|open|batch-2|
R4-00719|d:\6\恋爱小程序\apps\client\src\stores\village\utils.ts|706|H|P2|硬编码 mock 用户/会话 ID user-3006（mockAuthors 数组 mock 用户对象（苏晴））|mock 身份可能泄漏到真实数据流，与真实用户体系割裂|移入 mock 数据源并加 apiMode 守卫|open|batch-2|
R4-00720|d:\6\恋爱小程序\apps\client\src\stores\village\utils.ts|714|H|P2|硬编码 mock 用户/会话 ID user-3007（mockAuthors 数组 mock 用户对象（周沐））|mock 身份可能泄漏到真实数据流，与真实用户体系割裂|移入 mock 数据源并加 apiMode 守卫|open|batch-2|
R4-00721|d:\6\恋爱小程序\apps\client\src\stores\village\utils.ts|722|H|P2|硬编码 mock 用户/会话 ID user-3008（mockAuthors 数组 mock 用户对象（许诺））|mock 身份可能泄漏到真实数据流，与真实用户体系割裂|移入 mock 数据源并加 apiMode 守卫|open|batch-2|
R4-00722|d:\6\恋爱小程序\apps\client\src\stores\village\utils.ts|730|H|P2|硬编码 mock 用户/会话 ID user-3009（mockAuthors 数组 mock 用户对象（林安））|mock 身份可能泄漏到真实数据流，与真实用户体系割裂|移入 mock 数据源并加 apiMode 守卫|open|batch-2|
R4-00723|d:\6\恋爱小程序\apps\client\src\stores\village\utils.ts|738|H|P2|硬编码 mock 用户/会话 ID user-3010（mockAuthors 数组 mock 用户对象（叶青））|mock 身份可能泄漏到真实数据流，与真实用户体系割裂|移入 mock 数据源并加 apiMode 守卫|open|batch-2|
R4-00724|d:\6\恋爱小程序\apps\client\src\stores\village\utils.ts|746|H|P2|硬编码 mock 用户/会话 ID user-3011（mockAuthors 数组 mock 用户对象（夏言））|mock 身份可能泄漏到真实数据流，与真实用户体系割裂|移入 mock 数据源并加 apiMode 守卫|open|batch-2|
R4-00725|d:\6\恋爱小程序\apps\client\src\stores\village\utils.ts|754|H|P2|硬编码 mock 用户/会话 ID user-3012（mockAuthors 数组 mock 用户对象（顾北））|mock 身份可能泄漏到真实数据流，与真实用户体系割裂|移入 mock 数据源并加 apiMode 守卫|open|batch-2|
R4-00726|d:\6\恋爱小程序\apps\client\src\stores\village\utils.ts|762|H|P2|硬编码 mock 用户/会话 ID user-3013（mockAuthors 数组 mock 用户对象（沈念））|mock 身份可能泄漏到真实数据流，与真实用户体系割裂|移入 mock 数据源并加 apiMode 守卫|open|batch-2|
R4-00727|d:\6\恋爱小程序\apps\client\src\stores\village\utils.ts|770|H|P2|硬编码 mock 用户/会话 ID user-3014（mockAuthors 数组 mock 用户对象（白鹭））|mock 身份可能泄漏到真实数据流，与真实用户体系割裂|移入 mock 数据源并加 apiMode 守卫|open|batch-2|
R4-00728|d:\6\恋爱小程序\apps\client\src\stores\village\utils.ts|778|H|P2|硬编码 mock 用户/会话 ID user-3015（mockAuthors 数组 mock 用户对象（季风））|mock 身份可能泄漏到真实数据流，与真实用户体系割裂|移入 mock 数据源并加 apiMode 守卫|open|batch-2|
R4-00729|d:\6\恋爱小程序\apps\client\src\stores\circle.ts|320|H|P2|硬编码 mock 用户/会话 ID user-3011（mock 帖子作者对象（晨光））|mock 身份可能泄漏到真实数据流，与真实用户体系割裂|移入 mock 数据源并加 apiMode 守卫|open|batch-2|
R4-00730|d:\6\恋爱小程序\apps\client\src\stores\circle.ts|330|H|P2|硬编码 mock 用户/会话 ID user-3012（mock 帖子作者对象（晚风））|mock 身份可能泄漏到真实数据流，与真实用户体系割裂|移入 mock 数据源并加 apiMode 守卫|open|batch-2|
R4-00731|d:\6\恋爱小程序\apps\client\src\stores\circle.ts|340|H|P2|硬编码 mock 用户/会话 ID user-3013（mock 帖子作者对象（小北））|mock 身份可能泄漏到真实数据流，与真实用户体系割裂|移入 mock 数据源并加 apiMode 守卫|open|batch-2|
R4-00732|d:\6\恋爱小程序\apps\client\src\stores\circle.ts|352|H|P2|硬编码 mock 用户/会话 ID user-3001（mock 帖子作者对象（小鹿））|mock 身份可能泄漏到真实数据流，与真实用户体系割裂|移入 mock 数据源并加 apiMode 守卫|open|batch-2|
R4-00733|d:\6\恋爱小程序\apps\client\src\stores\circle.ts|362|H|P2|硬编码 mock 用户/会话 ID user-3002（mock 帖子作者对象（阿泽））|mock 身份可能泄漏到真实数据流，与真实用户体系割裂|移入 mock 数据源并加 apiMode 守卫|open|batch-2|
R4-00734|d:\6\恋爱小程序\apps\client\src\stores\circle.ts|372|H|P2|硬编码 mock 用户/会话 ID user-3003（mock 帖子作者对象（橙子））|mock 身份可能泄漏到真实数据流，与真实用户体系割裂|移入 mock 数据源并加 apiMode 守卫|open|batch-2|
R4-00735|d:\6\恋爱小程序\apps\client\src\stores\circle.ts|384|H|P2|硬编码 mock 用户/会话 ID user-3004（mock 帖子作者对象（南风））|mock 身份可能泄漏到真实数据流，与真实用户体系割裂|移入 mock 数据源并加 apiMode 守卫|open|batch-2|
R4-00736|d:\6\恋爱小程序\apps\client\src\stores\circle.ts|398|H|P2|硬编码 mock 用户/会话 ID user-3001（mock 帖子详情作者对象（小鹿））|mock 身份可能泄漏到真实数据流，与真实用户体系割裂|移入 mock 数据源并加 apiMode 守卫|open|batch-2|
R4-00737|d:\6\恋爱小程序\apps\client\src\stores\circle.ts|409|H|P2|硬编码 mock 用户/会话 ID user-3002（mock 帖子详情作者对象（阿泽））|mock 身份可能泄漏到真实数据流，与真实用户体系割裂|移入 mock 数据源并加 apiMode 守卫|open|batch-2|
R4-00738|d:\6\恋爱小程序\apps\client\src\stores\circle.ts|416|H|P2|硬编码 mock 用户/会话 ID user-3003（mock 帖子详情作者对象（橙子））|mock 身份可能泄漏到真实数据流，与真实用户体系割裂|移入 mock 数据源并加 apiMode 守卫|open|batch-2|
R4-00739|d:\6\恋爱小程序\apps\client\src\stores\circle.ts|423|H|P2|硬编码 mock 用户/会话 ID user-3004（mock 帖子详情作者对象（南风））|mock 身份可能泄漏到真实数据流，与真实用户体系割裂|移入 mock 数据源并加 apiMode 守卫|open|batch-2|
R4-00740|d:\6\恋爱小程序\apps\client\src\stores\village\index.ts|1036|H|P2|硬编码 mock 用户/会话 ID user-3004（similarAuthors mock 用户对象（南风））|mock 身份可能泄漏到真实数据流，与真实用户体系割裂|移入 mock 数据源并加 apiMode 守卫|open|batch-2|
R4-00741|d:\6\恋爱小程序\apps\client\src\stores\village\index.ts|1046|H|P2|硬编码 mock 用户/会话 ID user-3005（similarAuthors mock 用户对象（北岛））|mock 身份可能泄漏到真实数据流，与真实用户体系割裂|移入 mock 数据源并加 apiMode 守卫|open|batch-2|
R4-00742|d:\6\恋爱小程序\apps\client\src\pages\village\tag-posts.vue|207|H|P2|硬编码 mock 用户/会话 ID 1001（标签帖 mock 作者 userId（星野））|mock 身份可能泄漏到真实数据流，与真实用户体系割裂|移入 mock 数据源并加 apiMode 守卫|open|batch-2|
R4-00743|d:\6\恋爱小程序\apps\client\src\pages\village\tag-posts.vue|215|H|P2|硬编码 mock 用户/会话 ID 1002（标签帖 mock 作者 userId（阿泽））|mock 身份可能泄漏到真实数据流，与真实用户体系割裂|移入 mock 数据源并加 apiMode 守卫|open|batch-2|
R4-00744|d:\6\恋爱小程序\apps\client\src\pages\village\tag-posts.vue|223|H|P2|硬编码 mock 用户/会话 ID 1003（标签帖 mock 作者 userId（橙子））|mock 身份可能泄漏到真实数据流，与真实用户体系割裂|移入 mock 数据源并加 apiMode 守卫|open|batch-2|
R4-00745|d:\6\恋爱小程序\apps\client\src\pages\village\tag-posts.vue|231|H|P2|硬编码 mock 用户/会话 ID 1004（标签帖 mock 作者 userId（北岛））|mock 身份可能泄漏到真实数据流，与真实用户体系割裂|移入 mock 数据源并加 apiMode 守卫|open|batch-2|
R4-00746|d:\6\恋爱小程序\apps\client\src\pages\village\tag-posts.vue|239|H|P2|硬编码 mock 用户/会话 ID 1005（标签帖 mock 作者 userId（南风））|mock 身份可能泄漏到真实数据流，与真实用户体系割裂|移入 mock 数据源并加 apiMode 守卫|open|batch-2|
R4-00747|d:\6\恋爱小程序\apps\client\src\pages\village\tag-posts.vue|247|H|P2|硬编码 mock 用户/会话 ID 1006（标签帖 mock 作者 userId（小鹿））|mock 身份可能泄漏到真实数据流，与真实用户体系割裂|移入 mock 数据源并加 apiMode 守卫|open|batch-2|
R4-00748|d:\6\恋爱小程序\apps\client\src\stores\messages.ts|345|H|P2|硬编码 mock 用户/会话 ID user-2001（mockSessions 会话 session-private-1 partnerId）|mock 身份可能泄漏到真实数据流，与真实用户体系割裂|移入 mock 数据源并加 apiMode 守卫|open|batch-2|
R4-00749|d:\6\恋爱小程序\apps\client\src\stores\messages.ts|351|H|P2|硬编码 mock 用户/会话 ID user-2002（mockSessions 会话 session-private-2 partnerId）|mock 身份可能泄漏到真实数据流，与真实用户体系割裂|移入 mock 数据源并加 apiMode 守卫|open|batch-2|
R4-00750|d:\6\恋爱小程序\apps\client\src\stores\messages.ts|365|H|P2|硬编码 mock 用户/会话 ID user-2006（mockSessions 会话 session-private-4 partnerId）|mock 身份可能泄漏到真实数据流，与真实用户体系割裂|移入 mock 数据源并加 apiMode 守卫|open|batch-2|
R4-00751|d:\6\恋爱小程序\apps\client\src\stores\messages.ts|371|H|P2|硬编码 mock 用户/会话 ID user-2004（mockSessions 临时匿名会话 session-temp-1 partnerId）|mock 身份可能泄漏到真实数据流，与真实用户体系割裂|移入 mock 数据源并加 apiMode 守卫|open|batch-2|
R4-00752|d:\6\恋爱小程序\apps\client\src\stores\messages.ts|377|H|P2|硬编码 mock 用户/会话 ID user-2005（mockSessions 会话 session-private-3 partnerId）|mock 身份可能泄漏到真实数据流，与真实用户体系割裂|移入 mock 数据源并加 apiMode 守卫|open|batch-2|
R4-00753|d:\6\恋爱小程序\apps\client\src\stores\messages.ts|419|H|P2|硬编码 mock 用户/会话 ID user-2003（mockHeartSignals signal-1 fromUserId）|mock 身份可能泄漏到真实数据流，与真实用户体系割裂|移入 mock 数据源并加 apiMode 守卫|open|batch-2|
R4-00754|d:\6\恋爱小程序\apps\client\src\stores\messages.ts|454|H|P2|硬编码 mock 用户/会话 ID user-2003（mock 通知 notif-4 triggerUserId（苏晴关注了你））|mock 身份可能泄漏到真实数据流，与真实用户体系割裂|移入 mock 数据源并加 apiMode 守卫|open|batch-2|
R4-00755|d:\6\恋爱小程序\apps\client\src\stores\messages.ts|455|H|P2|硬编码 mock 用户/会话 ID user-2003（mock 通知 actionUrl 内嵌 userId=user-2003）|mock 身份可能泄漏到真实数据流，与真实用户体系割裂|移入 mock 数据源并加 apiMode 守卫|open|batch-2|
R4-00756|d:\6\恋爱小程序\apps\client\src\stores\messages.ts|461|H|P2|硬编码 mock 用户/会话 ID user-2001（mock 通知 notif-6 triggerUserId（林夕评论））|mock 身份可能泄漏到真实数据流，与真实用户体系割裂|移入 mock 数据源并加 apiMode 守卫|open|batch-2|
R4-00757|d:\6\恋爱小程序\apps\client\src\stores\messages.ts|468|H|P2|硬编码 mock 用户/会话 ID user-2002（mock 通知 notif-7 triggerUserId（顾北访问））|mock 身份可能泄漏到真实数据流，与真实用户体系割裂|移入 mock 数据源并加 apiMode 守卫|open|batch-2|
R4-00758|d:\6\恋爱小程序\apps\client\src\stores\messages.ts|469|H|P2|硬编码 mock 用户/会话 ID user-2002（mock 通知 actionUrl 内嵌 userId=user-2002）|mock 身份可能泄漏到真实数据流，与真实用户体系割裂|移入 mock 数据源并加 apiMode 守卫|open|batch-2|
R4-00759|d:\6\恋爱小程序\apps\client\src\stores\messages.ts|475|H|P2|硬编码 mock 用户/会话 ID user-4001（mock 通知 notif-8 triggerUserId（双向喜欢））|mock 身份可能泄漏到真实数据流，与真实用户体系割裂|移入 mock 数据源并加 apiMode 守卫|open|batch-2|
R4-00760|d:\6\恋爱小程序\apps\client\src\stores\messages.ts|482|H|P2|硬编码 mock 用户/会话 ID user-4004（mock 通知 notif-9 triggerUserId（新的赞））|mock 身份可能泄漏到真实数据流，与真实用户体系割裂|移入 mock 数据源并加 apiMode 守卫|open|batch-2|
R4-00761|d:\6\恋爱小程序\apps\client\src\services\mocks\fixtures.ts|121|H|P2|硬编码 mock 用户/会话 ID user-1001（mock session 未登录会话 userId）|mock 身份可能泄漏到真实数据流，与真实用户体系割裂|移入 mock 数据源并加 apiMode 守卫|open|batch-2|
R4-00762|d:\6\恋爱小程序\apps\client\src\services\mocks\fixtures.ts|550|H|P2|硬编码 mock 用户/会话 ID user-1001（mockLoggedInSession 登录会话 userId）|mock 身份可能泄漏到真实数据流，与真实用户体系割裂|移入 mock 数据源并加 apiMode 守卫|open|batch-2|
R4-00763|d:\6\恋爱小程序\apps\client\src\services\mocks\fixtures.ts|162|H|P2|硬编码 mock 用户/会话 ID 4001（推荐人 mock 数据 id（数字体系））|mock 身份可能泄漏到真实数据流，与真实用户体系割裂|移入 mock 数据源并加 apiMode 守卫|open|batch-2|
R4-00764|d:\6\恋爱小程序\apps\client\src\services\mocks\fixtures.ts|218|H|P2|硬编码 mock 用户/会话 ID 4002（推荐人 mock 数据 id）|mock 身份可能泄漏到真实数据流，与真实用户体系割裂|移入 mock 数据源并加 apiMode 守卫|open|batch-2|
R4-00765|d:\6\恋爱小程序\apps\client\src\services\mocks\fixtures.ts|273|H|P2|硬编码 mock 用户/会话 ID 4003（推荐人 mock 数据 id）|mock 身份可能泄漏到真实数据流，与真实用户体系割裂|移入 mock 数据源并加 apiMode 守卫|open|batch-2|
R4-00766|d:\6\恋爱小程序\apps\client\src\services\mocks\fixtures.ts|328|H|P2|硬编码 mock 用户/会话 ID 4004（推荐人 mock 数据 id）|mock 身份可能泄漏到真实数据流，与真实用户体系割裂|移入 mock 数据源并加 apiMode 守卫|open|batch-2|
R4-00767|d:\6\恋爱小程序\apps\client\src\stores\chat\mock-data.ts|25|H|P2|硬编码 mock 用户/会话 ID mock-session-1（mockSession1 会话 id（recommendedPersonId=4001 见 26 行））|mock 身份可能泄漏到真实数据流，与真实用户体系割裂|移入 mock 数据源并加 apiMode 守卫|open|batch-2|
R4-00768|d:\6\恋爱小程序\apps\client\src\stores\chat\mock-data.ts|26|H|P2|硬编码 mock 用户/会话 ID 4001（mockSession1 recommendedPersonId 数字体系 mock 用户 ID）|mock 身份可能泄漏到真实数据流，与真实用户体系割裂|移入 mock 数据源并加 apiMode 守卫|open|batch-2|
R4-00769|d:\6\恋爱小程序\apps\client\src\stores\chat\mock-data.ts|95|H|P2|硬编码 mock 用户/会话 ID mock-session-2（mockSession2 会话 id（recommendedPersonId=4002 见 96 行））|mock 身份可能泄漏到真实数据流，与真实用户体系割裂|移入 mock 数据源并加 apiMode 守卫|open|batch-2|
R4-00770|d:\6\恋爱小程序\apps\client\src\stores\chat\mock-data.ts|96|H|P2|硬编码 mock 用户/会话 ID 4002（mockSession2 recommendedPersonId 数字体系 mock 用户 ID）|mock 身份可能泄漏到真实数据流，与真实用户体系割裂|移入 mock 数据源并加 apiMode 守卫|open|batch-2|
R4-00771|d:\6\恋爱小程序\apps\client\src\stores\chat\mock-data.ts|184|H|P2|硬编码 mock 用户/会话 ID 4003（mock 推荐人 id 4003）|mock 身份可能泄漏到真实数据流，与真实用户体系割裂|移入 mock 数据源并加 apiMode 守卫|open|batch-2|
R4-00772|d:\6\恋爱小程序\apps\client\src\stores\chat\mock-data.ts|192|H|P2|硬编码 mock 用户/会话 ID 4004（mock 推荐人 id 4004）|mock 身份可能泄漏到真实数据流，与真实用户体系割裂|移入 mock 数据源并加 apiMode 守卫|open|batch-2|
R4-00773|d:\6\恋爱小程序\apps\client\src\stores\session.ts|25|H|P1|硬编码 mock 用户 ID 1（mockUserSession.userId 硬编码 '1'（mock 身份直通真实模式））|真实模式下仍可能读取 mock 身份，用户数据隔离失效|移入 mock 数据源并加 apiMode 守卫|open|batch-2|
R4-00774|d:\6\恋爱小程序\apps\client\src\stores\session.ts|333|H|P1|硬编码 mock 用户 ID 100000（isSuperTestAccount 硬编码超级账号 userId=100000（种子 V2026.08.07.0004））|真实模式下仍可能读取 mock 身份，用户数据隔离失效|移入 mock 数据源并加 apiMode 守卫|open|batch-2|
R4-00775|d:\6\恋爱小程序\apps\client\src\stores\campus.ts|767|H|P1|硬编码 mock 用户 ID user-1001（发帖/评论 userId 回退硬编码 'user-1001'）|真实模式下仍可能读取 mock 身份，用户数据隔离失效|移入 mock 数据源并加 apiMode 守卫|open|batch-2|
R4-00776|d:\6\恋爱小程序\apps\client\src\stores\campus.ts|830|H|P1|硬编码 mock 用户 ID user-1001（帖子作者 userId 回退硬编码 'user-1001'）|真实模式下仍可能读取 mock 身份，用户数据隔离失效|移入 mock 数据源并加 apiMode 守卫|open|batch-2|
R4-00777|d:\6\恋爱小程序\apps\client\src\stores\circle.ts|676|H|P1|硬编码 mock 用户 ID user-1001（话题作者 userId 回退硬编码 'user-1001'）|真实模式下仍可能读取 mock 身份，用户数据隔离失效|移入 mock 数据源并加 apiMode 守卫|open|batch-2|
R4-00778|d:\6\恋爱小程序\apps\client\src\stores\circle.ts|828|H|P1|硬编码 mock 用户 ID user-1001（话题作者 userId 回退硬编码 'user-1001'）|真实模式下仍可能读取 mock 身份，用户数据隔离失效|移入 mock 数据源并加 apiMode 守卫|open|batch-2|
R4-00779|d:\6\恋爱小程序\apps\client\src\stores\village\index.ts|352|H|P1|硬编码 mock 用户 ID user-1001（发帖作者 userId 回退硬编码 'user-1001'）|真实模式下仍可能读取 mock 身份，用户数据隔离失效|移入 mock 数据源并加 apiMode 守卫|open|batch-2|
R4-00780|d:\6\恋爱小程序\apps\client\src\stores\village\index.ts|691|H|P1|硬编码 mock 用户 ID user-1001（帖子作者 userId 回退硬编码 'user-1001'）|真实模式下仍可能读取 mock 身份，用户数据隔离失效|移入 mock 数据源并加 apiMode 守卫|open|batch-2|
R4-00781|d:\6\恋爱小程序\apps\client\src\stores\likes.ts|638|H|P1|硬编码 mock 用户 ID user-1001（signal-1 toUserId=user-1001（模拟当前用户身份））|真实模式下仍可能读取 mock 身份，用户数据隔离失效|移入 mock 数据源并加 apiMode 守卫|open|batch-2|
R4-00782|d:\6\恋爱小程序\apps\client\src\stores\likes.ts|648|H|P1|硬编码 mock 用户 ID user-1001（signal-2 toUserId=user-1001（模拟当前用户身份））|真实模式下仍可能读取 mock 身份，用户数据隔离失效|移入 mock 数据源并加 apiMode 守卫|open|batch-2|
R4-00783|d:\6\恋爱小程序\apps\client\src\components\common\HeartParticles.vue|159|H|P2|用户可见中文文案未走 i18n（aria-label 内联中文 '暂停/恢复粒子动画'，未走 i18n）|多语言/换肤场景文案无法翻译，en-US 下仍显示中文|抽为 i18n key（t() 渲染）|open|batch-2|
R4-00784|d:\6\恋爱小程序\apps\client\src\components\common\SafeImage.vue|6|H|P2|用户可见中文文案未走 i18n（aria-label 回退中文 '图片'，未走 i18n）|多语言/换肤场景文案无法翻译，en-US 下仍显示中文|抽为 i18n key（t() 渲染）|open|batch-2|
R4-00785|d:\6\恋爱小程序\apps\client\src\pages\dev\index.vue|170|H|P2|用户可见中文文案未走 i18n（template 中文文案 'DEV 开发者导航'）|多语言/换肤场景文案无法翻译，en-US 下仍显示中文|抽为 i18n key（t() 渲染）|open|batch-2|
R4-00786|d:\6\恋爱小程序\apps\client\src\pages\dev\index.vue|180|H|P2|用户可见中文文案未走 i18n（template 中文文案 '开发者模式 - 仅用于测试，上线前删除'）|多语言/换肤场景文案无法翻译，en-US 下仍显示中文|抽为 i18n key（t() 渲染）|open|batch-2|
R4-00787|d:\6\恋爱小程序\apps\client\src\pages\dev\index.vue|186|H|P2|用户可见中文文案未走 i18n（template 中文文案 '超级测试账号'）|多语言/换肤场景文案无法翻译，en-US 下仍显示中文|抽为 i18n key（t() 渲染）|open|batch-2|
R4-00788|d:\6\恋爱小程序\apps\client\src\pages\dev\index.vue|194|H|P2|用户可见中文文案未走 i18n（template 内联中文 '已登录超级账号/一键登录超级测试账号'）|多语言/换肤场景文案无法翻译，en-US 下仍显示中文|抽为 i18n key（t() 渲染）|open|batch-2|
R4-00789|d:\6\恋爱小程序\apps\client\src\pages\dev\index.vue|205|H|P2|用户可见中文文案未走 i18n（template 内联中文 '当前：会员身份（解锁全开）/普通用户身份'）|多语言/换肤场景文案无法翻译，en-US 下仍显示中文|抽为 i18n key（t() 渲染）|open|batch-2|
R4-00790|d:\6\恋爱小程序\apps\client\src\pages\dev\index.vue|206|H|P2|用户可见中文文案未走 i18n（template 中文文案 '点击切换 会员/普通 身份（模拟前端展示效果）'）|多语言/换肤场景文案无法翻译，en-US 下仍显示中文|抽为 i18n key（t() 渲染）|open|batch-2|
R4-00791|d:\6\恋爱小程序\apps\client\src\pages\login\index.vue|588|H|P2|用户可见中文文案未走 i18n（template 中文文案 '以演示者身份进入展示版'）|多语言/换肤场景文案无法翻译，en-US 下仍显示中文|抽为 i18n key（t() 渲染）|open|batch-2|
R4-00792|d:\6\恋爱小程序\apps\client\src\pages\login\index.vue|589|H|P2|用户可见中文文案未走 i18n（template 中文文案 '超级管理员模式 · 一键体验全部功能'）|多语言/换肤场景文案无法翻译，en-US 下仍显示中文|抽为 i18n key（t() 渲染）|open|batch-2|
R4-00793|d:\6\恋爱小程序\apps\client\src\pages\showcase\index.vue|202|H|P2|用户可见中文文案未走 i18n（template 中文文案 '全功能展示'）|多语言/换肤场景文案无法翻译，en-US 下仍显示中文|抽为 i18n key（t() 渲染）|open|batch-2|
R4-00794|d:\6\恋爱小程序\apps\client\src\pages\showcase\index.vue|203|H|P2|用户可见中文文案未走 i18n（template 中文文案 '超级管理员模式 · 所有功能已解锁'）|多语言/换肤场景文案无法翻译，en-US 下仍显示中文|抽为 i18n key（t() 渲染）|open|batch-2|
R4-00795|d:\6\恋爱小程序\apps\client\src\pages\showcase\index.vue|214|H|P2|用户可见中文文案未走 i18n（template 中文文案 '欢迎使用展示版'）|多语言/换肤场景文案无法翻译，en-US 下仍显示中文|抽为 i18n key（t() 渲染）|open|batch-2|
R4-00796|d:\6\恋爱小程序\apps\client\src\pages\showcase\index.vue|216|H|P2|用户可见中文文案未走 i18n（template 中文长文案（展示版说明段落））|多语言/换肤场景文案无法翻译，en-US 下仍显示中文|抽为 i18n key（t() 渲染）|open|batch-2|
R4-00797|d:\6\恋爱小程序\apps\client\src\pages\showcase\index.vue|231|H|P2|用户可见中文文案未走 i18n（template 中文文案 '{{ group.items.length }} 项'）|多语言/换肤场景文案无法翻译，en-US 下仍显示中文|抽为 i18n key（t() 渲染）|open|batch-2|
R4-00798|d:\6\恋爱小程序\apps\client\src\pages\village\detail.vue|812|H|P2|用户可见中文文案未走 i18n（template 中文文案 '回复 @{{ reply.replyTo }}：'）|多语言/换肤场景文案无法翻译，en-US 下仍显示中文|抽为 i18n key（t() 渲染）|open|batch-2|
R4-00799|d:\6\恋爱小程序\apps\client\src\pages\village\history.vue|179|H|P2|用户可见中文文案未走 i18n（template 中文文案 '赞 {{ item.post.likes }}'）|多语言/换肤场景文案无法翻译，en-US 下仍显示中文|抽为 i18n key（t() 渲染）|open|batch-2|
R4-00800|d:\6\恋爱小程序\apps\client\src\pages\village\history.vue|180|H|P2|用户可见中文文案未走 i18n（template 中文文案 '藏 {{ item.post.favorites }}'）|多语言/换肤场景文案无法翻译，en-US 下仍显示中文|抽为 i18n key（t() 渲染）|open|batch-2|
R4-00801|d:\6\恋爱小程序\apps\client\src\pages\village\history.vue|181|H|P2|用户可见中文文案未走 i18n（template 中文文案 '看 {{ item.post.views }}'）|多语言/换肤场景文案无法翻译，en-US 下仍显示中文|抽为 i18n key（t() 渲染）|open|batch-2|
R4-00802|d:\6\恋爱小程序\apps\client\src\pages\village\history.vue|182|H|P2|用户可见中文文案未走 i18n（template 中文文案 '评 {{ item.post.comments }}'）|多语言/换肤场景文案无法翻译，en-US 下仍显示中文|抽为 i18n key（t() 渲染）|open|batch-2|
R4-00803|d:\6\恋爱小程序\apps\client\src\subpackages\discover\activities\index.vue|304|H|P2|用户可见中文文案未走 i18n（template title 中文 '线下活动'）|多语言/换肤场景文案无法翻译，en-US 下仍显示中文|抽为 i18n key（t() 渲染）|open|batch-2|
R4-00804|d:\6\恋爱小程序\apps\client\src\subpackages\discover\activities\index.vue|305|H|P2|用户可见中文文案未走 i18n（template subtitle 中文（活动引导文案））|多语言/换肤场景文案无法翻译，en-US 下仍显示中文|抽为 i18n key（t() 渲染）|open|batch-2|
R4-00805|d:\6\恋爱小程序\apps\client\src\subpackages\discover\activities\index.vue|310|H|P2|用户可见中文文案未走 i18n（template 中文文案 '正在加载活动内容...'）|多语言/换肤场景文案无法翻译，en-US 下仍显示中文|抽为 i18n key（t() 渲染）|open|batch-2|
R4-00806|d:\6\恋爱小程序\apps\client\src\subpackages\discover\activities\index.vue|319|H|P2|用户可见中文文案未走 i18n（template 按钮中文 '重试'）|多语言/换肤场景文案无法翻译，en-US 下仍显示中文|抽为 i18n key（t() 渲染）|open|batch-2|
R4-00807|d:\6\恋爱小程序\apps\client\src\subpackages\discover\activities\index.vue|338|H|P2|用户可见中文文案未走 i18n（template 中文文案 '列表'）|多语言/换肤场景文案无法翻译，en-US 下仍显示中文|抽为 i18n key（t() 渲染）|open|batch-2|
R4-00808|d:\6\恋爱小程序\apps\client\src\subpackages\discover\activities\index.vue|345|H|P2|用户可见中文文案未走 i18n（template 中文文案 '日历'）|多语言/换肤场景文案无法翻译，en-US 下仍显示中文|抽为 i18n key（t() 渲染）|open|batch-2|
R4-00809|d:\6\恋爱小程序\apps\client\src\subpackages\discover\activities\index.vue|374|H|P2|用户可见中文文案未走 i18n（template 中文文案 '人已报名'）|多语言/换肤场景文案无法翻译，en-US 下仍显示中文|抽为 i18n key（t() 渲染）|open|batch-2|
R4-00810|d:\6\恋爱小程序\apps\client\src\subpackages\discover\activities\index.vue|399|H|P2|用户可见中文文案未走 i18n（template 内联中文 '已感兴趣/感兴趣'）|多语言/换肤场景文案无法翻译，en-US 下仍显示中文|抽为 i18n key（t() 渲染）|open|batch-2|
R4-00811|d:\6\恋爱小程序\apps\client\src\subpackages\discover\activities\index.vue|406|H|P2|用户可见中文文案未走 i18n（template 中文文案 '加载中...'）|多语言/换肤场景文案无法翻译，en-US 下仍显示中文|抽为 i18n key（t() 渲染）|open|batch-2|
R4-00812|d:\6\恋爱小程序\apps\client\src\subpackages\discover\activities\index.vue|409|H|P2|用户可见中文文案未走 i18n（template 中文文案 '没有更多活动了'）|多语言/换肤场景文案无法翻译，en-US 下仍显示中文|抽为 i18n key（t() 渲染）|open|batch-2|
R4-00813|d:\6\恋爱小程序\apps\client\src\subpackages\discover\activities\index.vue|413|H|P2|用户可见中文文案未走 i18n（template title 中文 '下一步'）|多语言/换肤场景文案无法翻译，en-US 下仍显示中文|抽为 i18n key（t() 渲染）|open|batch-2|
R4-00814|d:\6\恋爱小程序\apps\client\src\subpackages\discover\activities\index.vue|414|H|P2|用户可见中文文案未走 i18n（template subtitle 中文（活动引导文案））|多语言/换肤场景文案无法翻译，en-US 下仍显示中文|抽为 i18n key（t() 渲染）|open|batch-2|
R4-00815|d:\6\恋爱小程序\apps\client\src\subpackages\discover\activities\index.vue|417|H|P2|用户可见中文文案未走 i18n（template primary-label 中文 '去寻觅'）|多语言/换肤场景文案无法翻译，en-US 下仍显示中文|抽为 i18n key（t() 渲染）|open|batch-2|
R4-00816|d:\6\恋爱小程序\apps\client\src\subpackages\discover\activities\index.vue|418|H|P2|用户可见中文文案未走 i18n（template secondary-label 中文 '提交活动提案'）|多语言/换肤场景文案无法翻译，en-US 下仍显示中文|抽为 i18n key（t() 渲染）|open|batch-2|
R4-00817|d:\6\恋爱小程序\apps\client\src\subpackages\discover\activities\index.vue|492|H|P2|用户可见中文文案未走 i18n（template 中文文案 '{{ count }}人'）|多语言/换肤场景文案无法翻译，en-US 下仍显示中文|抽为 i18n key（t() 渲染）|open|batch-2|
R4-00818|d:\6\恋爱小程序\apps\client\src\subpackages\discover\activities\index.vue|505|H|P2|用户可见中文文案未走 i18n（template 中文文案 '{{ len }}个活动'）|多语言/换肤场景文案无法翻译，en-US 下仍显示中文|抽为 i18n key（t() 渲染）|open|batch-2|
R4-00819|d:\6\恋爱小程序\apps\client\src\subpackages\discover\activities\index.vue|520|H|P2|用户可见中文文案未走 i18n（template 中文文案 '人已报名'）|多语言/换肤场景文案无法翻译，en-US 下仍显示中文|抽为 i18n key（t() 渲染）|open|batch-2|
R4-00820|d:\6\恋爱小程序\apps\client\src\subpackages\discover\activities\index.vue|545|H|P2|用户可见中文文案未走 i18n（template 内联中文 '已感兴趣/感兴趣'）|多语言/换肤场景文案无法翻译，en-US 下仍显示中文|抽为 i18n key（t() 渲染）|open|batch-2|
R4-00821|d:\6\恋爱小程序\apps\client\src\subpackages\discover\activities\index.vue|557|H|P2|用户可见中文文案未走 i18n（template title 中文 '下一步'）|多语言/换肤场景文案无法翻译，en-US 下仍显示中文|抽为 i18n key（t() 渲染）|open|batch-2|
R4-00822|d:\6\恋爱小程序\apps\client\src\subpackages\discover\activities\index.vue|558|H|P2|用户可见中文文案未走 i18n（template subtitle 中文（活动引导文案））|多语言/换肤场景文案无法翻译，en-US 下仍显示中文|抽为 i18n key（t() 渲染）|open|batch-2|
R4-00823|d:\6\恋爱小程序\apps\client\src\subpackages\discover\activities\index.vue|561|H|P2|用户可见中文文案未走 i18n（template primary-label 中文 '去寻觅'）|多语言/换肤场景文案无法翻译，en-US 下仍显示中文|抽为 i18n key（t() 渲染）|open|batch-2|
R4-00824|d:\6\恋爱小程序\apps\client\src\subpackages\discover\activities\index.vue|562|H|P2|用户可见中文文案未走 i18n（template secondary-label 中文 '提交活动提案'）|多语言/换肤场景文案无法翻译，en-US 下仍显示中文|抽为 i18n key（t() 渲染）|open|batch-2|
R4-00825|d:\6\恋爱小程序\apps\client\src\subpackages\discover\discussions\index.vue|46|H|P2|用户可见中文文案未走 i18n（template title 中文 '讨论圈'）|多语言/换肤场景文案无法翻译，en-US 下仍显示中文|抽为 i18n key（t() 渲染）|open|batch-2|
R4-00826|d:\6\恋爱小程序\apps\client\src\subpackages\discover\discussions\index.vue|47|H|P2|用户可见中文文案未走 i18n（template subtitle 中文（讨论引导文案））|多语言/换肤场景文案无法翻译，en-US 下仍显示中文|抽为 i18n key（t() 渲染）|open|batch-2|
R4-00827|d:\6\恋爱小程序\apps\client\src\subpackages\discover\discussions\index.vue|50|H|P2|用户可见中文文案未走 i18n（template SectionCard title/subtitle 中文 '正在讨论'）|多语言/换肤场景文案无法翻译，en-US 下仍显示中文|抽为 i18n key（t() 渲染）|open|batch-2|
R4-00828|d:\6\恋爱小程序\apps\client\src\subpackages\discover\discussions\index.vue|51|H|P2|用户可见中文文案未走 i18n（template 中文文案 '正在加载讨论内容...'）|多语言/换肤场景文案无法翻译，en-US 下仍显示中文|抽为 i18n key（t() 渲染）|open|batch-2|
R4-00829|d:\6\恋爱小程序\apps\client\src\subpackages\discover\discussions\index.vue|54|H|P2|用户可见中文文案未走 i18n（template 中文文案 '点击重试'）|多语言/换肤场景文案无法翻译，en-US 下仍显示中文|抽为 i18n key（t() 渲染）|open|batch-2|
R4-00830|d:\6\恋爱小程序\apps\client\src\subpackages\discover\discussions\index.vue|58|H|P2|用户可见中文文案未走 i18n（template 内联中文 '暂时还没有新的讨论推荐'）|多语言/换肤场景文案无法翻译，en-US 下仍显示中文|抽为 i18n key（t() 渲染）|open|batch-2|
R4-00831|d:\6\恋爱小程序\apps\client\src\subpackages\discover\discussions\index.vue|70|H|P2|用户可见中文文案未走 i18n（template SectionCard title/subtitle 中文 '下一步'）|多语言/换肤场景文案无法翻译，en-US 下仍显示中文|抽为 i18n key（t() 渲染）|open|batch-2|
R4-00832|d:\6\恋爱小程序\apps\client\src\subpackages\discover\discussions\index.vue|72|H|P2|用户可见中文文案未走 i18n（template primary-label 中文 '去寻觅'）|多语言/换肤场景文案无法翻译，en-US 下仍显示中文|抽为 i18n key（t() 渲染）|open|batch-2|
R4-00833|d:\6\恋爱小程序\apps\client\src\subpackages\discover\discussions\index.vue|73|H|P2|用户可见中文文案未走 i18n（template secondary-label 中文 '反馈讨论建议'）|多语言/换肤场景文案无法翻译，en-US 下仍显示中文|抽为 i18n key（t() 渲染）|open|batch-2|
R4-00834|d:\6\恋爱小程序\apps\client\src\subpackages\legal\agreement\index.vue|148|H|P2|用户可见中文文案未走 i18n（template AppShell title 中文 '用户协议'）|多语言/换肤场景文案无法翻译，en-US 下仍显示中文|抽为 i18n key（t() 渲染）|open|batch-2|
R4-00835|d:\6\恋爱小程序\apps\client\src\subpackages\legal\privacy\index.vue|148|H|P2|用户可见中文文案未走 i18n（template AppShell title 中文 '隐私政策'）|多语言/换肤场景文案无法翻译，en-US 下仍显示中文|抽为 i18n key（t() 渲染）|open|batch-2|
R4-00836|d:\6\恋爱小程序\apps\client\src\subpackages\setup\schedule\index.vue|57|H|P2|用户可见中文文案未走 i18n（template AppShell title/subtitle 中文 '时间安排'）|多语言/换肤场景文案无法翻译，en-US 下仍显示中文|抽为 i18n key（t() 渲染）|open|batch-2|
R4-00837|d:\6\恋爱小程序\apps\client\src\subpackages\setup\schedule\index.vue|58|H|P2|用户可见中文文案未走 i18n（template SectionCard title 中文 '偏好设置'）|多语言/换肤场景文案无法翻译，en-US 下仍显示中文|抽为 i18n key（t() 渲染）|open|batch-2|
R4-00838|d:\6\恋爱小程序\apps\client\src\subpackages\setup\schedule\index.vue|59|H|P2|用户可见中文文案未走 i18n（template placeholder/aria-label 中文 '常去区域'）|多语言/换肤场景文案无法翻译，en-US 下仍显示中文|抽为 i18n key（t() 渲染）|open|batch-2|
R4-00839|d:\6\恋爱小程序\apps\client\src\subpackages\setup\schedule\index.vue|71|H|P2|用户可见中文文案未走 i18n（template placeholder 内联中文（空闲时段引导））|多语言/换肤场景文案无法翻译，en-US 下仍显示中文|抽为 i18n key（t() 渲染）|open|batch-2|
R4-00840|d:\6\恋爱小程序\apps\client\src\subpackages\setup\schedule\index.vue|72|H|P2|用户可见中文文案未走 i18n（template aria-label 内联中文（空闲时段引导））|多语言/换肤场景文案无法翻译，en-US 下仍显示中文|抽为 i18n key（t() 渲染）|open|batch-2|
R4-00841|d:\6\恋爱小程序\apps\client\src\subpackages\setup\schedule\index.vue|75|H|P2|用户可见中文文案未走 i18n（template primary-label 中文 '保存并进入应用'）|多语言/换肤场景文案无法翻译，en-US 下仍显示中文|抽为 i18n key（t() 渲染）|open|batch-2|
R4-00842|d:\6\恋爱小程序\apps\client\src\composables\useNetworkStatus.ts|43|H|P2|用户可见中文文案未走 i18n（showToast 中文 '网络已恢复'（i18n 缺失））|多语言/换肤场景文案无法翻译，en-US 下仍显示中文|抽为 i18n key（t() 渲染）|open|batch-2|
R4-00843|d:\6\恋爱小程序\apps\client\src\composables\useNetworkStatus.ts|50|H|P2|用户可见中文文案未走 i18n（showToast 中文 '网络已断开，请检查网络设置'）|多语言/换肤场景文案无法翻译，en-US 下仍显示中文|抽为 i18n key（t() 渲染）|open|batch-2|
R4-00844|d:\6\恋爱小程序\apps\client\src\composables\usePageAccess.ts|126|H|P2|用户可见中文文案未走 i18n（showToast 中文 '登录已过期，请重新登录'）|多语言/换肤场景文案无法翻译，en-US 下仍显示中文|抽为 i18n key（t() 渲染）|open|batch-2|
R4-00845|d:\6\恋爱小程序\apps\client\src\services\api-error.ts|72|H|P2|用户可见中文文案未走 i18n（错误 message 中文 '请求参数有误，请检查后重试'）|多语言/换肤场景文案无法翻译，en-US 下仍显示中文|抽为 i18n key（t() 渲染）|open|batch-2|
R4-00846|d:\6\恋爱小程序\apps\client\src\services\api-error.ts|80|H|P2|用户可见中文文案未走 i18n（错误 message 中文 '登录已过期，请重新登录'）|多语言/换肤场景文案无法翻译，en-US 下仍显示中文|抽为 i18n key（t() 渲染）|open|batch-2|
R4-00847|d:\6\恋爱小程序\apps\client\src\services\api-error.ts|88|H|P2|用户可见中文文案未走 i18n（错误 message 中文 '无权限执行此操作'）|多语言/换肤场景文案无法翻译，en-US 下仍显示中文|抽为 i18n key（t() 渲染）|open|batch-2|
R4-00848|d:\6\恋爱小程序\apps\client\src\services\api-error.ts|96|H|P2|用户可见中文文案未走 i18n（错误 message 中文 '请求的资源不存在'）|多语言/换肤场景文案无法翻译，en-US 下仍显示中文|抽为 i18n key（t() 渲染）|open|batch-2|
R4-00849|d:\6\恋爱小程序\apps\client\src\services\api-error.ts|104|H|P2|用户可见中文文案未走 i18n（错误 message 中文 '服务暂时不可用，请稍后重试'）|多语言/换肤场景文案无法翻译，en-US 下仍显示中文|抽为 i18n key（t() 渲染）|open|batch-2|
R4-00850|d:\6\恋爱小程序\apps\client\src\services\api-error.ts|111|H|P2|用户可见中文文案未走 i18n（错误 message 中文 '请求失败，请稍后重试'）|多语言/换肤场景文案无法翻译，en-US 下仍显示中文|抽为 i18n key（t() 渲染）|open|batch-2|
R4-00851|d:\6\恋爱小程序\apps\client\src\services\http.ts|442|H|P2|用户可见中文文案未走 i18n（showToast 中文 '登录已过期，请重新登录'）|多语言/换肤场景文案无法翻译，en-US 下仍显示中文|抽为 i18n key（t() 渲染）|open|batch-2|
R4-00852|d:\6\恋爱小程序\apps\client\src\services\http.ts|584|H|P2|用户可见中文文案未走 i18n（错误 message 中文 '网络请求失败'）|多语言/换肤场景文案无法翻译，en-US 下仍显示中文|抽为 i18n key（t() 渲染）|open|batch-2|
R4-00853|d:\6\恋爱小程序\apps\client\src\services\http.ts|656|H|P2|用户可见中文文案未走 i18n（buildError 401 message 中文 '登录已过期，请重新登录'）|多语言/换肤场景文案无法翻译，en-US 下仍显示中文|抽为 i18n key（t() 渲染）|open|batch-2|
R4-00854|d:\6\恋爱小程序\apps\client\src\services\http.ts|676|H|P2|用户可见中文文案未走 i18n（buildError 401 message 中文 '登录已过期，请重新登录'）|多语言/换肤场景文案无法翻译，en-US 下仍显示中文|抽为 i18n key（t() 渲染）|open|batch-2|
R4-00855|d:\6\恋爱小程序\apps\client\src\services\agnes-video.ts|132|H|P2|用户可见中文文案未走 i18n（AI 错误 message 中文 'AI 服务未授权，请联系管理员检查 API Key 配置'）|多语言/换肤场景文案无法翻译，en-US 下仍显示中文|抽为 i18n key（t() 渲染）|open|batch-2|
R4-00856|d:\6\恋爱小程序\apps\client\src\services\agnes-video.ts|140|H|P2|用户可见中文文案未走 i18n（AI 错误 message 中文 'AI 服务暂时不可用，请稍后重试'）|多语言/换肤场景文案无法翻译，en-US 下仍显示中文|抽为 i18n key（t() 渲染）|open|batch-2|
R4-00857|d:\6\恋爱小程序\apps\client\src\services\agnes-video.ts|149|H|P2|用户可见中文文案未走 i18n（AI 错误 message 中文 'AI 服务未授权...'）|多语言/换肤场景文案无法翻译，en-US 下仍显示中文|抽为 i18n key（t() 渲染）|open|batch-2|
R4-00858|d:\6\恋爱小程序\apps\client\src\services\agnes-video.ts|158|H|P2|用户可见中文文案未走 i18n（AI 错误 message 中文 'AI 服务暂时不可用，请稍后重试'）|多语言/换肤场景文案无法翻译，en-US 下仍显示中文|抽为 i18n key（t() 渲染）|open|batch-2|
R4-00859|d:\6\恋爱小程序\apps\client\src\services\agnes-video.ts|170|H|P2|用户可见中文文案未走 i18n（AI 错误 message 中文 'AI 服务暂时不可用，请稍后重试'）|多语言/换肤场景文案无法翻译，en-US 下仍显示中文|抽为 i18n key（t() 渲染）|open|batch-2|
R4-00860|d:\6\恋爱小程序\apps\client\src\subpackages\setup\schedule\index.vue|22|H|P2|用户可见中文文案未走 i18n（默认课表 mock 数据 weekday/label 中文（'周一/设计课'））|多语言/换肤场景文案无法翻译，en-US 下仍显示中文|抽为 i18n key（t() 渲染）|open|batch-2|
R4-00861|d:\6\恋爱小程序\apps\client\src\subpackages\setup\schedule\index.vue|34|H|P2|用户可见中文文案未走 i18n（showToast 中文 '请输入偏好地点'）|多语言/换肤场景文案无法翻译，en-US 下仍显示中文|抽为 i18n key（t() 渲染）|open|batch-2|
R4-00862|d:\6\恋爱小程序\apps\client\src\subpackages\setup\schedule\index.vue|40|H|P2|用户可见中文文案未走 i18n（showToast 中文 '请至少添加一个时间窗口'）|多语言/换肤场景文案无法翻译，en-US 下仍显示中文|抽为 i18n key（t() 渲染）|open|batch-2|
R4-00863|d:\6\恋爱小程序\apps\client\src\stores\social-progress.ts|60|H|P2|用户可见中文文案未走 i18n（TIER_META L1 label/desc 中文 '发现心动/浏览推荐卡片'）|多语言/换肤场景文案无法翻译，en-US 下仍显示中文|抽为 i18n key（t() 渲染）|open|batch-2|
R4-00864|d:\6\恋爱小程序\apps\client\src\stores\social-progress.ts|61|H|P2|用户可见中文文案未走 i18n（TIER_META L2 label/desc 中文 '表达喜欢'）|多语言/换肤场景文案无法翻译，en-US 下仍显示中文|抽为 i18n key（t() 渲染）|open|batch-2|
R4-00865|d:\6\恋爱小程序\apps\client\src\stores\social-progress.ts|62|H|P2|用户可见中文文案未走 i18n（TIER_META L3 label/desc 中文 '双向匹配'）|多语言/换肤场景文案无法翻译，en-US 下仍显示中文|抽为 i18n key（t() 渲染）|open|batch-2|
R4-00866|d:\6\恋爱小程序\apps\client\src\stores\social-progress.ts|63|H|P2|用户可见中文文案未走 i18n（TIER_META L4 label/desc 中文 '开启对话'）|多语言/换肤场景文案无法翻译，en-US 下仍显示中文|抽为 i18n key（t() 渲染）|open|batch-2|
R4-00867|d:\6\恋爱小程序\apps\client\src\stores\social-progress.ts|64|H|P2|用户可见中文文案未走 i18n（TIER_META L5 label/desc 中文 '参与社区'）|多语言/换肤场景文案无法翻译，en-US 下仍显示中文|抽为 i18n key（t() 渲染）|open|batch-2|
R4-00868|d:\6\恋爱小程序\apps\client\src\stores\social-progress.ts|65|H|P2|用户可见中文文案未走 i18n（TIER_META L6 label/desc 中文 '线下见面'）|多语言/换肤场景文案无法翻译，en-US 下仍显示中文|抽为 i18n key（t() 渲染）|open|batch-2|
R4-00869|d:\6\恋爱小程序\apps\client\src\stores\vip.ts|109|H|P2|用户可见中文文案未走 i18n（VIP 套餐 name 中文 '月度会员'（无 nameKey））|多语言/换肤场景文案无法翻译，en-US 下仍显示中文|抽为 i18n key（t() 渲染）|open|batch-2|
R4-00870|d:\6\恋爱小程序\apps\client\src\stores\vip.ts|117|H|P2|用户可见中文文案未走 i18n（VIP 套餐 name 中文 '季度会员'（无 nameKey））|多语言/换肤场景文案无法翻译，en-US 下仍显示中文|抽为 i18n key（t() 渲染）|open|batch-2|
R4-00871|d:\6\恋爱小程序\apps\client\src\stores\vip.ts|126|H|P2|用户可见中文文案未走 i18n（VIP 套餐 name 中文 '年度会员'（无 nameKey））|多语言/换肤场景文案无法翻译，en-US 下仍显示中文|抽为 i18n key（t() 渲染）|open|batch-2|
R4-00872|d:\6\恋爱小程序\apps\client\src\config\schools.ts|32|H|P2|用户可见中文文案未走 i18n（学校名中文 '中国人民大学'（无 nameKey，纯硬编码））|多语言/换肤场景文案无法翻译，en-US 下仍显示中文|抽为 i18n key（t() 渲染）|open|batch-2|
R4-00873|d:\6\恋爱小程序\apps\client\src\config\schools.ts|34|H|P2|用户可见中文文案未走 i18n（学校名中文 '上海交通大学'（无 nameKey））|多语言/换肤场景文案无法翻译，en-US 下仍显示中文|抽为 i18n key（t() 渲染）|open|batch-2|
R4-00874|d:\6\恋爱小程序\apps\client\src\config\schools.ts|35|H|P2|用户可见中文文案未走 i18n（学校名中文 '同济大学'（无 nameKey））|多语言/换肤场景文案无法翻译，en-US 下仍显示中文|抽为 i18n key（t() 渲染）|open|batch-2|
R4-00875|d:\6\恋爱小程序\apps\client\src\config\schools.ts|37|H|P2|用户可见中文文案未走 i18n（学校名中文 '南京大学'（无 nameKey））|多语言/换肤场景文案无法翻译，en-US 下仍显示中文|抽为 i18n key（t() 渲染）|open|batch-2|
R4-00876|d:\6\恋爱小程序\apps\client\src\config\schools.ts|38|H|P2|用户可见中文文案未走 i18n（学校名中文 '武汉大学'（无 nameKey））|多语言/换肤场景文案无法翻译，en-US 下仍显示中文|抽为 i18n key（t() 渲染）|open|batch-2|
R4-00877|d:\6\恋爱小程序\apps\client\src\config\schools.ts|39|H|P2|用户可见中文文案未走 i18n（学校名中文 '中山大学'（无 nameKey））|多语言/换肤场景文案无法翻译，en-US 下仍显示中文|抽为 i18n key（t() 渲染）|open|batch-2|
R4-00878|d:\6\恋爱小程序\apps\client\src\config\schools.ts|40|H|P2|用户可见中文文案未走 i18n（学校名中文 '深圳大学'（无 nameKey））|多语言/换肤场景文案无法翻译，en-US 下仍显示中文|抽为 i18n key（t() 渲染）|open|batch-2|
R4-00879|d:\6\恋爱小程序\apps\client\src\pages\dev\index.vue|34|H|P2|用户可见中文文案未走 i18n（showToast 中文 '超级账号登录成功'）|多语言/换肤场景文案无法翻译，en-US 下仍显示中文|抽为 i18n key（t() 渲染）|open|batch-2|
R4-00880|d:\6\恋爱小程序\apps\client\src\pages\dev\index.vue|116|H|P2|用户可见中文文案未走 i18n（dev 导航数据 title 中文 '登录页'）|多语言/换肤场景文案无法翻译，en-US 下仍显示中文|抽为 i18n key（t() 渲染）|open|batch-2|
R4-00881|d:\6\恋爱小程序\apps\client\src\pages\dev\index.vue|117|H|P2|用户可见中文文案未走 i18n（dev 导航数据 title 中文 '寻觅'）|多语言/换肤场景文案无法翻译，en-US 下仍显示中文|抽为 i18n key（t() 渲染）|open|batch-2|
R4-00882|d:\6\恋爱小程序\apps\client\src\pages\dev\index.vue|118|H|P2|用户可见中文文案未走 i18n（dev 导航数据 title 中文 '今日已看'）|多语言/换肤场景文案无法翻译，en-US 下仍显示中文|抽为 i18n key（t() 渲染）|open|batch-2|
R4-00883|d:\6\恋爱小程序\apps\client\src\pages\dev\index.vue|119|H|P2|用户可见中文文案未走 i18n（dev 导航数据 title 中文 '喜欢'）|多语言/换肤场景文案无法翻译，en-US 下仍显示中文|抽为 i18n key（t() 渲染）|open|batch-2|
R4-00884|d:\6\恋爱小程序\apps\client\src\pages\dev\index.vue|120|H|P2|用户可见中文文案未走 i18n（dev 导航数据 title 中文 '村口'）|多语言/换肤场景文案无法翻译，en-US 下仍显示中文|抽为 i18n key（t() 渲染）|open|batch-2|
R4-00885|d:\6\恋爱小程序\apps\client\src\pages\dev\index.vue|121|H|P2|用户可见中文文案未走 i18n（dev 导航数据 title 中文 '发布帖子'）|多语言/换肤场景文案无法翻译，en-US 下仍显示中文|抽为 i18n key（t() 渲染）|open|batch-2|
R4-00886|d:\6\恋爱小程序\apps\client\src\pages\dev\index.vue|122|H|P2|用户可见中文文案未走 i18n（dev 导航数据 title 中文 '帖子详情'）|多语言/换肤场景文案无法翻译，en-US 下仍显示中文|抽为 i18n key（t() 渲染）|open|batch-2|
R4-00887|d:\6\恋爱小程序\apps\client\src\pages\dev\index.vue|123|H|P2|用户可见中文文案未走 i18n（dev 导航数据 title 中文 '消息'）|多语言/换肤场景文案无法翻译，en-US 下仍显示中文|抽为 i18n key（t() 渲染）|open|batch-2|
R4-00888|d:\6\恋爱小程序\apps\client\src\pages\dev\index.vue|124|H|P2|用户可见中文文案未走 i18n（dev 导航数据 title 中文 '我的'）|多语言/换肤场景文案无法翻译，en-US 下仍显示中文|抽为 i18n key（t() 渲染）|open|batch-2|
R4-00889|d:\6\恋爱小程序\apps\client\src\pages\dev\index.vue|125|H|P2|用户可见中文文案未走 i18n（dev 导航数据 title 中文 '兴趣圈'）|多语言/换肤场景文案无法翻译，en-US 下仍显示中文|抽为 i18n key（t() 渲染）|open|batch-2|
R4-00890|d:\6\恋爱小程序\apps\client\src\pages\dev\index.vue|126|H|P2|用户可见中文文案未走 i18n（dev 导航数据 title 中文 '话题列表'）|多语言/换肤场景文案无法翻译，en-US 下仍显示中文|抽为 i18n key（t() 渲染）|open|batch-2|
R4-00891|d:\6\恋爱小程序\apps\client\src\pages\dev\index.vue|127|H|P2|用户可见中文文案未走 i18n（dev 导航数据 title 中文 '话题详情'）|多语言/换肤场景文案无法翻译，en-US 下仍显示中文|抽为 i18n key（t() 渲染）|open|batch-2|
R4-00892|d:\6\恋爱小程序\apps\client\src\pages\dev\index.vue|128|H|P2|用户可见中文文案未走 i18n（dev 导航数据 title 中文 '发布话题'）|多语言/换肤场景文案无法翻译，en-US 下仍显示中文|抽为 i18n key（t() 渲染）|open|batch-2|
R4-00893|d:\6\恋爱小程序\apps\client\src\pages\dev\index.vue|129|H|P2|用户可见中文文案未走 i18n（dev 导航数据 title 中文 '每日一问'）|多语言/换肤场景文案无法翻译，en-US 下仍显示中文|抽为 i18n key（t() 渲染）|open|batch-2|
R4-00894|d:\6\恋爱小程序\apps\client\src\pages\dev\index.vue|130|H|P2|用户可见中文文案未走 i18n（dev 导航数据 title 中文 '会话'）|多语言/换肤场景文案无法翻译，en-US 下仍显示中文|抽为 i18n key（t() 渲染）|open|batch-2|
R4-00895|d:\6\恋爱小程序\apps\client\src\pages\dev\index.vue|132|H|P2|用户可见中文文案未走 i18n（dev 导航数据 title 中文 '基础资料'）|多语言/换肤场景文案无法翻译，en-US 下仍显示中文|抽为 i18n key（t() 渲染）|open|batch-2|
R4-00896|d:\6\恋爱小程序\apps\client\src\pages\dev\index.vue|133|H|P2|用户可见中文文案未走 i18n（dev 导航数据 title 中文 '学校信息'）|多语言/换肤场景文案无法翻译，en-US 下仍显示中文|抽为 i18n key（t() 渲染）|open|batch-2|
R4-00897|d:\6\恋爱小程序\apps\client\src\pages\dev\index.vue|134|H|P2|用户可见中文文案未走 i18n（dev 导航数据 title 中文 '时间安排'）|多语言/换肤场景文案无法翻译，en-US 下仍显示中文|抽为 i18n key（t() 渲染）|open|batch-2|
R4-00898|d:\6\恋爱小程序\apps\client\src\pages\dev\index.vue|135|H|P2|用户可见中文文案未走 i18n（dev 导航数据 title 中文 '推荐计划'）|多语言/换肤场景文案无法翻译，en-US 下仍显示中文|抽为 i18n key（t() 渲染）|open|batch-2|
R4-00899|d:\6\恋爱小程序\apps\client\src\pages\dev\index.vue|136|H|P2|用户可见中文文案未走 i18n（dev 导航数据 title 中文 '反馈中心'）|多语言/换肤场景文案无法翻译，en-US 下仍显示中文|抽为 i18n key（t() 渲染）|open|batch-2|
R4-00900|d:\6\恋爱小程序\apps\client\src\pages\dev\index.vue|137|H|P2|用户可见中文文案未走 i18n（dev 导航数据 title 中文 '讨论圈'）|多语言/换肤场景文案无法翻译，en-US 下仍显示中文|抽为 i18n key（t() 渲染）|open|batch-2|
R4-00901|d:\6\恋爱小程序\apps\client\src\pages\dev\index.vue|138|H|P2|用户可见中文文案未走 i18n（dev 导航数据 title 中文 '活动'）|多语言/换肤场景文案无法翻译，en-US 下仍显示中文|抽为 i18n key（t() 渲染）|open|batch-2|
R4-00902|d:\6\恋爱小程序\apps\client\src\pages\showcase\index.vue|39|H|P2|用户可见中文文案未走 i18n（showcase 分组 title 中文 '核心旅程'）|多语言/换肤场景文案无法翻译，en-US 下仍显示中文|抽为 i18n key（t() 渲染）|open|batch-2|
R4-00903|d:\6\恋爱小程序\apps\client\src\pages\showcase\index.vue|40|H|P2|用户可见中文文案未走 i18n（showcase 分组 subtitle 中文 '登录 · 资料 · 认证'）|多语言/换肤场景文案无法翻译，en-US 下仍显示中文|抽为 i18n key（t() 渲染）|open|batch-2|
R4-00904|d:\6\恋爱小程序\apps\client\src\pages\showcase\index.vue|43|H|P2|用户可见中文文案未走 i18n（showcase 导航 title/desc 中文 '登录页'）|多语言/换肤场景文案无法翻译，en-US 下仍显示中文|抽为 i18n key（t() 渲染）|open|batch-2|
R4-00905|d:\6\恋爱小程序\apps\client\src\pages\showcase\index.vue|44|H|P2|用户可见中文文案未走 i18n（showcase 导航 title/desc 中文 '基础资料'）|多语言/换肤场景文案无法翻译，en-US 下仍显示中文|抽为 i18n key（t() 渲染）|open|batch-2|
R4-00906|d:\6\恋爱小程序\apps\client\src\pages\showcase\index.vue|45|H|P2|用户可见中文文案未走 i18n（showcase 导航 title/desc 中文 '学校信息'）|多语言/换肤场景文案无法翻译，en-US 下仍显示中文|抽为 i18n key（t() 渲染）|open|batch-2|
R4-00907|d:\6\恋爱小程序\apps\client\src\pages\showcase\index.vue|46|H|P2|用户可见中文文案未走 i18n（showcase 导航 title/desc 中文 '推荐计划'）|多语言/换肤场景文案无法翻译，en-US 下仍显示中文|抽为 i18n key（t() 渲染）|open|batch-2|
R4-00908|d:\6\恋爱小程序\apps\client\src\pages\showcase\index.vue|47|H|P2|用户可见中文文案未走 i18n（showcase 导航 title/desc 中文 '校园认证'）|多语言/换肤场景文案无法翻译，en-US 下仍显示中文|抽为 i18n key（t() 渲染）|open|batch-2|
R4-00909|d:\6\恋爱小程序\apps\client\src\pages\showcase\index.vue|48|H|P2|用户可见中文文案未走 i18n（showcase 导航 title/desc 中文 '恋爱认证'）|多语言/换肤场景文案无法翻译，en-US 下仍显示中文|抽为 i18n key（t() 渲染）|open|batch-2|
R4-00910|d:\6\恋爱小程序\apps\client\src\pages\showcase\index.vue|49|H|P2|用户可见中文文案未走 i18n（showcase 导航 title/desc 中文 '时间安排'）|多语言/换肤场景文案无法翻译，en-US 下仍显示中文|抽为 i18n key（t() 渲染）|open|batch-2|
R4-00911|d:\6\恋爱小程序\apps\client\src\pages\showcase\index.vue|54|H|P2|用户可见中文文案未走 i18n（showcase 分组 title 中文 '匹配'）|多语言/换肤场景文案无法翻译，en-US 下仍显示中文|抽为 i18n key（t() 渲染）|open|batch-2|
R4-00912|d:\6\恋爱小程序\apps\client\src\pages\showcase\index.vue|55|H|P2|用户可见中文文案未走 i18n（showcase 分组 subtitle 中文 '寻觅 · 喜欢 · 心动信号 · 附近'）|多语言/换肤场景文案无法翻译，en-US 下仍显示中文|抽为 i18n key（t() 渲染）|open|batch-2|
R4-00913|d:\6\恋爱小程序\apps\client\src\pages\showcase\index.vue|58|H|P2|用户可见中文文案未走 i18n（showcase 导航 title/desc 中文 '寻觅 · 匹配'）|多语言/换肤场景文案无法翻译，en-US 下仍显示中文|抽为 i18n key（t() 渲染）|open|batch-2|
R4-00914|d:\6\恋爱小程序\apps\client\src\pages\showcase\index.vue|59|H|P2|用户可见中文文案未走 i18n（showcase 导航 title/desc 中文 '今日已看'）|多语言/换肤场景文案无法翻译，en-US 下仍显示中文|抽为 i18n key（t() 渲染）|open|batch-2|
R4-00915|d:\6\恋爱小程序\apps\client\src\pages\showcase\index.vue|60|H|P2|用户可见中文文案未走 i18n（showcase 导航 title/desc 中文 '喜欢'）|多语言/换肤场景文案无法翻译，en-US 下仍显示中文|抽为 i18n key（t() 渲染）|open|batch-2|
R4-00916|d:\6\恋爱小程序\apps\client\src\pages\showcase\index.vue|61|H|P2|用户可见中文文案未走 i18n（showcase 导航 title/desc 中文 '心动信号 · 缘分速配'）|多语言/换肤场景文案无法翻译，en-US 下仍显示中文|抽为 i18n key（t() 渲染）|open|batch-2|
R4-00917|d:\6\恋爱小程序\apps\client\src\pages\showcase\index.vue|62|H|P2|用户可见中文文案未走 i18n（showcase 导航 title/desc 中文 '附近的人'）|多语言/换肤场景文案无法翻译，en-US 下仍显示中文|抽为 i18n key（t() 渲染）|open|batch-2|
R4-00918|d:\6\恋爱小程序\apps\client\src\pages\showcase\index.vue|67|H|P2|用户可见中文文案未走 i18n（showcase 分组 title 中文 '首页与成长'）|多语言/换肤场景文案无法翻译，en-US 下仍显示中文|抽为 i18n key（t() 渲染）|open|batch-2|
R4-00919|d:\6\恋爱小程序\apps\client\src\pages\showcase\index.vue|68|H|P2|用户可见中文文案未走 i18n（showcase 分组 subtitle 中文 '签到 · 恋爱中心 · 每日一问'）|多语言/换肤场景文案无法翻译，en-US 下仍显示中文|抽为 i18n key（t() 渲染）|open|batch-2|
R4-00920|d:\6\恋爱小程序\apps\client\src\pages\showcase\index.vue|71|H|P2|用户可见中文文案未走 i18n（showcase 导航 title/desc 中文 '首页'）|多语言/换肤场景文案无法翻译，en-US 下仍显示中文|抽为 i18n key（t() 渲染）|open|batch-2|
R4-00921|d:\6\恋爱小程序\apps\client\src\pages\showcase\index.vue|72|H|P2|用户可见中文文案未走 i18n（showcase 导航 title/desc 中文 '每日一问'）|多语言/换肤场景文案无法翻译，en-US 下仍显示中文|抽为 i18n key（t() 渲染）|open|batch-2|
R4-00922|d:\6\恋爱小程序\apps\client\src\pages\showcase\index.vue|73|H|P2|用户可见中文文案未走 i18n（showcase 导航 title/desc 中文 '恋爱中心'）|多语言/换肤场景文案无法翻译，en-US 下仍显示中文|抽为 i18n key（t() 渲染）|open|batch-2|
R4-00923|d:\6\恋爱小程序\apps\client\src\pages\showcase\index.vue|74|H|P2|用户可见中文文案未走 i18n（showcase 导航 title/desc 中文 '恋爱咨询'）|多语言/换肤场景文案无法翻译，en-US 下仍显示中文|抽为 i18n key（t() 渲染）|open|batch-2|
R4-00924|d:\6\恋爱小程序\apps\client\src\pages\showcase\index.vue|75|H|P2|用户可见中文文案未走 i18n（showcase 导航 title/desc 中文 'MBTI 测试'）|多语言/换肤场景文案无法翻译，en-US 下仍显示中文|抽为 i18n key（t() 渲染）|open|batch-2|
R4-00925|d:\6\恋爱小程序\apps\client\src\pages\showcase\index.vue|76|H|P2|用户可见中文文案未走 i18n（showcase 导航 title/desc 中文 '活动'）|多语言/换肤场景文案无法翻译，en-US 下仍显示中文|抽为 i18n key（t() 渲染）|open|batch-2|
R4-00926|d:\6\恋爱小程序\apps\client\src\pages\showcase\index.vue|77|H|P2|用户可见中文文案未走 i18n（showcase 导航 title/desc 中文 '活动详情'）|多语言/换肤场景文案无法翻译，en-US 下仍显示中文|抽为 i18n key（t() 渲染）|open|batch-2|
R4-00927|d:\6\恋爱小程序\apps\client\src\pages\showcase\index.vue|82|H|P2|用户可见中文文案未走 i18n（showcase 分组 title 中文 '聊天'）|多语言/换肤场景文案无法翻译，en-US 下仍显示中文|抽为 i18n key（t() 渲染）|open|batch-2|
R4-00928|d:\6\恋爱小程序\apps\client\src\pages\showcase\index.vue|83|H|P2|用户可见中文文案未走 i18n（showcase 分组 subtitle 中文 '会话 · 视频通话'）|多语言/换肤场景文案无法翻译，en-US 下仍显示中文|抽为 i18n key（t() 渲染）|open|batch-2|
R4-00929|d:\6\恋爱小程序\apps\client\src\pages\showcase\index.vue|86|H|P2|用户可见中文文案未走 i18n（showcase 导航 title/desc 中文 '消息'）|多语言/换肤场景文案无法翻译，en-US 下仍显示中文|抽为 i18n key（t() 渲染）|open|batch-2|
R4-00930|d:\6\恋爱小程序\apps\client\src\pages\showcase\index.vue|87|H|P2|用户可见中文文案未走 i18n（showcase 导航 title/desc 中文 '聊天会话'）|多语言/换肤场景文案无法翻译，en-US 下仍显示中文|抽为 i18n key（t() 渲染）|open|batch-2|
R4-00931|d:\6\恋爱小程序\apps\client\src\pages\showcase\index.vue|88|H|P2|用户可见中文文案未走 i18n（showcase 导航 title/desc 中文 '视频通话'）|多语言/换肤场景文案无法翻译，en-US 下仍显示中文|抽为 i18n key（t() 渲染）|open|batch-2|
R4-00932|d:\6\恋爱小程序\apps\client\src\pages\showcase\index.vue|93|H|P2|用户可见中文文案未走 i18n（showcase 分组 title 中文 '社区'）|多语言/换肤场景文案无法翻译，en-US 下仍显示中文|抽为 i18n key（t() 渲染）|open|batch-2|
R4-00933|d:\6\恋爱小程序\apps\client\src\pages\showcase\index.vue|94|H|P2|用户可见中文文案未走 i18n（showcase 分组 subtitle 中文 '村口 · 兴趣圈 · 校园'）|多语言/换肤场景文案无法翻译，en-US 下仍显示中文|抽为 i18n key（t() 渲染）|open|batch-2|
R4-00934|d:\6\恋爱小程序\apps\client\src\pages\showcase\index.vue|97|H|P2|用户可见中文文案未走 i18n（showcase 导航 title/desc 中文 '村口 · 圈子'）|多语言/换肤场景文案无法翻译，en-US 下仍显示中文|抽为 i18n key（t() 渲染）|open|batch-2|
R4-00935|d:\6\恋爱小程序\apps\client\src\pages\showcase\index.vue|98|H|P2|用户可见中文文案未走 i18n（showcase 导航 title/desc 中文 '发布帖子'）|多语言/换肤场景文案无法翻译，en-US 下仍显示中文|抽为 i18n key（t() 渲染）|open|batch-2|
R4-00936|d:\6\恋爱小程序\apps\client\src\pages\showcase\index.vue|99|H|P2|用户可见中文文案未走 i18n（showcase 导航 title/desc 中文 '帖子详情'）|多语言/换肤场景文案无法翻译，en-US 下仍显示中文|抽为 i18n key（t() 渲染）|open|batch-2|
R4-00937|d:\6\恋爱小程序\apps\client\src\pages\showcase\index.vue|100|H|P2|用户可见中文文案未走 i18n（showcase 导航 title/desc 中文 '标签帖子'）|多语言/换肤场景文案无法翻译，en-US 下仍显示中文|抽为 i18n key（t() 渲染）|open|batch-2|
R4-00938|d:\6\恋爱小程序\apps\client\src\pages\showcase\index.vue|101|H|P2|用户可见中文文案未走 i18n（showcase 导航 title/desc 中文 '兴趣圈'）|多语言/换肤场景文案无法翻译，en-US 下仍显示中文|抽为 i18n key（t() 渲染）|open|batch-2|
R4-00939|d:\6\恋爱小程序\apps\client\src\pages\showcase\index.vue|102|H|P2|用户可见中文文案未走 i18n（showcase 导航 title/desc 中文 '话题列表'）|多语言/换肤场景文案无法翻译，en-US 下仍显示中文|抽为 i18n key（t() 渲染）|open|batch-2|
R4-00940|d:\6\恋爱小程序\apps\client\src\pages\showcase\index.vue|103|H|P2|用户可见中文文案未走 i18n（showcase 导航 title/desc 中文 '话题详情'）|多语言/换肤场景文案无法翻译，en-US 下仍显示中文|抽为 i18n key（t() 渲染）|open|batch-2|
R4-00941|d:\6\恋爱小程序\apps\client\src\pages\showcase\index.vue|104|H|P2|用户可见中文文案未走 i18n（showcase 导航 title/desc 中文 '发布话题'）|多语言/换肤场景文案无法翻译，en-US 下仍显示中文|抽为 i18n key（t() 渲染）|open|batch-2|
R4-00942|d:\6\恋爱小程序\apps\client\src\pages\showcase\index.vue|105|H|P2|用户可见中文文案未走 i18n（showcase 导航 title/desc 中文 '校园'）|多语言/换肤场景文案无法翻译，en-US 下仍显示中文|抽为 i18n key（t() 渲染）|open|batch-2|
R4-00943|d:\6\恋爱小程序\apps\client\src\pages\showcase\index.vue|106|H|P2|用户可见中文文案未走 i18n（showcase 导航 title/desc 中文 '校园发帖'）|多语言/换肤场景文案无法翻译，en-US 下仍显示中文|抽为 i18n key（t() 渲染）|open|batch-2|
R4-00944|d:\6\恋爱小程序\apps\client\src\pages\showcase\index.vue|107|H|P2|用户可见中文文案未走 i18n（showcase 导航 title/desc 中文 '校园话题详情'）|多语言/换肤场景文案无法翻译，en-US 下仍显示中文|抽为 i18n key（t() 渲染）|open|batch-2|
R4-00945|d:\6\恋爱小程序\apps\client\src\pages\showcase\index.vue|108|H|P2|用户可见中文文案未走 i18n（showcase 导航 title/desc 中文 '讨论圈'）|多语言/换肤场景文案无法翻译，en-US 下仍显示中文|抽为 i18n key（t() 渲染）|open|batch-2|
R4-00946|d:\6\恋爱小程序\apps\client\src\pages\showcase\index.vue|109|H|P2|用户可见中文文案未走 i18n（showcase 导航 title/desc 中文 '反馈历史'）|多语言/换肤场景文案无法翻译，en-US 下仍显示中文|抽为 i18n key（t() 渲染）|open|batch-2|
R4-00947|d:\6\恋爱小程序\apps\client\src\pages\showcase\index.vue|114|H|P2|用户可见中文文案未走 i18n（showcase 分组 title 中文 '商业化'）|多语言/换肤场景文案无法翻译，en-US 下仍显示中文|抽为 i18n key（t() 渲染）|open|batch-2|
R4-00948|d:\6\恋爱小程序\apps\client\src\pages\showcase\index.vue|115|H|P2|用户可见中文文案未走 i18n（showcase 分组 subtitle 中文 'VIP · 优惠码 · 逛逛'）|多语言/换肤场景文案无法翻译，en-US 下仍显示中文|抽为 i18n key（t() 渲染）|open|batch-2|
R4-00949|d:\6\恋爱小程序\apps\client\src\pages\showcase\index.vue|118|H|P2|用户可见中文文案未走 i18n（showcase 导航 title/desc 中文 '开通 VIP'）|多语言/换肤场景文案无法翻译，en-US 下仍显示中文|抽为 i18n key（t() 渲染）|open|batch-2|
R4-00950|d:\6\恋爱小程序\apps\client\src\pages\showcase\index.vue|119|H|P2|用户可见中文文案未走 i18n（showcase 导航 title/desc 中文 '我的钱包'）|多语言/换肤场景文案无法翻译，en-US 下仍显示中文|抽为 i18n key（t() 渲染）|open|batch-2|
R4-00951|d:\6\恋爱小程序\apps\client\src\pages\showcase\index.vue|120|H|P2|用户可见中文文案未走 i18n（showcase 导航 title/desc 中文 '优惠码'）|多语言/换肤场景文案无法翻译，en-US 下仍显示中文|抽为 i18n key（t() 渲染）|open|batch-2|
R4-00952|d:\6\恋爱小程序\apps\client\src\pages\showcase\index.vue|121|H|P2|用户可见中文文案未走 i18n（showcase 导航 title/desc 中文 '账单记录'）|多语言/换肤场景文案无法翻译，en-US 下仍显示中文|抽为 i18n key（t() 渲染）|open|batch-2|
R4-00953|d:\6\恋爱小程序\apps\client\src\pages\showcase\index.vue|122|H|P2|用户可见中文文案未走 i18n（showcase 导航 title/desc 中文 '逛逛'）|多语言/换肤场景文案无法翻译，en-US 下仍显示中文|抽为 i18n key（t() 渲染）|open|batch-2|
R4-00954|d:\6\恋爱小程序\apps\client\src\pages\showcase\index.vue|127|H|P2|用户可见中文文案未走 i18n（showcase 分组 title 中文 '个人中心与设置'）|多语言/换肤场景文案无法翻译，en-US 下仍显示中文|抽为 i18n key（t() 渲染）|open|batch-2|
R4-00955|d:\6\恋爱小程序\apps\client\src\pages\showcase\index.vue|128|H|P2|用户可见中文文案未走 i18n（showcase 分组 subtitle 中文 '我的 · 安全 · 帮助'）|多语言/换肤场景文案无法翻译，en-US 下仍显示中文|抽为 i18n key（t() 渲染）|open|batch-2|
R4-00956|d:\6\恋爱小程序\apps\client\src\pages\showcase\index.vue|131|H|P2|用户可见中文文案未走 i18n（showcase 导航 title/desc 中文 '我的'）|多语言/换肤场景文案无法翻译，en-US 下仍显示中文|抽为 i18n key（t() 渲染）|open|batch-2|
R4-00957|d:\6\恋爱小程序\apps\client\src\pages\showcase\index.vue|132|H|P2|用户可见中文文案未走 i18n（showcase 导航 title/desc 中文 '谁看过我'）|多语言/换肤场景文案无法翻译，en-US 下仍显示中文|抽为 i18n key（t() 渲染）|open|batch-2|
R4-00958|d:\6\恋爱小程序\apps\client\src\pages\showcase\index.vue|133|H|P2|用户可见中文文案未走 i18n（showcase 导航 title/desc 中文 '我的相册'）|多语言/换肤场景文案无法翻译，en-US 下仍显示中文|抽为 i18n key（t() 渲染）|open|batch-2|
R4-00959|d:\6\恋爱小程序\apps\client\src\pages\showcase\index.vue|134|H|P2|用户可见中文文案未走 i18n（showcase 导航 title/desc 中文 '任务中心'）|多语言/换肤场景文案无法翻译，en-US 下仍显示中文|抽为 i18n key（t() 渲染）|open|batch-2|
R4-00960|d:\6\恋爱小程序\apps\client\src\pages\showcase\index.vue|135|H|P2|用户可见中文文案未走 i18n（showcase 导航 title/desc 中文 '权限设置'）|多语言/换肤场景文案无法翻译，en-US 下仍显示中文|抽为 i18n key（t() 渲染）|open|batch-2|
R4-00961|d:\6\恋爱小程序\apps\client\src\pages\showcase\index.vue|136|H|P2|用户可见中文文案未走 i18n（showcase 导航 title/desc 中文 '设置'）|多语言/换肤场景文案无法翻译，en-US 下仍显示中文|抽为 i18n key（t() 渲染）|open|batch-2|
R4-00962|d:\6\恋爱小程序\apps\client\src\pages\showcase\index.vue|137|H|P2|用户可见中文文案未走 i18n（showcase 导航 title/desc 中文 '免打扰'）|多语言/换肤场景文案无法翻译，en-US 下仍显示中文|抽为 i18n key（t() 渲染）|open|batch-2|
R4-00963|d:\6\恋爱小程序\apps\client\src\pages\showcase\index.vue|138|H|P2|用户可见中文文案未走 i18n（showcase 导航 title/desc 中文 '反馈中心'）|多语言/换肤场景文案无法翻译，en-US 下仍显示中文|抽为 i18n key（t() 渲染）|open|batch-2|
R4-00964|d:\6\恋爱小程序\apps\client\src\pages\showcase\index.vue|139|H|P2|用户可见中文文案未走 i18n（showcase 导航 title/desc 中文 '隐私政策'）|多语言/换肤场景文案无法翻译，en-US 下仍显示中文|抽为 i18n key（t() 渲染）|open|batch-2|
R4-00965|d:\6\恋爱小程序\apps\client\src\pages\showcase\index.vue|140|H|P2|用户可见中文文案未走 i18n（showcase 导航 title/desc 中文 '用户协议'）|多语言/换肤场景文案无法翻译，en-US 下仍显示中文|抽为 i18n key（t() 渲染）|open|batch-2|
