R4-00293|d:\6\恋爱小程序\apps\api\src\main\java\com\campuslove\api\dto\DtoMapper.java|259-264|B|P1|toInstant 使用 ZoneId.systemDefault() 将 LocalDateTime 转 UTC Instant（DTO 声称 UTC 无歧义）|JVM 时区与 DB（Asia/Shanghai）不一致时全部时间戳偏移 8 小时|显式指定 Asia/Shanghai 时区转换|open|batch-2|
R4-01010|d:\6\恋爱小程序\apps\api\src\main\java\com\campuslove\api\campus\RealCampusService.java|140|B|P2|LocalDateTime.now() 未显式指定 ZoneId（JVM 默认时区）(LocalDateTime now = LocalDateTime.now()|JVM 时区与 DB Asia/Shanghai 不一致时，时间戳/窗口判断错位|统一时钟源（Clock/ZoneId），或至少注释声明时区契约|open|batch-2|
R4-01011|d:\6\恋爱小程序\apps\api\src\main\java\com\campuslove\api\campus\RealCampusService.java|179|B|P2|LocalDateTime.now() 未显式指定 ZoneId（JVM 默认时区）(LocalDateTime now = LocalDateTime.now()|JVM 时区与 DB Asia/Shanghai 不一致时，时间戳/窗口判断错位|统一时钟源（Clock/ZoneId），或至少注释声明时区契约|open|batch-2|
R4-01012|d:\6\恋爱小程序\apps\api\src\main\java\com\campuslove\api\campus\RealCampusCertificationService.java|88|B|P2|LocalDateTime.now() 未显式指定 ZoneId（JVM 默认时区）(existing.setSubmittedAt(LocalDateTime.)|JVM 时区与 DB Asia/Shanghai 不一致时，时间戳/窗口判断错位|统一时钟源（Clock/ZoneId），或至少注释声明时区契约|open|batch-2|
R4-01013|d:\6\恋爱小程序\apps\api\src\main\java\com\campuslove\api\campus\RealCampusCertificationService.java|103|B|P2|LocalDateTime.now() 未显式指定 ZoneId（JVM 默认时区）(certification.setSubmittedAt(LocalDate)|JVM 时区与 DB Asia/Shanghai 不一致时，时间戳/窗口判断错位|统一时钟源（Clock/ZoneId），或至少注释声明时区契约|open|batch-2|
R4-01014|d:\6\恋爱小程序\apps\api\src\main\java\com\campuslove\api\campus\RealCampusCertificationService.java|161|B|P2|LocalDateTime.now() 未显式指定 ZoneId（JVM 默认时区）(certification.setReviewedAt(LocalDateT)|JVM 时区与 DB Asia/Shanghai 不一致时，时间戳/窗口判断错位|统一时钟源（Clock/ZoneId），或至少注释声明时区契约|open|batch-2|
R4-01015|d:\6\恋爱小程序\apps\api\src\main\java\com\campuslove\api\chat\MockTempChatService.java|66|B|P2|Instant.now() 未显式指定 ZoneId（JVM 默认时区）(SessionState state = new SessionState()|JVM 时区与 DB Asia/Shanghai 不一致时，时间戳/窗口判断错位|统一时钟源（Clock/ZoneId），或至少注释声明时区契约|open|batch-2|
R4-01016|d:\6\恋爱小程序\apps\api\src\main\java\com\campuslove\api\chat\MockTempChatService.java|76|B|P2|Instant.now() 未显式指定 ZoneId（JVM 默认时区）(return new SessionState(person, newSes)|JVM 时区与 DB Asia/Shanghai 不一致时，时间戳/窗口判断错位|统一时钟源（Clock/ZoneId），或至少注释声明时区契约|open|batch-2|
R4-01017|d:\6\恋爱小程序\apps\api\src\main\java\com\campuslove\api\chat\MockTempChatService.java|105|B|P2|Instant.now() 未显式指定 ZoneId（JVM 默认时区）("m-" + Instant.now().toEpochMilli(),)|JVM 时区与 DB Asia/Shanghai 不一致时，时间戳/窗口判断错位|统一时钟源（Clock/ZoneId），或至少注释声明时区契约|open|batch-2|
R4-01018|d:\6\恋爱小程序\apps\api\src\main\java\com\campuslove\api\chat\MockTempChatService.java|109|B|P2|Instant.now() 未显式指定 ZoneId（JVM 默认时区）(Instant.now().toString(),)|JVM 时区与 DB Asia/Shanghai 不一致时，时间戳/窗口判断错位|统一时钟源（Clock/ZoneId），或至少注释声明时区契约|open|batch-2|
R4-01019|d:\6\恋爱小程序\apps\api\src\main\java\com\campuslove\api\chat\MockTempChatService.java|185|B|P2|Instant.now() 未显式指定 ZoneId（JVM 默认时区）(Instant.now().toString(),)|JVM 时区与 DB Asia/Shanghai 不一致时，时间戳/窗口判断错位|统一时钟源（Clock/ZoneId），或至少注释声明时区契约|open|batch-2|
R4-01020|d:\6\恋爱小程序\apps\api\src\main\java\com\campuslove\api\chat\MockTempChatService.java|275|B|P2|Instant.now() 未显式指定 ZoneId（JVM 默认时区）(sessionsById.put(sessionId, new Sessio)|JVM 时区与 DB Asia/Shanghai 不一致时，时间戳/窗口判断错位|统一时钟源（Clock/ZoneId），或至少注释声明时区契约|open|batch-2|
R4-01021|d:\6\恋爱小程序\apps\api\src\main\java\com\campuslove\api\chat\MockTempChatService.java|292|B|P2|Instant.now() 未显式指定 ZoneId（JVM 默认时区）(Instant.now().plusSeconds(24 * 60 * 60)|JVM 时区与 DB Asia/Shanghai 不一致时，时间戳/窗口判断错位|统一时钟源（Clock/ZoneId），或至少注释声明时区契约|open|batch-2|
R4-01022|d:\6\恋爱小程序\apps\api\src\main\java\com\campuslove\api\chat\RealNotificationService.java|263|B|P2|LocalDateTime.now() 未显式指定 ZoneId（JVM 默认时区）(notification.setCreatedAt(LocalDateTim)|JVM 时区与 DB Asia/Shanghai 不一致时，时间戳/窗口判断错位|统一时钟源（Clock/ZoneId），或至少注释声明时区契约|open|batch-2|
R4-01023|d:\6\恋爱小程序\apps\api\src\main\java\com\campuslove\api\clientconfig\ClientDbConfigController.java|142|B|P2|LocalDateTime.now() 未显式指定 ZoneId（JVM 默认时区）(LocalDateTime now = LocalDateTime.now()|JVM 时区与 DB Asia/Shanghai 不一致时，时间戳/窗口判断错位|统一时钟源（Clock/ZoneId），或至少注释声明时区契约|open|batch-2|
R4-01024|d:\6\恋爱小程序\apps\api\src\main\java\com\campuslove\api\chat\RealInteractionEventService.java|74|B|P2|LocalDateTime.now() 未显式指定 ZoneId（JVM 默认时区）(event.setCreatedAt(LocalDateTime.now())|JVM 时区与 DB Asia/Shanghai 不一致时，时间戳/窗口判断错位|统一时钟源（Clock/ZoneId），或至少注释声明时区契约|open|batch-2|
R4-01025|d:\6\恋爱小程序\apps\api\src\main\java\com\campuslove\api\auth\AppleIdentityTokenVerifier.java|112|B|P2|Instant.now() 未显式指定 ZoneId（JVM 默认时区）(Instant now = Instant.now();)|JVM 时区与 DB Asia/Shanghai 不一致时，时间戳/窗口判断错位|统一时钟源（Clock/ZoneId），或至少注释声明时区契约|open|batch-2|
R4-01026|d:\6\恋爱小程序\apps\api\src\main\java\com\campuslove\api\chat\TempChatCleanupService.java|109|B|P2|LocalDateTime.now() 未显式指定 ZoneId（JVM 默认时区）(LocalDateTime now = LocalDateTime.now()|JVM 时区与 DB Asia/Shanghai 不一致时，时间戳/窗口判断错位|统一时钟源（Clock/ZoneId），或至少注释声明时区契约|open|batch-2|
R4-01027|d:\6\恋爱小程序\apps\api\src\main\java\com\campuslove\api\chat\TempChatCleanupService.java|187|B|P2|LocalDateTime.now() 未显式指定 ZoneId（JVM 默认时区）(LocalDateTime now = LocalDateTime.now()|JVM 时区与 DB Asia/Shanghai 不一致时，时间戳/窗口判断错位|统一时钟源（Clock/ZoneId），或至少注释声明时区契约|open|batch-2|
R4-01028|d:\6\恋爱小程序\apps\api\src\main\java\com\campuslove\api\chat\TempChatCleanupService.java|202|B|P2|LocalDateTime.now() 未显式指定 ZoneId（JVM 默认时区）(exchange.setUpdatedAt(LocalDateTime.no)|JVM 时区与 DB Asia/Shanghai 不一致时，时间戳/窗口判断错位|统一时钟源（Clock/ZoneId），或至少注释声明时区契约|open|batch-2|
R4-01029|d:\6\恋爱小程序\apps\api\src\main\java\com\campuslove\api\chat\VoiceMessageService.java|142|B|P2|LocalDate.now() 未显式指定 ZoneId（JVM 默认时区）(String yyyyMM = LocalDate.now().format)|JVM 时区与 DB Asia/Shanghai 不一致时，时间戳/窗口判断错位|统一时钟源（Clock/ZoneId），或至少注释声明时区契约|open|batch-2|
R4-01030|d:\6\恋爱小程序\apps\api\src\main\java\com\campuslove\api\chat\RealPrivateMessageService.java|135|B|P2|LocalDateTime.now() 未显式指定 ZoneId（JVM 默认时区）(LocalDateTime now = LocalDateTime.now()|JVM 时区与 DB Asia/Shanghai 不一致时，时间戳/窗口判断错位|统一时钟源（Clock/ZoneId），或至少注释声明时区契约|open|batch-2|
R4-01031|d:\6\恋爱小程序\apps\api\src\main\java\com\campuslove\api\chat\RealPrivateMessageService.java|171|B|P2|LocalDateTime.now() 未显式指定 ZoneId（JVM 默认时区）(LocalDateTime now = LocalDateTime.now()|JVM 时区与 DB Asia/Shanghai 不一致时，时间戳/窗口判断错位|统一时钟源（Clock/ZoneId），或至少注释声明时区契约|open|batch-2|
R4-01032|d:\6\恋爱小程序\apps\api\src\main\java\com\campuslove\api\chat\RealPrivateMessageService.java|298|B|P2|LocalDateTime.now() 未显式指定 ZoneId（JVM 默认时区）(conversation.setUpdatedAt(LocalDateTim)|JVM 时区与 DB Asia/Shanghai 不一致时，时间戳/窗口判断错位|统一时钟源（Clock/ZoneId），或至少注释声明时区契约|open|batch-2|
R4-01033|d:\6\恋爱小程序\apps\api\src\main\java\com\campuslove\api\chat\VideoCallService.java|98|B|P2|LocalDateTime.now() 未显式指定 ZoneId（JVM 默认时区）(java.time.LocalDateTime now = java.tim)|JVM 时区与 DB Asia/Shanghai 不一致时，时间戳/窗口判断错位|统一时钟源（Clock/ZoneId），或至少注释声明时区契约|open|batch-2|
R4-01034|d:\6\恋爱小程序\apps\api\src\main\java\com\campuslove\api\chat\VideoCallService.java|172|B|P2|LocalDateTime.now() 未显式指定 ZoneId（JVM 默认时区）(java.time.LocalDateTime now = java.tim)|JVM 时区与 DB Asia/Shanghai 不一致时，时间戳/窗口判断错位|统一时钟源（Clock/ZoneId），或至少注释声明时区契约|open|batch-2|
R4-01035|d:\6\恋爱小程序\apps\api\src\main\java\com\campuslove\api\chat\TempChatSessionService.java|160|B|P2|LocalDateTime.now() 未显式指定 ZoneId（JVM 默认时区）(LocalDateTime now = LocalDateTime.now()|JVM 时区与 DB Asia/Shanghai 不一致时，时间戳/窗口判断错位|统一时钟源（Clock/ZoneId），或至少注释声明时区契约|open|batch-2|
R4-01036|d:\6\恋爱小程序\apps\api\src\main\java\com\campuslove\api\chat\TempChatSessionService.java|227|B|P2|LocalDateTime.now() 未显式指定 ZoneId（JVM 默认时区）(LocalDateTime now = LocalDateTime.now()|JVM 时区与 DB Asia/Shanghai 不一致时，时间戳/窗口判断错位|统一时钟源（Clock/ZoneId），或至少注释声明时区契约|open|batch-2|
R4-01037|d:\6\恋爱小程序\apps\api\src\main\java\com\campuslove\api\chat\TempChatSessionService.java|252|B|P2|LocalDateTime.now() 未显式指定 ZoneId（JVM 默认时区）(session.setUpdatedAt(LocalDateTime.now)|JVM 时区与 DB Asia/Shanghai 不一致时，时间戳/窗口判断错位|统一时钟源（Clock/ZoneId），或至少注释声明时区契约|open|batch-2|
R4-01038|d:\6\恋爱小程序\apps\api\src\main\java\com\campuslove\api\chat\TempChatSessionService.java|266|B|P2|LocalDateTime.now() 未显式指定 ZoneId（JVM 默认时区）(session.setUpdatedAt(LocalDateTime.now)|JVM 时区与 DB Asia/Shanghai 不一致时，时间戳/窗口判断错位|统一时钟源（Clock/ZoneId），或至少注释声明时区契约|open|batch-2|
R4-01039|d:\6\恋爱小程序\apps\api\src\main\java\com\campuslove\api\chat\TempChatSessionService.java|284|B|P2|LocalDateTime.now() 未显式指定 ZoneId（JVM 默认时区）(session.setUpdatedAt(LocalDateTime.now)|JVM 时区与 DB Asia/Shanghai 不一致时，时间戳/窗口判断错位|统一时钟源（Clock/ZoneId），或至少注释声明时区契约|open|batch-2|
R4-01040|d:\6\恋爱小程序\apps\api\src\main\java\com\campuslove\api\chat\TempChatSessionService.java|387|B|P2|LocalDateTime.now() 未显式指定 ZoneId（JVM 默认时区）(return session.getClosesAt() != null &)|JVM 时区与 DB Asia/Shanghai 不一致时，时间戳/窗口判断错位|统一时钟源（Clock/ZoneId），或至少注释声明时区契约|open|batch-2|
R4-01041|d:\6\恋爱小程序\apps\api\src\main\java\com\campuslove\api\chat\TempChatSessionService.java|401|B|P2|LocalDateTime.now() 未显式指定 ZoneId（JVM 默认时区）(session.setUpdatedAt(LocalDateTime.now)|JVM 时区与 DB Asia/Shanghai 不一致时，时间戳/窗口判断错位|统一时钟源（Clock/ZoneId），或至少注释声明时区契约|open|batch-2|
R4-01042|d:\6\恋爱小程序\apps\api\src\main\java\com\campuslove\api\auth\ThirdPartyAuthService.java|175|B|P2|LocalDateTime.now() 未显式指定 ZoneId（JVM 默认时区）(LocalDateTime now = LocalDateTime.now()|JVM 时区与 DB Asia/Shanghai 不一致时，时间戳/窗口判断错位|统一时钟源（Clock/ZoneId），或至少注释声明时区契约|open|batch-2|
R4-01043|d:\6\恋爱小程序\apps\api\src\main\java\com\campuslove\api\auth\ThirdPartyAuthService.java|252|B|P2|LocalDateTime.now() 未显式指定 ZoneId（JVM 默认时区）(account.setCreatedAt(LocalDateTime.now)|JVM 时区与 DB Asia/Shanghai 不一致时，时间戳/窗口判断错位|统一时钟源（Clock/ZoneId），或至少注释声明时区契约|open|batch-2|
R4-01044|d:\6\恋爱小程序\apps\api\src\main\java\com\campuslove\api\chat\TempChatMessageService.java|101|B|P2|LocalDateTime.now() 未显式指定 ZoneId（JVM 默认时区）(LocalDateTime now = LocalDateTime.now()|JVM 时区与 DB Asia/Shanghai 不一致时，时间戳/窗口判断错位|统一时钟源（Clock/ZoneId），或至少注释声明时区契约|open|batch-2|
R4-01045|d:\6\恋爱小程序\apps\api\src\main\java\com\campuslove\api\chat\TempChatMessageService.java|268|B|P2|LocalDateTime.now() 未显式指定 ZoneId（JVM 默认时区）(&& message.getCreatedAt().isBefore(Loc)|JVM 时区与 DB Asia/Shanghai 不一致时，时间戳/窗口判断错位|统一时钟源（Clock/ZoneId），或至少注释声明时区契约|open|batch-2|
R4-01046|d:\6\恋爱小程序\apps\api\src\main\java\com\campuslove\api\admin\AdminCampusTopicController.java|172|B|P2|LocalDateTime.now() 未显式指定 ZoneId（JVM 默认时区）(topic.setAuditedAt(LocalDateTime.now())|JVM 时区与 DB Asia/Shanghai 不一致时，时间戳/窗口判断错位|统一时钟源（Clock/ZoneId），或至少注释声明时区契约|open|batch-2|
R4-01047|d:\6\恋爱小程序\apps\api\src\main\java\com\campuslove\api\admin\AdminCampusTopicController.java|173|B|P2|LocalDateTime.now() 未显式指定 ZoneId（JVM 默认时区）(topic.setUpdatedAt(LocalDateTime.now())|JVM 时区与 DB Asia/Shanghai 不一致时，时间戳/窗口判断错位|统一时钟源（Clock/ZoneId），或至少注释声明时区契约|open|batch-2|
R4-01048|d:\6\恋爱小程序\apps\api\src\main\java\com\campuslove\api\admin\AdminCampusTopicController.java|222|B|P2|LocalDateTime.now() 未显式指定 ZoneId（JVM 默认时区）(topic.setUpdatedAt(LocalDateTime.now())|JVM 时区与 DB Asia/Shanghai 不一致时，时间戳/窗口判断错位|统一时钟源（Clock/ZoneId），或至少注释声明时区契约|open|batch-2|
R4-01049|d:\6\恋爱小程序\apps\api\src\main\java\com\campuslove\api\config\GlobalExceptionHandler.java|772|B|P2|Instant.now() 未显式指定 ZoneId（JVM 默认时区）(body.put("timestamp", Instant.now().to)|JVM 时区与 DB Asia/Shanghai 不一致时，时间戳/窗口判断错位|统一时钟源（Clock/ZoneId），或至少注释声明时区契约|open|batch-2|
R4-01050|d:\6\恋爱小程序\apps\api\src\main\java\com\campuslove\api\auth\RealAuthService.java|339|B|P2|LocalDateTime.now() 未显式指定 ZoneId（JVM 默认时区）(LocalDateTime now = LocalDateTime.now()|JVM 时区与 DB Asia/Shanghai 不一致时，时间戳/窗口判断错位|统一时钟源（Clock/ZoneId），或至少注释声明时区契约|open|batch-2|
R4-01051|d:\6\恋爱小程序\apps\api\src\main\java\com\campuslove\api\auth\RealAuthService.java|465|B|P2|LocalDateTime.now() 未显式指定 ZoneId（JVM 默认时区）(user.setCreatedAt(java.time.LocalDateT)|JVM 时区与 DB Asia/Shanghai 不一致时，时间戳/窗口判断错位|统一时钟源（Clock/ZoneId），或至少注释声明时区契约|open|batch-2|
R4-01052|d:\6\恋爱小程序\apps\api\src\main\java\com\campuslove\api\auth\RealAuthService.java|466|B|P2|LocalDateTime.now() 未显式指定 ZoneId（JVM 默认时区）(user.setUpdatedAt(java.time.LocalDateT)|JVM 时区与 DB Asia/Shanghai 不一致时，时间戳/窗口判断错位|统一时钟源（Clock/ZoneId），或至少注释声明时区契约|open|batch-2|
R4-01053|d:\6\恋爱小程序\apps\api\src\main\java\com\campuslove\api\auth\RealAuthService.java|552|B|P2|LocalDateTime.now() 未显式指定 ZoneId（JVM 默认时区）(user.setCreatedAt(LocalDateTime.now()))|JVM 时区与 DB Asia/Shanghai 不一致时，时间戳/窗口判断错位|统一时钟源（Clock/ZoneId），或至少注释声明时区契约|open|batch-2|
R4-01054|d:\6\恋爱小程序\apps\api\src\main\java\com\campuslove\api\auth\RealAuthService.java|553|B|P2|LocalDateTime.now() 未显式指定 ZoneId（JVM 默认时区）(user.setUpdatedAt(LocalDateTime.now()))|JVM 时区与 DB Asia/Shanghai 不一致时，时间戳/窗口判断错位|统一时钟源（Clock/ZoneId），或至少注释声明时区契约|open|batch-2|
R4-01055|d:\6\恋爱小程序\apps\api\src\main\java\com\campuslove\api\auth\RealAuthService.java|773|B|P2|LocalDateTime.now() 未显式指定 ZoneId（JVM 默认时区）(user.setUpdatedAt(LocalDateTime.now()))|JVM 时区与 DB Asia/Shanghai 不一致时，时间戳/窗口判断错位|统一时钟源（Clock/ZoneId），或至少注释声明时区契约|open|batch-2|
R4-01056|d:\6\恋爱小程序\apps\api\src\main\java\com\campuslove\api\admin\AdminAuditLogService.java|56|B|P2|LocalDateTime.now() 未显式指定 ZoneId（JVM 默认时区）(auditLog.setCreatedAt(LocalDateTime.no)|JVM 时区与 DB Asia/Shanghai 不一致时，时间戳/窗口判断错位|统一时钟源（Clock/ZoneId），或至少注释声明时区契约|open|batch-2|
R4-01057|d:\6\恋爱小程序\apps\api\src\main\java\com\campuslove\api\admin\AdminAccountController.java|117|B|P2|LocalDateTime.now() 未显式指定 ZoneId（JVM 默认时区）(admin.setUpdatedAt(LocalDateTime.now())|JVM 时区与 DB Asia/Shanghai 不一致时，时间戳/窗口判断错位|统一时钟源（Clock/ZoneId），或至少注释声明时区契约|open|batch-2|
R4-01058|d:\6\恋爱小程序\apps\api\src\main\java\com\campuslove\api\admin\AdminActivityController.java|254|B|P2|LocalDateTime.now() 未显式指定 ZoneId（JVM 默认时区）(activity.setUpdatedAt(LocalDateTime.no)|JVM 时区与 DB Asia/Shanghai 不一致时，时间戳/窗口判断错位|统一时钟源（Clock/ZoneId），或至少注释声明时区契约|open|batch-2|
R4-01059|d:\6\恋爱小程序\apps\api\src\main\java\com\campuslove\api\admin\AdminActivityController.java|432|B|P2|LocalDateTime.now() 未显式指定 ZoneId（JVM 默认时区）(activity.setUpdatedAt(LocalDateTime.no)|JVM 时区与 DB Asia/Shanghai 不一致时，时间戳/窗口判断错位|统一时钟源（Clock/ZoneId），或至少注释声明时区契约|open|batch-2|
R4-01060|d:\6\恋爱小程序\apps\api\src\main\java\com\campuslove\api\admin\AdminNotifyConfigController.java|89|B|P2|LocalDateTime.now() 未显式指定 ZoneId（JVM 默认时区）(LocalDateTime now = LocalDateTime.now()|JVM 时区与 DB Asia/Shanghai 不一致时，时间戳/窗口判断错位|统一时钟源（Clock/ZoneId），或至少注释声明时区契约|open|batch-2|
R4-01061|d:\6\恋爱小程序\apps\api\src\main\java\com\campuslove\api\admin\AdminPromoCodeController.java|238|B|P2|LocalDateTime.now() 未显式指定 ZoneId（JVM 默认时区）(String filename = "promo_codes_" + Dat)|JVM 时区与 DB Asia/Shanghai 不一致时，时间戳/窗口判断错位|统一时钟源（Clock/ZoneId），或至少注释声明时区契约|open|batch-2|
R4-01062|d:\6\恋爱小程序\apps\api\src\main\java\com\campuslove\api\admin\AdminDictController.java|137|B|P2|LocalDateTime.now() 未显式指定 ZoneId（JVM 默认时区）(LocalDateTime now = LocalDateTime.now()|JVM 时区与 DB Asia/Shanghai 不一致时，时间戳/窗口判断错位|统一时钟源（Clock/ZoneId），或至少注释声明时区契约|open|batch-2|
R4-01063|d:\6\恋爱小程序\apps\api\src\main\java\com\campuslove\api\admin\AdminDictController.java|182|B|P2|LocalDateTime.now() 未显式指定 ZoneId（JVM 默认时区）(dict.setUpdatedAt(LocalDateTime.now()))|JVM 时区与 DB Asia/Shanghai 不一致时，时间戳/窗口判断错位|统一时钟源（Clock/ZoneId），或至少注释声明时区契约|open|batch-2|
R4-01064|d:\6\恋爱小程序\apps\api\src\main\java\com\campuslove\api\admin\AdminDictController.java|237|B|P2|LocalDateTime.now() 未显式指定 ZoneId（JVM 默认时区）(LocalDateTime now = LocalDateTime.now()|JVM 时区与 DB Asia/Shanghai 不一致时，时间戳/窗口判断错位|统一时钟源（Clock/ZoneId），或至少注释声明时区契约|open|batch-2|
R4-01065|d:\6\恋爱小程序\apps\api\src\main\java\com\campuslove\api\admin\AdminDictController.java|278|B|P2|LocalDateTime.now() 未显式指定 ZoneId（JVM 默认时区）(item.setUpdatedAt(LocalDateTime.now()))|JVM 时区与 DB Asia/Shanghai 不一致时，时间戳/窗口判断错位|统一时钟源（Clock/ZoneId），或至少注释声明时区契约|open|batch-2|
R4-01066|d:\6\恋爱小程序\apps\api\src\main\java\com\campuslove\api\config\SensitiveWordFilter.java|165|B|P2|LocalDateTime.now() 未显式指定 ZoneId（JVM 默认时区）(userId, scene, java.time.LocalDateTime)|JVM 时区与 DB Asia/Shanghai 不一致时，时间戳/窗口判断错位|统一时钟源（Clock/ZoneId），或至少注释声明时区契约|open|batch-2|
R4-01067|d:\6\恋爱小程序\apps\api\src\main\java\com\campuslove\api\admin\AdminMenuController.java|150|B|P2|LocalDateTime.now() 未显式指定 ZoneId（JVM 默认时区）(LocalDateTime now = LocalDateTime.now()|JVM 时区与 DB Asia/Shanghai 不一致时，时间戳/窗口判断错位|统一时钟源（Clock/ZoneId），或至少注释声明时区契约|open|batch-2|
R4-01068|d:\6\恋爱小程序\apps\api\src\main\java\com\campuslove\api\admin\AdminMenuController.java|196|B|P2|LocalDateTime.now() 未显式指定 ZoneId（JVM 默认时区）(menu.setUpdatedAt(LocalDateTime.now()))|JVM 时区与 DB Asia/Shanghai 不一致时，时间戳/窗口判断错位|统一时钟源（Clock/ZoneId），或至少注释声明时区契约|open|batch-2|
R4-01069|d:\6\恋爱小程序\apps\api\src\main\java\com\campuslove\api\admin\AdminPostController.java|167|B|P2|LocalDateTime.now() 未显式指定 ZoneId（JVM 默认时区）(post.setAuditedAt(LocalDateTime.now()))|JVM 时区与 DB Asia/Shanghai 不一致时，时间戳/窗口判断错位|统一时钟源（Clock/ZoneId），或至少注释声明时区契约|open|batch-2|
R4-01070|d:\6\恋爱小程序\apps\api\src\main\java\com\campuslove\api\admin\AdminPostController.java|168|B|P2|LocalDateTime.now() 未显式指定 ZoneId（JVM 默认时区）(post.setUpdatedAt(LocalDateTime.now()))|JVM 时区与 DB Asia/Shanghai 不一致时，时间戳/窗口判断错位|统一时钟源（Clock/ZoneId），或至少注释声明时区契约|open|batch-2|
R4-01071|d:\6\恋爱小程序\apps\api\src\main\java\com\campuslove\api\admin\AdminPostController.java|212|B|P2|LocalDateTime.now() 未显式指定 ZoneId（JVM 默认时区）(post.setUpdatedAt(LocalDateTime.now()))|JVM 时区与 DB Asia/Shanghai 不一致时，时间戳/窗口判断错位|统一时钟源（Clock/ZoneId），或至少注释声明时区契约|open|batch-2|
R4-01072|d:\6\恋爱小程序\apps\api\src\main\java\com\campuslove\api\admin\AdminReportController.java|192|B|P2|LocalDateTime.now() 未显式指定 ZoneId（JVM 默认时区）(report.setHandledAt(LocalDateTime.now()|JVM 时区与 DB Asia/Shanghai 不一致时，时间戳/窗口判断错位|统一时钟源（Clock/ZoneId），或至少注释声明时区契约|open|batch-2|
R4-01073|d:\6\恋爱小程序\apps\api\src\main\java\com\campuslove\api\admin\AdminSchoolController.java|146|B|P2|LocalDateTime.now() 未显式指定 ZoneId（JVM 默认时区）(LocalDateTime now = LocalDateTime.now()|JVM 时区与 DB Asia/Shanghai 不一致时，时间戳/窗口判断错位|统一时钟源（Clock/ZoneId），或至少注释声明时区契约|open|batch-2|
R4-01074|d:\6\恋爱小程序\apps\api\src\main\java\com\campuslove\api\admin\AdminSchoolController.java|194|B|P2|LocalDateTime.now() 未显式指定 ZoneId（JVM 默认时区）(school.setUpdatedAt(LocalDateTime.now()|JVM 时区与 DB Asia/Shanghai 不一致时，时间戳/窗口判断错位|统一时钟源（Clock/ZoneId），或至少注释声明时区契约|open|batch-2|
R4-01075|d:\6\恋爱小程序\apps\api\src\main\java\com\campuslove\api\admin\AdminSchoolController.java|224|B|P2|LocalDateTime.now() 未显式指定 ZoneId（JVM 默认时区）(school.setUpdatedAt(LocalDateTime.now()|JVM 时区与 DB Asia/Shanghai 不一致时，时间戳/窗口判断错位|统一时钟源（Clock/ZoneId），或至少注释声明时区契约|open|batch-2|
R4-01076|d:\6\恋爱小程序\apps\api\src\main\java\com\campuslove\api\admin\AdminRoleController.java|132|B|P2|LocalDateTime.now() 未显式指定 ZoneId（JVM 默认时区）(LocalDateTime now = LocalDateTime.now()|JVM 时区与 DB Asia/Shanghai 不一致时，时间戳/窗口判断错位|统一时钟源（Clock/ZoneId），或至少注释声明时区契约|open|batch-2|
R4-01077|d:\6\恋爱小程序\apps\api\src\main\java\com\campuslove\api\admin\AdminRoleController.java|169|B|P2|LocalDateTime.now() 未显式指定 ZoneId（JVM 默认时区）(role.setUpdatedAt(LocalDateTime.now()))|JVM 时区与 DB Asia/Shanghai 不一致时，时间戳/窗口判断错位|统一时钟源（Clock/ZoneId），或至少注释声明时区契约|open|batch-2|
R4-01078|d:\6\恋爱小程序\apps\api\src\main\java\com\campuslove\api\admin\AdminShopController.java|145|B|P2|LocalDateTime.now() 未显式指定 ZoneId（JVM 默认时区）(LocalDateTime now = LocalDateTime.now()|JVM 时区与 DB Asia/Shanghai 不一致时，时间戳/窗口判断错位|统一时钟源（Clock/ZoneId），或至少注释声明时区契约|open|batch-2|
R4-01079|d:\6\恋爱小程序\apps\api\src\main\java\com\campuslove\api\admin\AdminShopController.java|200|B|P2|LocalDateTime.now() 未显式指定 ZoneId（JVM 默认时区）(item.setUpdatedAt(LocalDateTime.now()))|JVM 时区与 DB Asia/Shanghai 不一致时，时间戳/窗口判断错位|统一时钟源（Clock/ZoneId），或至少注释声明时区契约|open|batch-2|
R4-01080|d:\6\恋爱小程序\apps\api\src\main\java\com\campuslove\api\admin\AdminShopController.java|225|B|P2|LocalDateTime.now() 未显式指定 ZoneId（JVM 默认时区）(item.setUpdatedAt(LocalDateTime.now()))|JVM 时区与 DB Asia/Shanghai 不一致时，时间戳/窗口判断错位|统一时钟源（Clock/ZoneId），或至少注释声明时区契约|open|batch-2|
R4-01081|d:\6\恋爱小程序\apps\api\src\main\java\com\campuslove\api\admin\AdminShopController.java|250|B|P2|LocalDateTime.now() 未显式指定 ZoneId（JVM 默认时区）(item.setUpdatedAt(LocalDateTime.now()))|JVM 时区与 DB Asia/Shanghai 不一致时，时间戳/窗口判断错位|统一时钟源（Clock/ZoneId），或至少注释声明时区契约|open|batch-2|
R4-01082|d:\6\恋爱小程序\apps\api\src\main\java\com\campuslove\api\admin\AdminSensitiveWordController.java|119|B|P2|LocalDateTime.now() 未显式指定 ZoneId（JVM 默认时区）(entity.setCreatedAt(LocalDateTime.now()|JVM 时区与 DB Asia/Shanghai 不一致时，时间戳/窗口判断错位|统一时钟源（Clock/ZoneId），或至少注释声明时区契约|open|batch-2|
R4-01083|d:\6\恋爱小程序\apps\api\src\main\java\com\campuslove\api\config\JwtTokenProvider.java|113|B|P2|Instant.now() 未显式指定 ZoneId（JVM 默认时区）(Instant now = Instant.now();)|JVM 时区与 DB Asia/Shanghai 不一致时，时间戳/窗口判断错位|统一时钟源（Clock/ZoneId），或至少注释声明时区契约|open|batch-2|
R4-01084|d:\6\恋爱小程序\apps\api\src\main\java\com\campuslove\api\config\JwtTokenProvider.java|176|B|P2|Instant.now() 未显式指定 ZoneId（JVM 默认时区）(long remainingMs = expiration.toEpochM)|JVM 时区与 DB Asia/Shanghai 不一致时，时间戳/窗口判断错位|统一时钟源（Clock/ZoneId），或至少注释声明时区契约|open|batch-2|
R4-01085|d:\6\恋爱小程序\apps\api\src\main\java\com\campuslove\api\config\JwtTokenProvider.java|306|B|P2|Instant.now() 未显式指定 ZoneId（JVM 默认时区）(long remainingMs = expiration.toEpochM)|JVM 时区与 DB Asia/Shanghai 不一致时，时间戳/窗口判断错位|统一时钟源（Clock/ZoneId），或至少注释声明时区契约|open|batch-2|
R4-01086|d:\6\恋爱小程序\apps\api\src\main\java\com\campuslove\api\config\JwtTokenProvider.java|417|B|P2|Instant.now() 未显式指定 ZoneId（JVM 默认时区）(if (expiration == null 或 expiration.i)|JVM 时区与 DB Asia/Shanghai 不一致时，时间戳/窗口判断错位|统一时钟源（Clock/ZoneId），或至少注释声明时区契约|open|batch-2|
R4-01087|d:\6\恋爱小程序\apps\api\src\main\java\com\campuslove\api\admin\AdminUserController.java|135|B|P2|LocalDateTime.now() 未显式指定 ZoneId（JVM 默认时区）(LocalDateTime now = LocalDateTime.now()|JVM 时区与 DB Asia/Shanghai 不一致时，时间戳/窗口判断错位|统一时钟源（Clock/ZoneId），或至少注释声明时区契约|open|batch-2|
R4-01088|d:\6\恋爱小程序\apps\api\src\main\java\com\campuslove\api\admin\AdminUserController.java|205|B|P2|LocalDateTime.now() 未显式指定 ZoneId（JVM 默认时区）(LocalDateTime now = LocalDateTime.now()|JVM 时区与 DB Asia/Shanghai 不一致时，时间戳/窗口判断错位|统一时钟源（Clock/ZoneId），或至少注释声明时区契约|open|batch-2|
R4-01089|d:\6\恋爱小程序\apps\api\src\main\java\com\campuslove\api\admin\AdminUserController.java|405|B|P2|LocalDateTime.now() 未显式指定 ZoneId（JVM 默认时区）(user.setUpdatedAt(LocalDateTime.now()))|JVM 时区与 DB Asia/Shanghai 不一致时，时间戳/窗口判断错位|统一时钟源（Clock/ZoneId），或至少注释声明时区契约|open|batch-2|
R4-01090|d:\6\恋爱小程序\apps\api\src\main\java\com\campuslove\api\admin\AdminUserController.java|471|B|P2|LocalDateTime.now() 未显式指定 ZoneId（JVM 默认时区）(user.setUpdatedAt(LocalDateTime.now()))|JVM 时区与 DB Asia/Shanghai 不一致时，时间戳/窗口判断错位|统一时钟源（Clock/ZoneId），或至少注释声明时区契约|open|batch-2|
R4-01091|d:\6\恋爱小程序\apps\api\src\main\java\com\campuslove\api\wallet\WalletServiceImpl.java|151|B|P2|LocalDateTime.now() 未显式指定 ZoneId（JVM 默认时区）(wallet.setUpdatedAt(LocalDateTime.now()|JVM 时区与 DB Asia/Shanghai 不一致时，时间戳/窗口判断错位|统一时钟源（Clock/ZoneId），或至少注释声明时区契约|open|batch-2|
R4-01092|d:\6\恋爱小程序\apps\api\src\main\java\com\campuslove\api\wallet\WalletServiceImpl.java|224|B|P2|LocalDateTime.now() 未显式指定 ZoneId（JVM 默认时区）(wallet.setUpdatedAt(LocalDateTime.now()|JVM 时区与 DB Asia/Shanghai 不一致时，时间戳/窗口判断错位|统一时钟源（Clock/ZoneId），或至少注释声明时区契约|open|batch-2|
R4-01093|d:\6\恋爱小程序\apps\api\src\main\java\com\campuslove\api\wallet\WalletServiceImpl.java|301|B|P2|LocalDateTime.now() 未显式指定 ZoneId（JVM 默认时区）(LocalDateTime now = LocalDateTime.now()|JVM 时区与 DB Asia/Shanghai 不一致时，时间戳/窗口判断错位|统一时钟源（Clock/ZoneId），或至少注释声明时区契约|open|batch-2|
R4-01094|d:\6\恋爱小程序\apps\api\src\main\java\com\campuslove\api\wallet\WalletServiceImpl.java|344|B|P2|LocalDateTime.now() 未显式指定 ZoneId（JVM 默认时区）(LocalDateTime now = LocalDateTime.now()|JVM 时区与 DB Asia/Shanghai 不一致时，时间戳/窗口判断错位|统一时钟源（Clock/ZoneId），或至少注释声明时区契约|open|batch-2|
R4-01095|d:\6\恋爱小程序\apps\api\src\main\java\com\campuslove\api\admin\AdminVillagePostController.java|220|B|P2|LocalDateTime.now() 未显式指定 ZoneId（JVM 默认时区）(post.setAuditedAt(LocalDateTime.now()))|JVM 时区与 DB Asia/Shanghai 不一致时，时间戳/窗口判断错位|统一时钟源（Clock/ZoneId），或至少注释声明时区契约|open|batch-2|
R4-01096|d:\6\恋爱小程序\apps\api\src\main\java\com\campuslove\api\admin\AdminVillagePostController.java|221|B|P2|LocalDateTime.now() 未显式指定 ZoneId（JVM 默认时区）(post.setUpdatedAt(LocalDateTime.now()))|JVM 时区与 DB Asia/Shanghai 不一致时，时间戳/窗口判断错位|统一时钟源（Clock/ZoneId），或至少注释声明时区契约|open|batch-2|
R4-01097|d:\6\恋爱小程序\apps\api\src\main\java\com\campuslove\api\admin\AdminVillagePostController.java|288|B|P2|LocalDateTime.now() 未显式指定 ZoneId（JVM 默认时区）(post.setUpdatedAt(LocalDateTime.now()))|JVM 时区与 DB Asia/Shanghai 不一致时，时间戳/窗口判断错位|统一时钟源（Clock/ZoneId），或至少注释声明时区契约|open|batch-2|
R4-01098|d:\6\恋爱小程序\apps\api\src\main\java\com\campuslove\api\admin\AdminVillagePostController.java|323|B|P2|LocalDateTime.now() 未显式指定 ZoneId（JVM 默认时区）(post.setUpdatedAt(LocalDateTime.now()))|JVM 时区与 DB Asia/Shanghai 不一致时，时间戳/窗口判断错位|统一时钟源（Clock/ZoneId），或至少注释声明时区契约|open|batch-2|
R4-01099|d:\6\恋爱小程序\apps\api\src\main\java\com\campuslove\api\report\ReportController.java|74|B|P2|LocalDateTime.now() 未显式指定 ZoneId（JVM 默认时区）(LocalDateTime dayStart = LocalDateTime)|JVM 时区与 DB Asia/Shanghai 不一致时，时间戳/窗口判断错位|统一时钟源（Clock/ZoneId），或至少注释声明时区契约|open|batch-2|
R4-01100|d:\6\恋爱小程序\apps\api\src\main\java\com\campuslove\api\report\ReportController.java|88|B|P2|LocalDateTime.now() 未显式指定 ZoneId（JVM 默认时区）(report.setCreatedAt(LocalDateTime.now()|JVM 时区与 DB Asia/Shanghai 不一致时，时间戳/窗口判断错位|统一时钟源（Clock/ZoneId），或至少注释声明时区契约|open|batch-2|
R4-01101|d:\6\恋爱小程序\apps\api\src\main\java\com\campuslove\api\wallet\WalletController.java|202|B|P2|LocalDate.now() 未显式指定 ZoneId（JVM 默认时区）(String dateKey = LocalDate.now().forma)|JVM 时区与 DB Asia/Shanghai 不一致时，时间戳/窗口判断错位|统一时钟源（Clock/ZoneId），或至少注释声明时区契约|open|batch-2|
R4-01102|d:\6\恋爱小程序\apps\api\src\main\java\com\campuslove\api\report\ErrorReportController.java|69|B|P2|LocalDateTime.now() 未显式指定 ZoneId（JVM 默认时区）(report.setCreatedAt(LocalDateTime.now()|JVM 时区与 DB Asia/Shanghai 不一致时，时间戳/窗口判断错位|统一时钟源（Clock/ZoneId），或至少注释声明时区契约|open|batch-2|
R4-01103|d:\6\恋爱小程序\apps\api\src\main\java\com\campuslove\api\wallet\MockWalletServiceImpl.java|126|B|P2|LocalDateTime.now() 未显式指定 ZoneId（JVM 默认时区）(orderId, relatedType, relatedId, remar)|JVM 时区与 DB Asia/Shanghai 不一致时，时间戳/窗口判断错位|统一时钟源（Clock/ZoneId），或至少注释声明时区契约|open|batch-2|
R4-01104|d:\6\恋爱小程序\apps\api\src\main\java\com\campuslove\api\admin\SensitiveWordImportService.java|211|B|P2|LocalDateTime.now() 未显式指定 ZoneId（JVM 默认时区）(LocalDateTime now = LocalDateTime.now()|JVM 时区与 DB Asia/Shanghai 不一致时，时间戳/窗口判断错位|统一时钟源（Clock/ZoneId），或至少注释声明时区契约|open|batch-2|
R4-01105|d:\6\恋爱小程序\apps\api\src\main\java\com\campuslove\api\admin\RealAdminStatsService.java|88|B|P2|LocalDate.now() 未显式指定 ZoneId（JVM 默认时区）(LocalDateTime startOfToday = LocalDate)|JVM 时区与 DB Asia/Shanghai 不一致时，时间戳/窗口判断错位|统一时钟源（Clock/ZoneId），或至少注释声明时区契约|open|batch-2|
R4-01106|d:\6\恋爱小程序\apps\api\src\main\java\com\campuslove\api\admin\RealAdminStatsService.java|147|B|P2|LocalDate.now() 未显式指定 ZoneId（JVM 默认时区）(LocalDateTime startOfToday = LocalDate)|JVM 时区与 DB Asia/Shanghai 不一致时，时间戳/窗口判断错位|统一时钟源（Clock/ZoneId），或至少注释声明时区契约|open|batch-2|
R4-01107|d:\6\恋爱小程序\apps\api\src\main\java\com\campuslove\api\admin\RealAdminStatsService.java|179|B|P2|LocalDate.now() 未显式指定 ZoneId（JVM 默认时区）(LocalDateTime from = LocalDate.now().a)|JVM 时区与 DB Asia/Shanghai 不一致时，时间戳/窗口判断错位|统一时钟源（Clock/ZoneId），或至少注释声明时区契约|open|batch-2|
R4-01108|d:\6\恋爱小程序\apps\api\src\main\java\com\campuslove\api\admin\RealAdminStatsService.java|180|B|P2|LocalDateTime.now() 未显式指定 ZoneId（JVM 默认时区）(LocalDateTime to = LocalDateTime.now())|JVM 时区与 DB Asia/Shanghai 不一致时，时间戳/窗口判断错位|统一时钟源（Clock/ZoneId），或至少注释声明时区契约|open|batch-2|
R4-01109|d:\6\恋爱小程序\apps\api\src\main\java\com\campuslove\api\admin\RealAdminMatchConfigService.java|92|B|P2|LocalDateTime.now() 未显式指定 ZoneId（JVM 默认时区）(LocalDateTime now = LocalDateTime.now()|JVM 时区与 DB Asia/Shanghai 不一致时，时间戳/窗口判断错位|统一时钟源（Clock/ZoneId），或至少注释声明时区契约|open|batch-2|
R4-01110|d:\6\恋爱小程序\apps\api\src\main\java\com\campuslove\api\admin\RealAdminMatchConfigService.java|153|B|P2|LocalDateTime.now() 未显式指定 ZoneId（JVM 默认时区）(LocalDateTime now = LocalDateTime.now()|JVM 时区与 DB Asia/Shanghai 不一致时，时间戳/窗口判断错位|统一时钟源（Clock/ZoneId），或至少注释声明时区契约|open|batch-2|
R4-01111|d:\6\恋爱小程序\apps\api\src\main\java\com\campuslove\api\vip\PromoCodeService.java|155|B|P2|LocalDateTime.now() 未显式指定 ZoneId（JVM 默认时区）(usage.setUsedAt(LocalDateTime.now());)|JVM 时区与 DB Asia/Shanghai 不一致时，时间戳/窗口判断错位|统一时钟源（Clock/ZoneId），或至少注释声明时区契约|open|batch-2|
R4-01112|d:\6\恋爱小程序\apps\api\src\main\java\com\campuslove\api\vip\PromoCodeService.java|204|B|P2|LocalDateTime.now() 未显式指定 ZoneId（JVM 默认时区）(LocalDateTime now = LocalDateTime.now()|JVM 时区与 DB Asia/Shanghai 不一致时，时间戳/窗口判断错位|统一时钟源（Clock/ZoneId），或至少注释声明时区契约|open|batch-2|
R4-01113|d:\6\恋爱小程序\apps\api\src\main\java\com\campuslove\api\admin\RealAdminConfigService.java|126|B|P2|LocalDateTime.now() 未显式指定 ZoneId（JVM 默认时区）(config.setUpdatedAt(LocalDateTime.now()|JVM 时区与 DB Asia/Shanghai 不一致时，时间戳/窗口判断错位|统一时钟源（Clock/ZoneId），或至少注释声明时区契约|open|batch-2|
R4-01114|d:\6\恋爱小程序\apps\api\src\main\java\com\campuslove\api\admin\RealAdminConfigService.java|183|B|P2|LocalDateTime.now() 未显式指定 ZoneId（JVM 默认时区）(rule.setUpdatedAt(LocalDateTime.now()))|JVM 时区与 DB Asia/Shanghai 不一致时，时间戳/窗口判断错位|统一时钟源（Clock/ZoneId），或至少注释声明时区契约|open|batch-2|
R4-01115|d:\6\恋爱小程序\apps\api\src\main\java\com\campuslove\api\admin\RealAdminConfigService.java|212|B|P2|LocalDateTime.now() 未显式指定 ZoneId（JVM 默认时区）(sw.setUpdatedAt(LocalDateTime.now());)|JVM 时区与 DB Asia/Shanghai 不一致时，时间戳/窗口判断错位|统一时钟源（Clock/ZoneId），或至少注释声明时区契约|open|batch-2|
R4-01116|d:\6\恋爱小程序\apps\api\src\main\java\com\campuslove\api\profile\ProfileVisitorController.java|195|B|P2|LocalDateTime.now() 未显式指定 ZoneId（JVM 默认时区）(LocalDateTime.now().format(FORMATTER)))|JVM 时区与 DB Asia/Shanghai 不一致时，时间戳/窗口判断错位|统一时钟源（Clock/ZoneId），或至少注释声明时区契约|open|batch-2|
R4-01117|d:\6\恋爱小程序\apps\api\src\main\java\com\campuslove\api\profile\ProfileVisitorController.java|205|B|P2|LocalDate.now() 未显式指定 ZoneId（JVM 默认时区）(LocalDate today = LocalDate.now();)|JVM 时区与 DB Asia/Shanghai 不一致时，时间戳/窗口判断错位|统一时钟源（Clock/ZoneId），或至少注释声明时区契约|open|batch-2|
R4-01118|d:\6\恋爱小程序\apps\api\src\main\java\com\campuslove\api\profile\ProfileVisitorController.java|220|B|P2|LocalDateTime.now() 未显式指定 ZoneId（JVM 默认时区）(LocalDateTime.now().format(FORMATTER))|JVM 时区与 DB Asia/Shanghai 不一致时，时间戳/窗口判断错位|统一时钟源（Clock/ZoneId），或至少注释声明时区契约|open|batch-2|
R4-01119|d:\6\恋爱小程序\apps\api\src\main\java\com\campuslove\api\profile\ProfileVisitorController.java|225|B|P2|LocalDateTime.now() 未显式指定 ZoneId（JVM 默认时区）(ProfileVisitor record = new ProfileVis)|JVM 时区与 DB Asia/Shanghai 不一致时，时间戳/窗口判断错位|统一时钟源（Clock/ZoneId），或至少注释声明时区契约|open|batch-2|
R4-01120|d:\6\恋爱小程序\apps\api\src\main\java\com\campuslove\api\discover\RealDailyQuestionService.java|76|B|P2|now() 未显式指定 ZoneId（JVM 默认时区）(key = "#userId + ':' + T(java.time.Loc)|JVM 时区与 DB Asia/Shanghai 不一致时，时间戳/窗口判断错位|统一时钟源（Clock/ZoneId），或至少注释声明时区契约|open|batch-2|
R4-01121|d:\6\恋爱小程序\apps\api\src\main\java\com\campuslove\api\discover\RealDailyQuestionService.java|78|B|P2|LocalDate.now() 未显式指定 ZoneId（JVM 默认时区）(LocalDate today = LocalDate.now();)|JVM 时区与 DB Asia/Shanghai 不一致时，时间戳/窗口判断错位|统一时钟源（Clock/ZoneId），或至少注释声明时区契约|open|batch-2|
R4-01122|d:\6\恋爱小程序\apps\api\src\main\java\com\campuslove\api\discover\RealDailyQuestionService.java|125|B|P2|now() 未显式指定 ZoneId（JVM 默认时区）(key = "#userId + ':' + T(java.time.Loc)|JVM 时区与 DB Asia/Shanghai 不一致时，时间戳/窗口判断错位|统一时钟源（Clock/ZoneId），或至少注释声明时区契约|open|batch-2|
R4-01123|d:\6\恋爱小程序\apps\api\src\main\java\com\campuslove\api\discover\RealDailyQuestionService.java|151|B|P2|LocalDateTime.now() 未显式指定 ZoneId（JVM 默认时区）(LocalDateTime now = LocalDateTime.now()|JVM 时区与 DB Asia/Shanghai 不一致时，时间戳/窗口判断错位|统一时钟源（Clock/ZoneId），或至少注释声明时区契约|open|batch-2|
R4-01124|d:\6\恋爱小程序\apps\api\src\main\java\com\campuslove\api\discover\UserPreferenceCalculator.java|89|B|P2|LocalDateTime.now() 未显式指定 ZoneId（JVM 默认时区）(LocalDateTime now = LocalDateTime.now()|JVM 时区与 DB Asia/Shanghai 不一致时，时间戳/窗口判断错位|统一时钟源（Clock/ZoneId），或至少注释声明时区契约|open|batch-2|
R4-01125|d:\6\恋爱小程序\apps\api\src\main\java\com\campuslove\api\discover\UserPreferenceCalculator.java|135|B|P2|LocalDateTime.now() 未显式指定 ZoneId（JVM 默认时区）(LocalDateTime now = LocalDateTime.now()|JVM 时区与 DB Asia/Shanghai 不一致时，时间戳/窗口判断错位|统一时钟源（Clock/ZoneId），或至少注释声明时区契约|open|batch-2|
R4-01126|d:\6\恋爱小程序\apps\api\src\main\java\com\campuslove\api\profile\ProfileUpdateService.java|115|B|P2|LocalDateTime.now() 未显式指定 ZoneId（JVM 默认时区）(LocalDateTime now = LocalDateTime.now()|JVM 时区与 DB Asia/Shanghai 不一致时，时间戳/窗口判断错位|统一时钟源（Clock/ZoneId），或至少注释声明时区契约|open|batch-2|
R4-01127|d:\6\恋爱小程序\apps\api\src\main\java\com\campuslove\api\profile\ProfileUpdateService.java|205|B|P2|LocalDateTime.now() 未显式指定 ZoneId（JVM 默认时区）(user.setUpdatedAt(LocalDateTime.now()))|JVM 时区与 DB Asia/Shanghai 不一致时，时间戳/窗口判断错位|统一时钟源（Clock/ZoneId），或至少注释声明时区契约|open|batch-2|
R4-01128|d:\6\恋爱小程序\apps\api\src\main\java\com\campuslove\api\profile\ProfileUpdateService.java|209|B|P2|LocalDateTime.now() 未显式指定 ZoneId（JVM 默认时区）(profile.setUpdatedAt(LocalDateTime.now)|JVM 时区与 DB Asia/Shanghai 不一致时，时间戳/窗口判断错位|统一时钟源（Clock/ZoneId），或至少注释声明时区契约|open|batch-2|
R4-01129|d:\6\恋爱小程序\apps\api\src\main\java\com\campuslove\api\profile\ProfileUpdateService.java|224|B|P2|LocalDateTime.now() 未显式指定 ZoneId（JVM 默认时区）(profile.setUpdatedAt(LocalDateTime.now)|JVM 时区与 DB Asia/Shanghai 不一致时，时间戳/窗口判断错位|统一时钟源（Clock/ZoneId），或至少注释声明时区契约|open|batch-2|
R4-01130|d:\6\恋爱小程序\apps\api\src\main\java\com\campuslove\api\profile\ProfileUpdateService.java|252|B|P2|LocalDateTime.now() 未显式指定 ZoneId（JVM 默认时区）(profile.setUpdatedAt(LocalDateTime.now)|JVM 时区与 DB Asia/Shanghai 不一致时，时间戳/窗口判断错位|统一时钟源（Clock/ZoneId），或至少注释声明时区契约|open|batch-2|
R4-01131|d:\6\恋爱小程序\apps\api\src\main\java\com\campuslove\api\profile\ProfileUpdateService.java|278|B|P2|LocalDateTime.now() 未显式指定 ZoneId（JVM 默认时区）(profile.setUpdatedAt(LocalDateTime.now)|JVM 时区与 DB Asia/Shanghai 不一致时，时间戳/窗口判断错位|统一时钟源（Clock/ZoneId），或至少注释声明时区契约|open|batch-2|
R4-01132|d:\6\恋爱小程序\apps\api\src\main\java\com\campuslove\api\profile\ProfileUpdateService.java|294|B|P2|LocalDateTime.now() 未显式指定 ZoneId（JVM 默认时区）(profile.setUpdatedAt(LocalDateTime.now)|JVM 时区与 DB Asia/Shanghai 不一致时，时间戳/窗口判断错位|统一时钟源（Clock/ZoneId），或至少注释声明时区契约|open|batch-2|
R4-01133|d:\6\恋爱小程序\apps\api\src\main\java\com\campuslove\api\profile\ProfileUpdateService.java|310|B|P2|LocalDateTime.now() 未显式指定 ZoneId（JVM 默认时区）(profile.setUpdatedAt(LocalDateTime.now)|JVM 时区与 DB Asia/Shanghai 不一致时，时间戳/窗口判断错位|统一时钟源（Clock/ZoneId），或至少注释声明时区契约|open|batch-2|
R4-01134|d:\6\恋爱小程序\apps\api\src\main\java\com\campuslove\api\profile\ProfileUpdateService.java|325|B|P2|LocalDateTime.now() 未显式指定 ZoneId（JVM 默认时区）(LocalDateTime now = LocalDateTime.now()|JVM 时区与 DB Asia/Shanghai 不一致时，时间戳/窗口判断错位|统一时钟源（Clock/ZoneId），或至少注释声明时区契约|open|batch-2|
R4-01135|d:\6\恋爱小程序\apps\api\src\main\java\com\campuslove\api\profile\ProfileUpdateService.java|367|B|P2|LocalDateTime.now() 未显式指定 ZoneId（JVM 默认时区）(LocalDateTime now = LocalDateTime.now()|JVM 时区与 DB Asia/Shanghai 不一致时，时间戳/窗口判断错位|统一时钟源（Clock/ZoneId），或至少注释声明时区契约|open|batch-2|
R4-01136|d:\6\恋爱小程序\apps\api\src\main\java\com\campuslove\api\profile\ProfileUpdateService.java|471|B|P2|LocalDateTime.now() 未显式指定 ZoneId（JVM 默认时区）(newProfile.setCreatedAt(LocalDateTime.)|JVM 时区与 DB Asia/Shanghai 不一致时，时间戳/窗口判断错位|统一时钟源（Clock/ZoneId），或至少注释声明时区契约|open|batch-2|
R4-01137|d:\6\恋爱小程序\apps\api\src\main\java\com\campuslove\api\discover\RealCircleService.java|223|B|P2|LocalDateTime.now() 未显式指定 ZoneId（JVM 默认时区）(membership.setJoinedAt(LocalDateTime.n)|JVM 时区与 DB Asia/Shanghai 不一致时，时间戳/窗口判断错位|统一时钟源（Clock/ZoneId），或至少注释声明时区契约|open|batch-2|
R4-01138|d:\6\恋爱小程序\apps\api\src\main\java\com\campuslove\api\discover\RealCircleService.java|373|B|P2|LocalDateTime.now() 未显式指定 ZoneId（JVM 默认时区）(LocalDateTime now = LocalDateTime.now()|JVM 时区与 DB Asia/Shanghai 不一致时，时间戳/窗口判断错位|统一时钟源（Clock/ZoneId），或至少注释声明时区契约|open|batch-2|
R4-01139|d:\6\恋爱小程序\apps\api\src\main\java\com\campuslove\api\discover\RealCircleService.java|445|B|P2|LocalDateTime.now() 未显式指定 ZoneId（JVM 默认时区）(LocalDateTime now = LocalDateTime.now()|JVM 时区与 DB Asia/Shanghai 不一致时，时间戳/窗口判断错位|统一时钟源（Clock/ZoneId），或至少注释声明时区契约|open|batch-2|
R4-01140|d:\6\恋爱小程序\apps\api\src\main\java\com\campuslove\api\growth\WeChatPushService.java|268|B|P2|LocalDateTime.now() 未显式指定 ZoneId（JVM 默认时区）(data.put("time3", new TemplateDataItem)|JVM 时区与 DB Asia/Shanghai 不一致时，时间戳/窗口判断错位|统一时钟源（Clock/ZoneId），或至少注释声明时区契约|open|batch-2|
R4-01141|d:\6\恋爱小程序\apps\api\src\main\java\com\campuslove\api\growth\WeChatPushService.java|292|B|P2|LocalDateTime.now() 未显式指定 ZoneId（JVM 默认时区）(data.put("time3", new TemplateDataItem)|JVM 时区与 DB Asia/Shanghai 不一致时，时间戳/窗口判断错位|统一时钟源（Clock/ZoneId），或至少注释声明时区契约|open|batch-2|
R4-01142|d:\6\恋爱小程序\apps\api\src\main\java\com\campuslove\api\discover\RealActivityService.java|138|B|P2|LocalDateTime.now() 未显式指定 ZoneId（JVM 默认时区）(LocalDateTime now = LocalDateTime.now()|JVM 时区与 DB Asia/Shanghai 不一致时，时间戳/窗口判断错位|统一时钟源（Clock/ZoneId），或至少注释声明时区契约|open|batch-2|
R4-01143|d:\6\恋爱小程序\apps\api\src\main\java\com\campuslove\api\discover\RecommendationStrategy.java|499|B|P2|LocalDateTime.now() 未显式指定 ZoneId（JVM 默认时区）(LocalDateTime since = LocalDateTime.no)|JVM 时区与 DB Asia/Shanghai 不一致时，时间戳/窗口判断错位|统一时钟源（Clock/ZoneId），或至少注释声明时区契约|open|batch-2|
R4-01144|d:\6\恋爱小程序\apps\api\src\main\java\com\campuslove\api\profile\FollowService.java|76|B|P2|LocalDateTime.now() 未显式指定 ZoneId（JVM 默认时区）(LocalDateTime now = LocalDateTime.now()|JVM 时区与 DB Asia/Shanghai 不一致时，时间戳/窗口判断错位|统一时钟源（Clock/ZoneId），或至少注释声明时区契约|open|batch-2|
R4-01145|d:\6\恋爱小程序\apps\api\src\main\java\com\campuslove\api\profile\FollowService.java|133|B|P2|LocalDateTime.now() 未显式指定 ZoneId（JVM 默认时区）(LocalDateTime now = LocalDateTime.now()|JVM 时区与 DB Asia/Shanghai 不一致时，时间戳/窗口判断错位|统一时钟源（Clock/ZoneId），或至少注释声明时区契约|open|batch-2|
R4-01146|d:\6\恋爱小程序\apps\api\src\main\java\com\campuslove\api\discover\MockRecommendationService.java|101|B|P2|LocalDate.now() 未显式指定 ZoneId（JVM 默认时区）(LocalDate.now().plusDays(1),)|JVM 时区与 DB Asia/Shanghai 不一致时，时间戳/窗口判断错位|统一时钟源（Clock/ZoneId），或至少注释声明时区契约|open|batch-2|
R4-01147|d:\6\恋爱小程序\apps\api\src\main\java\com\campuslove\api\discover\RecommendationRanker.java|415|B|P2|Year.now() 未显式指定 ZoneId（JVM 默认时区）(? Year.now().getValue() - basicProfile)|JVM 时区与 DB Asia/Shanghai 不一致时，时间戳/窗口判断错位|统一时钟源（Clock/ZoneId），或至少注释声明时区契约|open|batch-2|
R4-01148|d:\6\恋爱小程序\apps\api\src\main\java\com\campuslove\api\growth\RecommendQuotaService.java|104|B|P2|LocalDate.now() 未显式指定 ZoneId（JVM 默认时区）(String dateKey = LocalDate.now().forma)|JVM 时区与 DB Asia/Shanghai 不一致时，时间戳/窗口判断错位|统一时钟源（Clock/ZoneId），或至少注释声明时区契约|open|batch-2|
R4-01149|d:\6\恋爱小程序\apps\api\src\main\java\com\campuslove\api\growth\RecommendQuotaService.java|129|B|P2|LocalDate.now() 未显式指定 ZoneId（JVM 默认时区）(String dateKey = LocalDate.now().forma)|JVM 时区与 DB Asia/Shanghai 不一致时，时间戳/窗口判断错位|统一时钟源（Clock/ZoneId），或至少注释声明时区契约|open|batch-2|
R4-01150|d:\6\恋爱小程序\apps\api\src\main\java\com\campuslove\api\discover\MockDailyQuestionService.java|32|B|P2|LocalDate.now() 未显式指定 ZoneId（JVM 默认时区）(LocalDate today = LocalDate.now();)|JVM 时区与 DB Asia/Shanghai 不一致时，时间戳/窗口判断错位|统一时钟源（Clock/ZoneId），或至少注释声明时区契约|open|batch-2|
R4-01151|d:\6\恋爱小程序\apps\api\src\main\java\com\campuslove\api\discover\MockDailyQuestionService.java|128|B|P2|LocalDateTime.now() 未显式指定 ZoneId（JVM 默认时区）(LocalDateTime.now().minusHours(1),)|JVM 时区与 DB Asia/Shanghai 不一致时，时间戳/窗口判断错位|统一时钟源（Clock/ZoneId），或至少注释声明时区契约|open|batch-2|
R4-01152|d:\6\恋爱小程序\apps\api\src\main\java\com\campuslove\api\discover\MockDailyQuestionService.java|138|B|P2|LocalDateTime.now() 未显式指定 ZoneId（JVM 默认时区）(LocalDateTime.now().minusHours(2),)|JVM 时区与 DB Asia/Shanghai 不一致时，时间戳/窗口判断错位|统一时钟源（Clock/ZoneId），或至少注释声明时区契约|open|batch-2|
R4-01153|d:\6\恋爱小程序\apps\api\src\main\java\com\campuslove\api\discover\MockDailyQuestionService.java|148|B|P2|LocalDateTime.now() 未显式指定 ZoneId（JVM 默认时区）(LocalDateTime.now().minusHours(3),)|JVM 时区与 DB Asia/Shanghai 不一致时，时间戳/窗口判断错位|统一时钟源（Clock/ZoneId），或至少注释声明时区契约|open|batch-2|
R4-01154|d:\6\恋爱小程序\apps\api\src\main\java\com\campuslove\api\discover\MockDailyQuestionService.java|168|B|P2|LocalDateTime.now() 未显式指定 ZoneId（JVM 默认时区）(LocalDateTime.now(),)|JVM 时区与 DB Asia/Shanghai 不一致时，时间戳/窗口判断错位|统一时钟源（Clock/ZoneId），或至少注释声明时区契约|open|batch-2|
R4-01155|d:\6\恋爱小程序\apps\api\src\main\java\com\campuslove\api\growth\RealSocialProgressService.java|91|B|P2|LocalDateTime.now() 未显式指定 ZoneId（JVM 默认时区）(progress.setUpdatedAt(LocalDateTime.no)|JVM 时区与 DB Asia/Shanghai 不一致时，时间戳/窗口判断错位|统一时钟源（Clock/ZoneId），或至少注释声明时区契约|open|batch-2|
R4-01156|d:\6\恋爱小程序\apps\api\src\main\java\com\campuslove\api\growth\RealSocialProgressService.java|111|B|P2|LocalDateTime.now() 未显式指定 ZoneId（JVM 默认时区）(progress.setUpdatedAt(LocalDateTime.no)|JVM 时区与 DB Asia/Shanghai 不一致时，时间戳/窗口判断错位|统一时钟源（Clock/ZoneId），或至少注释声明时区契约|open|batch-2|
R4-01157|d:\6\恋爱小程序\apps\api\src\main\java\com\campuslove\api\growth\RealSocialProgressService.java|135|B|P2|LocalDateTime.now() 未显式指定 ZoneId（JVM 默认时区）(progress.setUpdatedAt(LocalDateTime.no)|JVM 时区与 DB Asia/Shanghai 不一致时，时间戳/窗口判断错位|统一时钟源（Clock/ZoneId），或至少注释声明时区契约|open|batch-2|
R4-01158|d:\6\恋爱小程序\apps\api\src\main\java\com\campuslove\api\growth\RealSocialProgressService.java|158|B|P2|LocalDateTime.now() 未显式指定 ZoneId（JVM 默认时区）(progress.setUpdatedAt(LocalDateTime.no)|JVM 时区与 DB Asia/Shanghai 不一致时，时间戳/窗口判断错位|统一时钟源（Clock/ZoneId），或至少注释声明时区契约|open|batch-2|
R4-01159|d:\6\恋爱小程序\apps\api\src\main\java\com\campuslove\api\growth\RealSocialProgressService.java|181|B|P2|LocalDateTime.now() 未显式指定 ZoneId（JVM 默认时区）(progress.setUpdatedAt(LocalDateTime.no)|JVM 时区与 DB Asia/Shanghai 不一致时，时间戳/窗口判断错位|统一时钟源（Clock/ZoneId），或至少注释声明时区契约|open|batch-2|
R4-01160|d:\6\恋爱小程序\apps\api\src\main\java\com\campuslove\api\growth\RealSocialProgressService.java|204|B|P2|LocalDateTime.now() 未显式指定 ZoneId（JVM 默认时区）(progress.setUpdatedAt(LocalDateTime.no)|JVM 时区与 DB Asia/Shanghai 不一致时，时间戳/窗口判断错位|统一时钟源（Clock/ZoneId），或至少注释声明时区契约|open|batch-2|
R4-01161|d:\6\恋爱小程序\apps\api\src\main\java\com\campuslove\api\growth\RealSocialProgressService.java|236|B|P2|LocalDateTime.now() 未显式指定 ZoneId（JVM 默认时区）(newProgress.setUpdatedAt(LocalDateTime)|JVM 时区与 DB Asia/Shanghai 不一致时，时间戳/窗口判断错位|统一时钟源（Clock/ZoneId），或至少注释声明时区契约|open|batch-2|
R4-01162|d:\6\恋爱小程序\apps\api\src\main\java\com\campuslove\api\discover\MockCircleService.java|118|B|P2|LocalDateTime.now() 未显式指定 ZoneId（JVM 默认时区）(LocalDateTime.now())|JVM 时区与 DB Asia/Shanghai 不一致时，时间戳/窗口判断错位|统一时钟源（Clock/ZoneId），或至少注释声明时区契约|open|batch-2|
R4-01163|d:\6\恋爱小程序\apps\api\src\main\java\com\campuslove\api\discover\MockCircleService.java|170|B|P2|LocalDateTime.now() 未显式指定 ZoneId（JVM 默认时区）(LocalDateTime.now())|JVM 时区与 DB Asia/Shanghai 不一致时，时间戳/窗口判断错位|统一时钟源（Clock/ZoneId），或至少注释声明时区契约|open|batch-2|
R4-01164|d:\6\恋爱小程序\apps\api\src\main\java\com\campuslove\api\discover\MockCircleService.java|245|B|P2|LocalDateTime.now() 未显式指定 ZoneId（JVM 默认时区）(List.of("https://picsum.photos/400/300)|JVM 时区与 DB Asia/Shanghai 不一致时，时间戳/窗口判断错位|统一时钟源（Clock/ZoneId），或至少注释声明时区契约|open|batch-2|
R4-01165|d:\6\恋爱小程序\apps\api\src\main\java\com\campuslove\api\discover\MockCircleService.java|249|B|P2|LocalDateTime.now() 未显式指定 ZoneId（JVM 默认时区）(LocalDateTime.now().minusHours(5)))|JVM 时区与 DB Asia/Shanghai 不一致时，时间戳/窗口判断错位|统一时钟源（Clock/ZoneId），或至少注释声明时区契约|open|batch-2|
R4-01166|d:\6\恋爱小程序\apps\api\src\main\java\com\campuslove\api\discover\MockCircleService.java|255|B|P2|LocalDateTime.now() 未显式指定 ZoneId（JVM 默认时区）(null, 23, 1004L, "许诺", LocalDateTime.n)|JVM 时区与 DB Asia/Shanghai 不一致时，时间戳/窗口判断错位|统一时钟源（Clock/ZoneId），或至少注释声明时区契约|open|batch-2|
R4-01167|d:\6\恋爱小程序\apps\api\src\main\java\com\campuslove\api\discover\MockCircleService.java|261|B|P2|LocalDateTime.now() 未显式指定 ZoneId（JVM 默认时区）(null, 15, 1002L, "林安", LocalDateTime.n)|JVM 时区与 DB Asia/Shanghai 不一致时，时间戳/窗口判断错位|统一时钟源（Clock/ZoneId），或至少注释声明时区契约|open|batch-2|
R4-01168|d:\6\恋爱小程序\apps\api\src\main\java\com\campuslove\api\discover\MockCircleService.java|272|B|P2|LocalDateTime.now() 未显式指定 ZoneId（JVM 默认时区）(LocalDateTime.now().minusHours(1)),)|JVM 时区与 DB Asia/Shanghai 不一致时，时间戳/窗口判断错位|统一时钟源（Clock/ZoneId），或至少注释声明时区契约|open|batch-2|
R4-01169|d:\6\恋爱小程序\apps\api\src\main\java\com\campuslove\api\discover\MockCircleService.java|274|B|P2|LocalDateTime.now() 未显式指定 ZoneId（JVM 默认时区）(LocalDateTime.now().minusMinutes(30)))|JVM 时区与 DB Asia/Shanghai 不一致时，时间戳/窗口判断错位|统一时钟源（Clock/ZoneId），或至少注释声明时区契约|open|batch-2|
R4-01170|d:\6\恋爱小程序\apps\api\src\main\java\com\campuslove\api\discover\MockCircleService.java|279|B|P2|LocalDateTime.now() 未显式指定 ZoneId（JVM 默认时区）(LocalDateTime.now().minusMinutes(45)))|JVM 时区与 DB Asia/Shanghai 不一致时，时间戳/窗口判断错位|统一时钟源（Clock/ZoneId），或至少注释声明时区契约|open|batch-2|
R4-01171|d:\6\恋爱小程序\apps\api\src\main\java\com\campuslove\api\growth\RealPushSummaryService.java|109|B|P2|LocalDate.now() 未显式指定 ZoneId（JVM 默认时区）(LocalDate today = LocalDate.now();)|JVM 时区与 DB Asia/Shanghai 不一致时，时间戳/窗口判断错位|统一时钟源（Clock/ZoneId），或至少注释声明时区契约|open|batch-2|
R4-01172|d:\6\恋爱小程序\apps\api\src\main\java\com\campuslove\api\growth\RealPushSummaryService.java|123|B|P2|LocalDateTime.now() 未显式指定 ZoneId（JVM 默认时区）(LocalDateTime since24h = LocalDateTime)|JVM 时区与 DB Asia/Shanghai 不一致时，时间戳/窗口判断错位|统一时钟源（Clock/ZoneId），或至少注释声明时区契约|open|batch-2|
R4-01173|d:\6\恋爱小程序\apps\api\src\main\java\com\campuslove\api\growth\RealPushSummaryService.java|191|B|P2|LocalDateTime.now() 未显式指定 ZoneId（JVM 默认时区）(summary.setGeneratedAt(LocalDateTime.n)|JVM 时区与 DB Asia/Shanghai 不一致时，时间戳/窗口判断错位|统一时钟源（Clock/ZoneId），或至少注释声明时区契约|open|batch-2|
R4-01174|d:\6\恋爱小程序\apps\api\src\main\java\com\campuslove\api\growth\RealPushSummaryService.java|224|B|P2|LocalDate.now() 未显式指定 ZoneId（JVM 默认时区）(LocalDate today = LocalDate.now();)|JVM 时区与 DB Asia/Shanghai 不一致时，时间戳/窗口判断错位|统一时钟源（Clock/ZoneId），或至少注释声明时区契约|open|batch-2|
R4-01175|d:\6\恋爱小程序\apps\api\src\main\java\com\campuslove\api\growth\RealPushSummaryService.java|245|B|P2|LocalTime.now() 未显式指定 ZoneId（JVM 默认时区）(LocalTime now = LocalTime.now();)|JVM 时区与 DB Asia/Shanghai 不一致时，时间戳/窗口判断错位|统一时钟源（Clock/ZoneId），或至少注释声明时区契约|open|batch-2|
R4-01176|d:\6\恋爱小程序\apps\api\src\main\java\com\campuslove\api\growth\RealPushSummaryService.java|272|B|P2|LocalDateTime.now() 未显式指定 ZoneId（JVM 默认时区）(summary.setGeneratedAt(LocalDateTime.n)|JVM 时区与 DB Asia/Shanghai 不一致时，时间戳/窗口判断错位|统一时钟源（Clock/ZoneId），或至少注释声明时区契约|open|batch-2|
R4-01177|d:\6\恋爱小程序\apps\api\src\main\java\com\campuslove\api\growth\RealPushSummaryService.java|315|B|P2|LocalDateTime.now() 未显式指定 ZoneId（JVM 默认时区）(summary.setSentAt(LocalDateTime.now()))|JVM 时区与 DB Asia/Shanghai 不一致时，时间戳/窗口判断错位|统一时钟源（Clock/ZoneId），或至少注释声明时区契约|open|batch-2|
R4-01178|d:\6\恋爱小程序\apps\api\src\main\java\com\campuslove\api\discover\RealRecommendationService.java|226|B|P2|LocalDateTime.now() 未显式指定 ZoneId（JVM 默认时区）(LocalDateTime now = LocalDateTime.now()|JVM 时区与 DB Asia/Shanghai 不一致时，时间戳/窗口判断错位|统一时钟源（Clock/ZoneId），或至少注释声明时区契约|open|batch-2|
R4-01179|d:\6\恋爱小程序\apps\api\src\main\java\com\campuslove\api\discover\RealRecommendationService.java|274|B|P2|LocalDateTime.now() 未显式指定 ZoneId（JVM 默认时区）(.setParameter("now", LocalDateTime.now)|JVM 时区与 DB Asia/Shanghai 不一致时，时间戳/窗口判断错位|统一时钟源（Clock/ZoneId），或至少注释声明时区契约|open|batch-2|
R4-01180|d:\6\恋爱小程序\apps\api\src\main\java\com\campuslove\api\discover\RealRecommendationService.java|285|B|P2|LocalDateTime.now() 未显式指定 ZoneId（JVM 默认时区）(activity.setUpdatedAt(LocalDateTime.no)|JVM 时区与 DB Asia/Shanghai 不一致时，时间戳/窗口判断错位|统一时钟源（Clock/ZoneId），或至少注释声明时区契约|open|batch-2|
R4-01181|d:\6\恋爱小程序\apps\api\src\main\java\com\campuslove\api\discover\MockActivityService.java|43|B|P2|LocalDate.now() 未显式指定 ZoneId（JVM 默认时区）(LocalDate.now().plusDays(1))|JVM 时区与 DB Asia/Shanghai 不一致时，时间戳/窗口判断错位|统一时钟源（Clock/ZoneId），或至少注释声明时区契约|open|batch-2|
R4-01182|d:\6\恋爱小程序\apps\api\src\main\java\com\campuslove\api\discover\MockActivityService.java|73|B|P2|LocalDate.now() 未显式指定 ZoneId（JVM 默认时区）(LocalDate.now().plusDays(1),)|JVM 时区与 DB Asia/Shanghai 不一致时，时间戳/窗口判断错位|统一时钟源（Clock/ZoneId），或至少注释声明时区契约|open|batch-2|
R4-01183|d:\6\恋爱小程序\apps\api\src\main\java\com\campuslove\api\growth\RealPushPreferenceService.java|97|B|P2|LocalDateTime.now() 未显式指定 ZoneId（JVM 默认时区）(preference.setUpdatedAt(LocalDateTime.)|JVM 时区与 DB Asia/Shanghai 不一致时，时间戳/窗口判断错位|统一时钟源（Clock/ZoneId），或至少注释声明时区契约|open|batch-2|
R4-01184|d:\6\恋爱小程序\apps\api\src\main\java\com\campuslove\api\vip\BillingService.java|151|B|P2|LocalDateTime.now() 未显式指定 ZoneId（JVM 默认时区）(bill.setCreatedAt(java.time.LocalDateT)|JVM 时区与 DB Asia/Shanghai 不一致时，时间戳/窗口判断错位|统一时钟源（Clock/ZoneId），或至少注释声明时区契约|open|batch-2|
R4-01185|d:\6\恋爱小程序\apps\api\src\main\java\com\campuslove\api\vip\BillingService.java|270|B|P2|LocalDateTime.now() 未显式指定 ZoneId（JVM 默认时区）(LocalDateTime now = LocalDateTime.now()|JVM 时区与 DB Asia/Shanghai 不一致时，时间戳/窗口判断错位|统一时钟源（Clock/ZoneId），或至少注释声明时区契约|open|batch-2|
R4-01186|d:\6\恋爱小程序\apps\api\src\main\java\com\campuslove\api\vip\BillingService.java|313|B|P2|LocalDateTime.now() 未显式指定 ZoneId（JVM 默认时区）(logEntry.setCreatedAt(LocalDateTime.no)|JVM 时区与 DB Asia/Shanghai 不一致时，时间戳/窗口判断错位|统一时钟源（Clock/ZoneId），或至少注释声明时区契约|open|batch-2|
R4-01187|d:\6\恋爱小程序\apps\api\src\main\java\com\campuslove\api\mock\MockVillageService.java|193|B|P2|LocalDateTime.now() 未显式指定 ZoneId（JVM 默认时区）(LocalDateTime.now(), LocalDateTime.now)|JVM 时区与 DB Asia/Shanghai 不一致时，时间戳/窗口判断错位|统一时钟源（Clock/ZoneId），或至少注释声明时区契约|open|batch-2|
R4-01188|d:\6\恋爱小程序\apps\api\src\main\java\com\campuslove\api\mock\MockVillageService.java|232|B|P2|LocalDateTime.now() 未显式指定 ZoneId（JVM 默认时区）(defaultUserName(), null, LocalDateTime)|JVM 时区与 DB Asia/Shanghai 不一致时，时间戳/窗口判断错位|统一时钟源（Clock/ZoneId），或至少注释声明时区契约|open|batch-2|
R4-01189|d:\6\恋爱小程序\apps\api\src\main\java\com\campuslove\api\mock\MockVillageService.java|251|B|P2|LocalDateTime.now() 未显式指定 ZoneId（JVM 默认时区）(userId, defaultUserName(), LocalDateTi)|JVM 时区与 DB Asia/Shanghai 不一致时，时间戳/窗口判断错位|统一时钟源（Clock/ZoneId），或至少注释声明时区契约|open|batch-2|
R4-01190|d:\6\恋爱小程序\apps\api\src\main\java\com\campuslove\api\mock\MockVillageService.java|277|B|P2|LocalDateTime.now() 未显式指定 ZoneId（JVM 默认时区）(LocalDateTime.now(), LocalDateTime.now)|JVM 时区与 DB Asia/Shanghai 不一致时，时间戳/窗口判断错位|统一时钟源（Clock/ZoneId），或至少注释声明时区契约|open|batch-2|
R4-01191|d:\6\恋爱小程序\apps\api\src\main\java\com\campuslove\api\mock\MockVillageService.java|315|B|P2|LocalDateTime.now() 未显式指定 ZoneId（JVM 默认时区）(LocalDateTime.now().toString())))|JVM 时区与 DB Asia/Shanghai 不一致时，时间戳/窗口判断错位|统一时钟源（Clock/ZoneId），或至少注释声明时区契约|open|batch-2|
R4-01192|d:\6\恋爱小程序\apps\api\src\main\java\com\campuslove\api\mock\MockVillageService.java|370|B|P2|LocalDateTime.now() 未显式指定 ZoneId（JVM 默认时区）(LocalDateTime.now().minusDays(1).toStr)|JVM 时区与 DB Asia/Shanghai 不一致时，时间戳/窗口判断错位|统一时钟源（Clock/ZoneId），或至少注释声明时区契约|open|batch-2|
R4-01193|d:\6\恋爱小程序\apps\api\src\main\java\com\campuslove\api\mock\MockVillageService.java|372|B|P2|LocalDateTime.now() 未显式指定 ZoneId（JVM 默认时区）(LocalDateTime.now().minusDays(2).toStr)|JVM 时区与 DB Asia/Shanghai 不一致时，时间戳/窗口判断错位|统一时钟源（Clock/ZoneId），或至少注释声明时区契约|open|batch-2|
R4-01194|d:\6\恋爱小程序\apps\api\src\main\java\com\campuslove\api\mock\MockVillageService.java|474|B|P2|LocalDateTime.now() 未显式指定 ZoneId（JVM 默认时区）(1002L, "林安", "/uploads/mock/avatar-lin)|JVM 时区与 DB Asia/Shanghai 不一致时，时间戳/窗口判断错位|统一时钟源（Clock/ZoneId），或至少注释声明时区契约|open|batch-2|
R4-01195|d:\6\恋爱小程序\apps\api\src\main\java\com\campuslove\api\mock\MockVillageService.java|481|B|P2|LocalDateTime.now() 未显式指定 ZoneId（JVM 默认时区）(1003L, "周沐", "/uploads/mock/avatar-zho)|JVM 时区与 DB Asia/Shanghai 不一致时，时间戳/窗口判断错位|统一时钟源（Clock/ZoneId），或至少注释声明时区契约|open|batch-2|
R4-01196|d:\6\恋爱小程序\apps\api\src\main\java\com\campuslove\api\mock\MockVillageService.java|489|B|P2|LocalDateTime.now() 未显式指定 ZoneId（JVM 默认时区）(1004L, "许诺", "/uploads/mock/avatar-xun)|JVM 时区与 DB Asia/Shanghai 不一致时，时间戳/窗口判断错位|统一时钟源（Clock/ZoneId），或至少注释声明时区契约|open|batch-2|
R4-01197|d:\6\恋爱小程序\apps\api\src\main\java\com\campuslove\api\mock\MockVillageService.java|496|B|P2|LocalDateTime.now() 未显式指定 ZoneId（JVM 默认时区）(1002L, "林安", "/uploads/mock/avatar-lin)|JVM 时区与 DB Asia/Shanghai 不一致时，时间戳/窗口判断错位|统一时钟源（Clock/ZoneId），或至少注释声明时区契约|open|batch-2|
R4-01198|d:\6\恋爱小程序\apps\api\src\main\java\com\campuslove\api\mock\MockVillageService.java|503|B|P2|LocalDateTime.now() 未显式指定 ZoneId（JVM 默认时区）(1001L, "星野", "/uploads/mock/avatar-xin)|JVM 时区与 DB Asia/Shanghai 不一致时，时间戳/窗口判断错位|统一时钟源（Clock/ZoneId），或至少注释声明时区契约|open|batch-2|
R4-01199|d:\6\恋爱小程序\apps\api\src\main\java\com\campuslove\api\mock\MockVillageService.java|510|B|P2|LocalDateTime.now() 未显式指定 ZoneId（JVM 默认时区）(1004L, "许诺", "/uploads/mock/avatar-xun)|JVM 时区与 DB Asia/Shanghai 不一致时，时间戳/窗口判断错位|统一时钟源（Clock/ZoneId），或至少注释声明时区契约|open|batch-2|
R4-01200|d:\6\恋爱小程序\apps\api\src\main\java\com\campuslove\api\mock\MockVillageService.java|517|B|P2|LocalDateTime.now() 未显式指定 ZoneId（JVM 默认时区）(1003L, "周沐", "/uploads/mock/avatar-zho)|JVM 时区与 DB Asia/Shanghai 不一致时，时间戳/窗口判断错位|统一时钟源（Clock/ZoneId），或至少注释声明时区契约|open|batch-2|
R4-01201|d:\6\恋爱小程序\apps\api\src\main\java\com\campuslove\api\mock\MockVillageService.java|524|B|P2|LocalDateTime.now() 未显式指定 ZoneId（JVM 默认时区）(1001L, "星野", "/uploads/mock/avatar-xin)|JVM 时区与 DB Asia/Shanghai 不一致时，时间戳/窗口判断错位|统一时钟源（Clock/ZoneId），或至少注释声明时区契约|open|batch-2|
R4-01202|d:\6\恋爱小程序\apps\api\src\main\java\com\campuslove\api\mock\MockVillageService.java|531|B|P2|LocalDateTime.now() 未显式指定 ZoneId（JVM 默认时区）(1004L, "许诺", "/uploads/mock/avatar-xun)|JVM 时区与 DB Asia/Shanghai 不一致时，时间戳/窗口判断错位|统一时钟源（Clock/ZoneId），或至少注释声明时区契约|open|batch-2|
R4-01203|d:\6\恋爱小程序\apps\api\src\main\java\com\campuslove\api\mock\MockVillageService.java|538|B|P2|LocalDateTime.now() 未显式指定 ZoneId（JVM 默认时区）(1003L, "周沐", "/uploads/mock/avatar-zho)|JVM 时区与 DB Asia/Shanghai 不一致时，时间戳/窗口判断错位|统一时钟源（Clock/ZoneId），或至少注释声明时区契约|open|batch-2|
R4-01204|d:\6\恋爱小程序\apps\api\src\main\java\com\campuslove\api\mock\MockVillageService.java|544|B|P2|LocalDateTime.now() 未显式指定 ZoneId（JVM 默认时区）(LocalDateTime.now().minusHours(2), nul)|JVM 时区与 DB Asia/Shanghai 不一致时，时间戳/窗口判断错位|统一时钟源（Clock/ZoneId），或至少注释声明时区契约|open|batch-2|
R4-01205|d:\6\恋爱小程序\apps\api\src\main\java\com\campuslove\api\mock\MockVillageService.java|546|B|P2|LocalDateTime.now() 未显式指定 ZoneId（JVM 默认时区）(LocalDateTime.now().minusHours(1), nul)|JVM 时区与 DB Asia/Shanghai 不一致时，时间戳/窗口判断错位|统一时钟源（Clock/ZoneId），或至少注释声明时区契约|open|batch-2|
R4-01206|d:\6\恋爱小程序\apps\api\src\main\java\com\campuslove\api\mock\MockVillageService.java|548|B|P2|LocalDateTime.now() 未显式指定 ZoneId（JVM 默认时区）(LocalDateTime.now().minusMinutes(30), )|JVM 时区与 DB Asia/Shanghai 不一致时，时间戳/窗口判断错位|统一时钟源（Clock/ZoneId），或至少注释声明时区契约|open|batch-2|
R4-01207|d:\6\恋爱小程序\apps\api\src\main\java\com\campuslove\api\mock\MockVillageService.java|552|B|P2|LocalDateTime.now() 未显式指定 ZoneId（JVM 默认时区）(LocalDateTime.now().minusHours(4), nul)|JVM 时区与 DB Asia/Shanghai 不一致时，时间戳/窗口判断错位|统一时钟源（Clock/ZoneId），或至少注释声明时区契约|open|batch-2|
R4-01208|d:\6\恋爱小程序\apps\api\src\main\java\com\campuslove\api\mock\MockVillageService.java|554|B|P2|LocalDateTime.now() 未显式指定 ZoneId（JVM 默认时区）(LocalDateTime.now().minusHours(3), nul)|JVM 时区与 DB Asia/Shanghai 不一致时，时间戳/窗口判断错位|统一时钟源（Clock/ZoneId），或至少注释声明时区契约|open|batch-2|
R4-01209|d:\6\恋爱小程序\apps\api\src\main\java\com\campuslove\api\mock\MockVillageService.java|558|B|P2|LocalDateTime.now() 未显式指定 ZoneId（JVM 默认时区）(LocalDateTime.now().minusDays(1).minus)|JVM 时区与 DB Asia/Shanghai 不一致时，时间戳/窗口判断错位|统一时钟源（Clock/ZoneId），或至少注释声明时区契约|open|batch-2|
R4-01210|d:\6\恋爱小程序\apps\api\src\main\java\com\campuslove\api\mock\MockVillageService.java|560|B|P2|LocalDateTime.now() 未显式指定 ZoneId（JVM 默认时区）(LocalDateTime.now().minusDays(1).minus)|JVM 时区与 DB Asia/Shanghai 不一致时，时间戳/窗口判断错位|统一时钟源（Clock/ZoneId），或至少注释声明时区契约|open|batch-2|
R4-01211|d:\6\恋爱小程序\apps\api\src\main\java\com\campuslove\api\mock\MockVillageService.java|564|B|P2|LocalDateTime.now() 未显式指定 ZoneId（JVM 默认时区）(LocalDateTime.now().minusHours(5), nul)|JVM 时区与 DB Asia/Shanghai 不一致时，时间戳/窗口判断错位|统一时钟源（Clock/ZoneId），或至少注释声明时区契约|open|batch-2|
R4-01212|d:\6\恋爱小程序\apps\api\src\main\java\com\campuslove\api\mock\MockVillageService.java|574|B|P2|LocalDateTime.now() 未显式指定 ZoneId（JVM 默认时区）(LocalDateTime.now().minusMinutes(10), )|JVM 时区与 DB Asia/Shanghai 不一致时，时间戳/窗口判断错位|统一时钟源（Clock/ZoneId），或至少注释声明时区契约|open|batch-2|
R4-01213|d:\6\恋爱小程序\apps\api\src\main\java\com\campuslove\api\mock\MockVillageService.java|582|B|P2|LocalDateTime.now() 未显式指定 ZoneId（JVM 默认时区）(LocalDateTime.now().minusMinutes(25), )|JVM 时区与 DB Asia/Shanghai 不一致时，时间戳/窗口判断错位|统一时钟源（Clock/ZoneId），或至少注释声明时区契约|open|batch-2|
R4-01214|d:\6\恋爱小程序\apps\api\src\main\java\com\campuslove\api\mock\MockVillageService.java|590|B|P2|LocalDateTime.now() 未显式指定 ZoneId（JVM 默认时区）(LocalDateTime.now().minusMinutes(40), )|JVM 时区与 DB Asia/Shanghai 不一致时，时间戳/窗口判断错位|统一时钟源（Clock/ZoneId），或至少注释声明时区契约|open|batch-2|
R4-01215|d:\6\恋爱小程序\apps\api\src\main\java\com\campuslove\api\mock\MockVillageService.java|598|B|P2|LocalDateTime.now() 未显式指定 ZoneId（JVM 默认时区）(LocalDateTime.now().minusMinutes(55), )|JVM 时区与 DB Asia/Shanghai 不一致时，时间戳/窗口判断错位|统一时钟源（Clock/ZoneId），或至少注释声明时区契约|open|batch-2|
R4-01216|d:\6\恋爱小程序\apps\api\src\main\java\com\campuslove\api\mock\MockVillageService.java|605|B|P2|LocalDateTime.now() 未显式指定 ZoneId（JVM 默认时区）(LocalDateTime.now().minusMinutes(8), n)|JVM 时区与 DB Asia/Shanghai 不一致时，时间戳/窗口判断错位|统一时钟源（Clock/ZoneId），或至少注释声明时区契约|open|batch-2|
R4-01217|d:\6\恋爱小程序\apps\api\src\main\java\com\campuslove\api\mock\MockVillageService.java|607|B|P2|LocalDateTime.now() 未显式指定 ZoneId（JVM 默认时区）(LocalDateTime.now().minusMinutes(6), n)|JVM 时区与 DB Asia/Shanghai 不一致时，时间戳/窗口判断错位|统一时钟源（Clock/ZoneId），或至少注释声明时区契约|open|batch-2|
R4-01218|d:\6\恋爱小程序\apps\api\src\main\java\com\campuslove\api\mock\MockVillageService.java|609|B|P2|LocalDateTime.now() 未显式指定 ZoneId（JVM 默认时区）(LocalDateTime.now().minusMinutes(4), n)|JVM 时区与 DB Asia/Shanghai 不一致时，时间戳/窗口判断错位|统一时钟源（Clock/ZoneId），或至少注释声明时区契约|open|batch-2|
R4-01219|d:\6\恋爱小程序\apps\api\src\main\java\com\campuslove\api\mock\MockVillageService.java|611|B|P2|LocalDateTime.now() 未显式指定 ZoneId（JVM 默认时区）(LocalDateTime.now().minusMinutes(2), n)|JVM 时区与 DB Asia/Shanghai 不一致时，时间戳/窗口判断错位|统一时钟源（Clock/ZoneId），或至少注释声明时区契约|open|batch-2|
R4-01220|d:\6\恋爱小程序\apps\api\src\main\java\com\campuslove\api\mock\MockVillageService.java|615|B|P2|LocalDateTime.now() 未显式指定 ZoneId（JVM 默认时区）(LocalDateTime.now().minusMinutes(20), )|JVM 时区与 DB Asia/Shanghai 不一致时，时间戳/窗口判断错位|统一时钟源（Clock/ZoneId），或至少注释声明时区契约|open|batch-2|
R4-01221|d:\6\恋爱小程序\apps\api\src\main\java\com\campuslove\api\mock\MockVillageService.java|617|B|P2|LocalDateTime.now() 未显式指定 ZoneId（JVM 默认时区）(LocalDateTime.now().minusMinutes(15), )|JVM 时区与 DB Asia/Shanghai 不一致时，时间戳/窗口判断错位|统一时钟源（Clock/ZoneId），或至少注释声明时区契约|open|batch-2|
R4-01222|d:\6\恋爱小程序\apps\api\src\main\java\com\campuslove\api\mock\MockVillageService.java|619|B|P2|LocalDateTime.now() 未显式指定 ZoneId（JVM 默认时区）(LocalDateTime.now().minusMinutes(12), )|JVM 时区与 DB Asia/Shanghai 不一致时，时间戳/窗口判断错位|统一时钟源（Clock/ZoneId），或至少注释声明时区契约|open|batch-2|
R4-01223|d:\6\恋爱小程序\apps\api\src\main\java\com\campuslove\api\mock\MockVillageService.java|621|B|P2|LocalDateTime.now() 未显式指定 ZoneId（JVM 默认时区）(LocalDateTime.now().minusMinutes(5), n)|JVM 时区与 DB Asia/Shanghai 不一致时，时间戳/窗口判断错位|统一时钟源（Clock/ZoneId），或至少注释声明时区契约|open|batch-2|
R4-01224|d:\6\恋爱小程序\apps\api\src\main\java\com\campuslove\api\mock\MockVillageService.java|625|B|P2|LocalDateTime.now() 未显式指定 ZoneId（JVM 默认时区）(LocalDateTime.now().minusMinutes(30), )|JVM 时区与 DB Asia/Shanghai 不一致时，时间戳/窗口判断错位|统一时钟源（Clock/ZoneId），或至少注释声明时区契约|open|batch-2|
R4-01225|d:\6\恋爱小程序\apps\api\src\main\java\com\campuslove\api\mock\MockVillageService.java|627|B|P2|LocalDateTime.now() 未显式指定 ZoneId（JVM 默认时区）(LocalDateTime.now().minusMinutes(22), )|JVM 时区与 DB Asia/Shanghai 不一致时，时间戳/窗口判断错位|统一时钟源（Clock/ZoneId），或至少注释声明时区契约|open|batch-2|
R4-01226|d:\6\恋爱小程序\apps\api\src\main\java\com\campuslove\api\mock\MockVillageService.java|629|B|P2|LocalDateTime.now() 未显式指定 ZoneId（JVM 默认时区）(LocalDateTime.now().minusMinutes(15), )|JVM 时区与 DB Asia/Shanghai 不一致时，时间戳/窗口判断错位|统一时钟源（Clock/ZoneId），或至少注释声明时区契约|open|batch-2|
R4-01227|d:\6\恋爱小程序\apps\api\src\main\java\com\campuslove\api\growth\RealDoNotDisturbService.java|145|B|P2|LocalDateTime.now() 未显式指定 ZoneId（JVM 默认时区）(setting.setUpdatedAt(LocalDateTime.now)|JVM 时区与 DB Asia/Shanghai 不一致时，时间戳/窗口判断错位|统一时钟源（Clock/ZoneId），或至少注释声明时区契约|open|batch-2|
R4-01228|d:\6\恋爱小程序\apps\api\src\main\java\com\campuslove\api\growth\RealCheckInService.java|199|B|P2|LocalDate.now() 未显式指定 ZoneId（JVM 默认时区）(LocalDate today = LocalDate.now();)|JVM 时区与 DB Asia/Shanghai 不一致时，时间戳/窗口判断错位|统一时钟源（Clock/ZoneId），或至少注释声明时区契约|open|batch-2|
R4-01229|d:\6\恋爱小程序\apps\api\src\main\java\com\campuslove\api\growth\RealCheckInService.java|244|B|P2|LocalDateTime.now() 未显式指定 ZoneId（JVM 默认时区）(checkIn.setCreatedAt(LocalDateTime.now)|JVM 时区与 DB Asia/Shanghai 不一致时，时间戳/窗口判断错位|统一时钟源（Clock/ZoneId），或至少注释声明时区契约|open|batch-2|
R4-01230|d:\6\恋爱小程序\apps\api\src\main\java\com\campuslove\api\growth\RealCheckInService.java|268|B|P2|LocalDateTime.now() 未显式指定 ZoneId（JVM 默认时区）(benefit.setCreatedAt(LocalDateTime.now)|JVM 时区与 DB Asia/Shanghai 不一致时，时间戳/窗口判断错位|统一时钟源（Clock/ZoneId），或至少注释声明时区契约|open|batch-2|
R4-01231|d:\6\恋爱小程序\apps\api\src\main\java\com\campuslove\api\growth\RealCheckInService.java|310|B|P2|Instant.now() 未显式指定 ZoneId（JVM 默认时区）(Instant.now()));)|JVM 时区与 DB Asia/Shanghai 不一致时，时间戳/窗口判断错位|统一时钟源（Clock/ZoneId），或至少注释声明时区契约|open|batch-2|
R4-01232|d:\6\恋爱小程序\apps\api\src\main\java\com\campuslove\api\growth\RealCheckInService.java|338|B|P2|LocalDate.now() 未显式指定 ZoneId（JVM 默认时区）(LocalDate today = LocalDate.now();)|JVM 时区与 DB Asia/Shanghai 不一致时，时间戳/窗口判断错位|统一时钟源（Clock/ZoneId），或至少注释声明时区契约|open|batch-2|
R4-01233|d:\6\恋爱小程序\apps\api\src\main\java\com\campuslove\api\growth\RealCheckInService.java|396|B|P2|LocalDate.now() 未显式指定 ZoneId（JVM 默认时区）(LocalDate today = LocalDate.now();)|JVM 时区与 DB Asia/Shanghai 不一致时，时间戳/窗口判断错位|统一时钟源（Clock/ZoneId），或至少注释声明时区契约|open|batch-2|
R4-01234|d:\6\恋爱小程序\apps\api\src\main\java\com\campuslove\api\growth\RealCheckInService.java|424|B|P2|LocalDateTime.now() 未显式指定 ZoneId（JVM 默认时区）(newQuota.setUpdatedAt(LocalDateTime.no)|JVM 时区与 DB Asia/Shanghai 不一致时，时间戳/窗口判断错位|统一时钟源（Clock/ZoneId），或至少注释声明时区契约|open|batch-2|
R4-01235|d:\6\恋爱小程序\apps\api\src\main\java\com\campuslove\api\growth\RealCheckInService.java|449|B|P2|LocalDateTime.now() 未显式指定 ZoneId（JVM 默认时区）(makeUpCheckIn.setCreatedAt(LocalDateTi)|JVM 时区与 DB Asia/Shanghai 不一致时，时间戳/窗口判断错位|统一时钟源（Clock/ZoneId），或至少注释声明时区契约|open|batch-2|
R4-01236|d:\6\恋爱小程序\apps\api\src\main\java\com\campuslove\api\growth\RealCheckInService.java|462|B|P2|LocalDateTime.now() 未显式指定 ZoneId（JVM 默认时区）(int affected = makeUpQuotaRepository.i)|JVM 时区与 DB Asia/Shanghai 不一致时，时间戳/窗口判断错位|统一时钟源（Clock/ZoneId），或至少注释声明时区契约|open|batch-2|
R4-01237|d:\6\恋爱小程序\apps\api\src\main\java\com\campuslove\api\growth\RealCheckInService.java|536|B|P2|LocalDate.now() 未显式指定 ZoneId（JVM 默认时区）(return calculateConsecutiveDays(userId)|JVM 时区与 DB Asia/Shanghai 不一致时，时间戳/窗口判断错位|统一时钟源（Clock/ZoneId），或至少注释声明时区契约|open|batch-2|
R4-01238|d:\6\恋爱小程序\apps\api\src\main\java\com\campuslove\api\growth\RealCheckInService.java|594|B|P2|LocalDate.now() 未显式指定 ZoneId（JVM 默认时区）(LocalDateTime todayStart = LocalDate.n)|JVM 时区与 DB Asia/Shanghai 不一致时，时间戳/窗口判断错位|统一时钟源（Clock/ZoneId），或至少注释声明时区契约|open|batch-2|
R4-01239|d:\6\恋爱小程序\apps\api\src\main\java\com\campuslove\api\growth\RealCheckInService.java|640|B|P2|LocalDateTime.now() 未显式指定 ZoneId（JVM 默认时区）(LocalDateTime since = LocalDateTime.no)|JVM 时区与 DB Asia/Shanghai 不一致时，时间戳/窗口判断错位|统一时钟源（Clock/ZoneId），或至少注释声明时区契约|open|batch-2|
R4-01240|d:\6\恋爱小程序\apps\api\src\main\java\com\campuslove\api\mock\MockOfficialAccountService.java|38|B|P2|LocalDateTime.now() 未显式指定 ZoneId（JVM 默认时区）(null, null, null, null, LocalDateTime.)|JVM 时区与 DB Asia/Shanghai 不一致时，时间戳/窗口判断错位|统一时钟源（Clock/ZoneId），或至少注释声明时区契约|open|batch-2|
R4-01241|d:\6\恋爱小程序\apps\api\src\main\java\com\campuslove\api\mock\MockOfficialAccountService.java|41|B|P2|LocalDateTime.now() 未显式指定 ZoneId（JVM 默认时区）(null, null, null, null, LocalDateTime.)|JVM 时区与 DB Asia/Shanghai 不一致时，时间戳/窗口判断错位|统一时钟源（Clock/ZoneId），或至少注释声明时区契约|open|batch-2|
R4-01242|d:\6\恋爱小程序\apps\api\src\main\java\com\campuslove\api\mock\MockOfficialAccountService.java|44|B|P2|LocalDateTime.now() 未显式指定 ZoneId（JVM 默认时区）(null, null, null, null, LocalDateTime.)|JVM 时区与 DB Asia/Shanghai 不一致时，时间戳/窗口判断错位|统一时钟源（Clock/ZoneId），或至少注释声明时区契约|open|batch-2|
R4-01243|d:\6\恋爱小程序\apps\api\src\main\java\com\campuslove\api\mock\MockOfficialAccountService.java|47|B|P2|LocalDateTime.now() 未显式指定 ZoneId（JVM 默认时区）(null, null, null, null, LocalDateTime.)|JVM 时区与 DB Asia/Shanghai 不一致时，时间戳/窗口判断错位|统一时钟源（Clock/ZoneId），或至少注释声明时区契约|open|batch-2|
R4-01244|d:\6\恋爱小程序\apps\api\src\main\java\com\campuslove\api\mock\MockOfficialAccountService.java|52|B|P2|LocalDateTime.now() 未显式指定 ZoneId（JVM 默认时区）(null, null, null, null, LocalDateTime.)|JVM 时区与 DB Asia/Shanghai 不一致时，时间戳/窗口判断错位|统一时钟源（Clock/ZoneId），或至少注释声明时区契约|open|batch-2|
R4-01245|d:\6\恋爱小程序\apps\api\src\main\java\com\campuslove\api\mock\MockOfficialAccountService.java|59|B|P2|LocalDateTime.now() 未显式指定 ZoneId（JVM 默认时区）(LocalDateTime.now().minusDays(4)),)|JVM 时区与 DB Asia/Shanghai 不一致时，时间戳/窗口判断错位|统一时钟源（Clock/ZoneId），或至少注释声明时区契约|open|batch-2|
R4-01246|d:\6\恋爱小程序\apps\api\src\main\java\com\campuslove\api\mock\MockOfficialAccountService.java|62|B|P2|LocalDateTime.now() 未显式指定 ZoneId（JVM 默认时区）(null, null, null, null, LocalDateTime.)|JVM 时区与 DB Asia/Shanghai 不一致时，时间戳/窗口判断错位|统一时钟源（Clock/ZoneId），或至少注释声明时区契约|open|batch-2|
R4-01247|d:\6\恋爱小程序\apps\api\src\main\java\com\campuslove\api\mock\MockOfficialAccountService.java|69|B|P2|LocalDateTime.now() 未显式指定 ZoneId（JVM 默认时区）(LocalDateTime.now().minusDays(1)))|JVM 时区与 DB Asia/Shanghai 不一致时，时间戳/窗口判断错位|统一时钟源（Clock/ZoneId），或至少注释声明时区契约|open|batch-2|
R4-01248|d:\6\恋爱小程序\apps\api\src\main\java\com\campuslove\api\vip\AutoRenewService.java|357|B|P2|LocalDateTime.now() 未显式指定 ZoneId（JVM 默认时区）(LocalDateTime now = LocalDateTime.now()|JVM 时区与 DB Asia/Shanghai 不一致时，时间戳/窗口判断错位|统一时钟源（Clock/ZoneId），或至少注释声明时区契约|open|batch-2|
R4-01249|d:\6\恋爱小程序\apps\api\src\main\java\com\campuslove\api\vip\AutoRenewService.java|429|B|P2|LocalDateTime.now() 未显式指定 ZoneId（JVM 默认时区）(logEntry.setCreatedAt(LocalDateTime.no)|JVM 时区与 DB Asia/Shanghai 不一致时，时间戳/窗口判断错位|统一时钟源（Clock/ZoneId），或至少注释声明时区契约|open|batch-2|
R4-01250|d:\6\恋爱小程序\apps\api\src\main\java\com\campuslove\api\growth\MockPushSummaryService.java|55|B|P2|LocalDateTime.now() 未显式指定 ZoneId（JVM 默认时区）(summary.setGeneratedAt(LocalDateTime.n)|JVM 时区与 DB Asia/Shanghai 不一致时，时间戳/窗口判断错位|统一时钟源（Clock/ZoneId），或至少注释声明时区契约|open|batch-2|
R4-01251|d:\6\恋爱小程序\apps\api\src\main\java\com\campuslove\api\growth\MockPushSummaryService.java|89|B|P2|LocalDateTime.now() 未显式指定 ZoneId（JVM 默认时区）(summary.setGeneratedAt(LocalDateTime.n)|JVM 时区与 DB Asia/Shanghai 不一致时，时间戳/窗口判断错位|统一时钟源（Clock/ZoneId），或至少注释声明时区契约|open|batch-2|
R4-01252|d:\6\恋爱小程序\apps\api\src\main\java\com\campuslove\api\growth\MockPushSummaryService.java|108|B|P2|LocalDateTime.now() 未显式指定 ZoneId（JVM 默认时区）(summary.setSentAt(LocalDateTime.now()))|JVM 时区与 DB Asia/Shanghai 不一致时，时间戳/窗口判断错位|统一时钟源（Clock/ZoneId），或至少注释声明时区契约|open|batch-2|
R4-01253|d:\6\恋爱小程序\apps\api\src\main\java\com\campuslove\api\mock\MockNotificationService.java|58|B|P2|Instant.now() 未显式指定 ZoneId（JVM 默认时区）(Instant now = Instant.now();)|JVM 时区与 DB Asia/Shanghai 不一致时，时间戳/窗口判断错位|统一时钟源（Clock/ZoneId），或至少注释声明时区契约|open|batch-2|
R4-01254|d:\6\恋爱小程序\apps\api\src\main\java\com\campuslove\api\mock\MockNotificationService.java|230|B|P2|Instant.now() 未显式指定 ZoneId（JVM 默认时区）("系统", null, referenceId, referenceType)|JVM 时区与 DB Asia/Shanghai 不一致时，时间戳/窗口判断错位|统一时钟源（Clock/ZoneId），或至少注释声明时区契约|open|batch-2|
R4-01255|d:\6\恋爱小程序\apps\api\src\main\java\com\campuslove\api\mock\MockCampusService.java|61|B|P2|LocalDateTime.now() 未显式指定 ZoneId（JVM 默认时区）(LocalDateTime.now(), LocalDateTime.now)|JVM 时区与 DB Asia/Shanghai 不一致时，时间戳/窗口判断错位|统一时钟源（Clock/ZoneId），或至少注释声明时区契约|open|batch-2|
R4-01256|d:\6\恋爱小程序\apps\api\src\main\java\com\campuslove\api\mock\MockCampusService.java|74|B|P2|LocalDateTime.now() 未显式指定 ZoneId（JVM 默认时区）(id, topicId, userId, "Mock校友", null, c)|JVM 时区与 DB Asia/Shanghai 不一致时，时间戳/窗口判断错位|统一时钟源（Clock/ZoneId），或至少注释声明时区契约|open|batch-2|
R4-01257|d:\6\恋爱小程序\apps\api\src\main\java\com\campuslove\api\mock\MockCampusService.java|101|B|P2|LocalDateTime.now() 未显式指定 ZoneId（JVM 默认时区）(LocalDateTime.now().minusHours(2).toSt)|JVM 时区与 DB Asia/Shanghai 不一致时，时间戳/窗口判断错位|统一时钟源（Clock/ZoneId），或至少注释声明时区契约|open|batch-2|
R4-01258|d:\6\恋爱小程序\apps\api\src\main\java\com\campuslove\api\mock\MockCampusService.java|110|B|P2|LocalDateTime.now() 未显式指定 ZoneId（JVM 默认时区）(LocalDateTime.now().minusHours(5).toSt)|JVM 时区与 DB Asia/Shanghai 不一致时，时间戳/窗口判断错位|统一时钟源（Clock/ZoneId），或至少注释声明时区契约|open|batch-2|
R4-01259|d:\6\恋爱小程序\apps\api\src\main\java\com\campuslove\api\mock\MockCampusService.java|119|B|P2|LocalDateTime.now() 未显式指定 ZoneId（JVM 默认时区）(LocalDateTime.now().minusDays(1).toStr)|JVM 时区与 DB Asia/Shanghai 不一致时，时间戳/窗口判断错位|统一时钟源（Clock/ZoneId），或至少注释声明时区契约|open|batch-2|
R4-01260|d:\6\恋爱小程序\apps\api\src\main\java\com\campuslove\api\mock\MockCampusService.java|138|B|P2|LocalDate.now() 未显式指定 ZoneId（JVM 默认时区）(12, List.of(), "upcoming", LocalDate.n)|JVM 时区与 DB Asia/Shanghai 不一致时，时间戳/窗口判断错位|统一时钟源（Clock/ZoneId），或至少注释声明时区契约|open|batch-2|
R4-01261|d:\6\恋爱小程序\apps\api\src\main\java\com\campuslove\api\mock\MockCampusService.java|143|B|P2|LocalDate.now() 未显式指定 ZoneId（JVM 默认时区）(8, List.of(), "upcoming", LocalDate.no)|JVM 时区与 DB Asia/Shanghai 不一致时，时间戳/窗口判断错位|统一时钟源（Clock/ZoneId），或至少注释声明时区契约|open|batch-2|
R4-01262|d:\6\恋爱小程序\apps\api\src\main\java\com\campuslove\api\mock\MockCampusService.java|148|B|P2|LocalDate.now() 未显式指定 ZoneId（JVM 默认时区）(20, List.of(), "ongoing", LocalDate.no)|JVM 时区与 DB Asia/Shanghai 不一致时，时间戳/窗口判断错位|统一时钟源（Clock/ZoneId），或至少注释声明时区契约|open|batch-2|
R4-01263|d:\6\恋爱小程序\apps\api\src\main\java\com\campuslove\api\mock\MockCampusService.java|195|B|P2|LocalDateTime.now() 未显式指定 ZoneId（JVM 默认时区）(LocalDateTime.now().minusDays(1), Loca)|JVM 时区与 DB Asia/Shanghai 不一致时，时间戳/窗口判断错位|统一时钟源（Clock/ZoneId），或至少注释声明时区契约|open|batch-2|
R4-01264|d:\6\恋爱小程序\apps\api\src\main\java\com\campuslove\api\mock\MockCampusService.java|201|B|P2|LocalDateTime.now() 未显式指定 ZoneId（JVM 默认时区）(LocalDateTime.now().minusDays(2), Loca)|JVM 时区与 DB Asia/Shanghai 不一致时，时间戳/窗口判断错位|统一时钟源（Clock/ZoneId），或至少注释声明时区契约|open|batch-2|
R4-01265|d:\6\恋爱小程序\apps\api\src\main\java\com\campuslove\api\mock\MockCampusService.java|207|B|P2|LocalDateTime.now() 未显式指定 ZoneId（JVM 默认时区）(LocalDateTime.now().minusDays(3), Loca)|JVM 时区与 DB Asia/Shanghai 不一致时，时间戳/窗口判断错位|统一时钟源（Clock/ZoneId），或至少注释声明时区契约|open|batch-2|
R4-01266|d:\6\恋爱小程序\apps\api\src\main\java\com\campuslove\api\mock\MockCampusService.java|213|B|P2|LocalDateTime.now() 未显式指定 ZoneId（JVM 默认时区）(LocalDateTime.now().minusDays(4), Loca)|JVM 时区与 DB Asia/Shanghai 不一致时，时间戳/窗口判断错位|统一时钟源（Clock/ZoneId），或至少注释声明时区契约|open|batch-2|
R4-01267|d:\6\恋爱小程序\apps\api\src\main\java\com\campuslove\api\mock\MockCampusService.java|220|B|P2|LocalDateTime.now() 未显式指定 ZoneId（JVM 默认时区）(LocalDateTime.now().minusDays(5), Loca)|JVM 时区与 DB Asia/Shanghai 不一致时，时间戳/窗口判断错位|统一时钟源（Clock/ZoneId），或至少注释声明时区契约|open|batch-2|
R4-01268|d:\6\恋爱小程序\apps\api\src\main\java\com\campuslove\api\mock\MockCampusService.java|227|B|P2|LocalDateTime.now() 未显式指定 ZoneId（JVM 默认时区）(LocalDateTime.now().minusHours(22)),)|JVM 时区与 DB Asia/Shanghai 不一致时，时间戳/窗口判断错位|统一时钟源（Clock/ZoneId），或至少注释声明时区契约|open|batch-2|
R4-01269|d:\6\恋爱小程序\apps\api\src\main\java\com\campuslove\api\mock\MockCampusService.java|230|B|P2|LocalDateTime.now() 未显式指定 ZoneId（JVM 默认时区）(LocalDateTime.now().minusHours(20)),)|JVM 时区与 DB Asia/Shanghai 不一致时，时间戳/窗口判断错位|统一时钟源（Clock/ZoneId），或至少注释声明时区契约|open|batch-2|
R4-01270|d:\6\恋爱小程序\apps\api\src\main\java\com\campuslove\api\mock\MockCampusService.java|234|B|P2|LocalDateTime.now() 未显式指定 ZoneId（JVM 默认时区）(LocalDateTime.now().minusHours(18)))|JVM 时区与 DB Asia/Shanghai 不一致时，时间戳/窗口判断错位|统一时钟源（Clock/ZoneId），或至少注释声明时区契约|open|batch-2|
R4-01271|d:\6\恋爱小程序\apps\api\src\main\java\com\campuslove\api\mock\MockCampusService.java|240|B|P2|LocalDateTime.now() 未显式指定 ZoneId（JVM 默认时区）(LocalDateTime.now().minusDays(1).minus)|JVM 时区与 DB Asia/Shanghai 不一致时，时间戳/窗口判断错位|统一时钟源（Clock/ZoneId），或至少注释声明时区契约|open|batch-2|
R4-01272|d:\6\恋爱小程序\apps\api\src\main\java\com\campuslove\api\mock\MockCampusService.java|243|B|P2|LocalDateTime.now() 未显式指定 ZoneId（JVM 默认时区）(LocalDateTime.now().minusDays(1).minus)|JVM 时区与 DB Asia/Shanghai 不一致时，时间戳/窗口判断错位|统一时钟源（Clock/ZoneId），或至少注释声明时区契约|open|batch-2|
R4-01273|d:\6\恋爱小程序\apps\api\src\main\java\com\campuslove\api\growth\MockCheckInService.java|61|B|P2|LocalDate.now() 未显式指定 ZoneId（JVM 默认时区）(LocalDate today = LocalDate.now();)|JVM 时区与 DB Asia/Shanghai 不一致时，时间戳/窗口判断错位|统一时钟源（Clock/ZoneId），或至少注释声明时区契约|open|batch-2|
R4-01274|d:\6\恋爱小程序\apps\api\src\main\java\com\campuslove\api\growth\MockCheckInService.java|100|B|P2|LocalDate.now() 未显式指定 ZoneId（JVM 默认时区）(LocalDate today = LocalDate.now();)|JVM 时区与 DB Asia/Shanghai 不一致时，时间戳/窗口判断错位|统一时钟源（Clock/ZoneId），或至少注释声明时区契约|open|batch-2|
R4-01275|d:\6\恋爱小程序\apps\api\src\main\java\com\campuslove\api\growth\MockCheckInService.java|150|B|P2|LocalDate.now() 未显式指定 ZoneId（JVM 默认时区）(LocalDate today = LocalDate.now();)|JVM 时区与 DB Asia/Shanghai 不一致时，时间戳/窗口判断错位|统一时钟源（Clock/ZoneId），或至少注释声明时区契约|open|batch-2|
R4-01276|d:\6\恋爱小程序\apps\api\src\main\java\com\campuslove\api\mock\MockCampusCertificationService.java|61|B|P2|LocalDateTime.now() 未显式指定 ZoneId（JVM 默认时区）(LocalDateTime.now().minusDays(2),)|JVM 时区与 DB Asia/Shanghai 不一致时，时间戳/窗口判断错位|统一时钟源（Clock/ZoneId），或至少注释声明时区契约|open|batch-2|
R4-01277|d:\6\恋爱小程序\apps\api\src\main\java\com\campuslove\api\mock\MockCampusCertificationService.java|87|B|P2|LocalDateTime.now() 未显式指定 ZoneId（JVM 默认时区）(existing.setSubmittedAt(LocalDateTime.)|JVM 时区与 DB Asia/Shanghai 不一致时，时间戳/窗口判断错位|统一时钟源（Clock/ZoneId），或至少注释声明时区契约|open|batch-2|
R4-01278|d:\6\恋爱小程序\apps\api\src\main\java\com\campuslove\api\mock\MockCampusCertificationService.java|101|B|P2|LocalDateTime.now() 未显式指定 ZoneId（JVM 默认时区）(LocalDateTime.now(),)|JVM 时区与 DB Asia/Shanghai 不一致时，时间戳/窗口判断错位|统一时钟源（Clock/ZoneId），或至少注释声明时区契约|open|batch-2|
R4-01279|d:\6\恋爱小程序\apps\api\src\main\java\com\campuslove\api\mock\MockCampusCertificationService.java|136|B|P2|LocalDateTime.now() 未显式指定 ZoneId（JVM 默认时区）(view.setReviewedAt(LocalDateTime.now())|JVM 时区与 DB Asia/Shanghai 不一致时，时间戳/窗口判断错位|统一时钟源（Clock/ZoneId），或至少注释声明时区契约|open|batch-2|
R4-01280|d:\6\恋爱小程序\apps\api\src\main\java\com\campuslove\api\mock\MockCampusCertificationService.java|167|B|P2|LocalDateTime.now() 未显式指定 ZoneId（JVM 默认时区）(existing.setReviewedAt(LocalDateTime.n)|JVM 时区与 DB Asia/Shanghai 不一致时，时间戳/窗口判断错位|统一时钟源（Clock/ZoneId），或至少注释声明时区契约|open|batch-2|
R4-01281|d:\6\恋爱小程序\apps\api\src\main\java\com\campuslove\api\mock\MockCampusCertificationService.java|180|B|P2|LocalDateTime.now() 未显式指定 ZoneId（JVM 默认时区）(LocalDateTime.now().minusMinutes(5),)|JVM 时区与 DB Asia/Shanghai 不一致时，时间戳/窗口判断错位|统一时钟源（Clock/ZoneId），或至少注释声明时区契约|open|batch-2|
R4-01282|d:\6\恋爱小程序\apps\api\src\main\java\com\campuslove\api\mock\MockCampusCertificationService.java|181|B|P2|LocalDateTime.now() 未显式指定 ZoneId（JVM 默认时区）(LocalDateTime.now())|JVM 时区与 DB Asia/Shanghai 不一致时，时间戳/窗口判断错位|统一时钟源（Clock/ZoneId），或至少注释声明时区契约|open|batch-2|
R4-01283|d:\6\恋爱小程序\apps\api\src\main\java\com\campuslove\api\mq\NotificationConsumer.java|128|B|P2|LocalDateTime.now() 未显式指定 ZoneId（JVM 默认时区）(LocalDateTime.now().format()|JVM 时区与 DB Asia/Shanghai 不一致时，时间戳/窗口判断错位|统一时钟源（Clock/ZoneId），或至少注释声明时区契约|open|batch-2|
R4-01284|d:\6\恋爱小程序\apps\api\src\main\java\com\campuslove\api\mq\NotificationConsumer.java|223|B|P2|LocalDateTime.now() 未显式指定 ZoneId（JVM 默认时区）(return LocalDateTime.now();)|JVM 时区与 DB Asia/Shanghai 不一致时，时间戳/窗口判断错位|统一时钟源（Clock/ZoneId），或至少注释声明时区契约|open|batch-2|
R4-01285|d:\6\恋爱小程序\apps\api\src\main\java\com\campuslove\api\mq\MatchEventConsumer.java|238|B|P2|LocalDateTime.now() 未显式指定 ZoneId（JVM 默认时区）(entity.setCreatedAt(createdAt != null )|JVM 时区与 DB Asia/Shanghai 不一致时，时间戳/窗口判断错位|统一时钟源（Clock/ZoneId），或至少注释声明时区契约|open|batch-2|
R4-01286|d:\6\恋爱小程序\apps\api\src\main\java\com\campuslove\api\mq\MatchEventConsumer.java|256|B|P2|LocalDateTime.now() 未显式指定 ZoneId（JVM 默认时区）(return LocalDateTime.now();)|JVM 时区与 DB Asia/Shanghai 不一致时，时间戳/窗口判断错位|统一时钟源（Clock/ZoneId），或至少注释声明时区契约|open|batch-2|
R4-01287|d:\6\恋爱小程序\apps\api\src\main\java\com\campuslove\api\mq\CheckInEventConsumer.java|197|B|P2|LocalDateTime.now() 未显式指定 ZoneId（JVM 默认时区）(entity.setCreatedAt(createdAt != null )|JVM 时区与 DB Asia/Shanghai 不一致时，时间戳/窗口判断错位|统一时钟源（Clock/ZoneId），或至少注释声明时区契约|open|batch-2|
R4-01288|d:\6\恋爱小程序\apps\api\src\main\java\com\campuslove\api\mq\CheckInEventConsumer.java|214|B|P2|LocalDateTime.now() 未显式指定 ZoneId（JVM 默认时区）(return LocalDateTime.now();)|JVM 时区与 DB Asia/Shanghai 不一致时，时间戳/窗口判断错位|统一时钟源（Clock/ZoneId），或至少注释声明时区契约|open|batch-2|
R4-01289|d:\6\恋爱小程序\apps\api\src\main\java\com\campuslove\api\entity\PostTag.java|68|B|P2|LocalDateTime.now() 未显式指定 ZoneId（JVM 默认时区）(this.createdAt = LocalDateTime.now();)|JVM 时区与 DB Asia/Shanghai 不一致时，时间戳/窗口判断错位|统一时钟源（Clock/ZoneId），或至少注释声明时区契约|open|batch-2|
R4-01290|d:\6\恋爱小程序\apps\api\src\main\java\com\campuslove\api\entity\PostLike.java|71|B|P2|LocalDateTime.now() 未显式指定 ZoneId（JVM 默认时区）(this.createdAt = LocalDateTime.now();)|JVM 时区与 DB Asia/Shanghai 不一致时，时间戳/窗口判断错位|统一时钟源（Clock/ZoneId），或至少注释声明时区契约|open|batch-2|
R4-01291|d:\6\恋爱小程序\apps\api\src\main\java\com\campuslove\api\media\LocalMediaStorageService.java|252|B|P2|LocalDate.now() 未显式指定 ZoneId（JVM 默认时区）(String monthSegment = LocalDate.now().)|JVM 时区与 DB Asia/Shanghai 不一致时，时间戳/窗口判断错位|统一时钟源（Clock/ZoneId），或至少注释声明时区契约|open|batch-2|
R4-01292|d:\6\恋爱小程序\apps\api\src\main\java\com\campuslove\api\entity\PostFavorite.java|64|B|P2|LocalDateTime.now() 未显式指定 ZoneId（JVM 默认时区）(this.createdAt = LocalDateTime.now();)|JVM 时区与 DB Asia/Shanghai 不一致时，时间戳/窗口判断错位|统一时钟源（Clock/ZoneId），或至少注释声明时区契约|open|batch-2|
R4-01293|d:\6\恋爱小程序\apps\api\src\main\java\com\campuslove\api\entity\MediaAsset.java|118|B|P2|LocalDateTime.now() 未显式指定 ZoneId（JVM 默认时区）(this.createdAt = LocalDateTime.now();)|JVM 时区与 DB Asia/Shanghai 不一致时，时间戳/窗口判断错位|统一时钟源（Clock/ZoneId），或至少注释声明时区契约|open|batch-2|
R4-01294|d:\6\恋爱小程序\apps\api\src\main\java\com\campuslove\api\feedback\RealFeedbackService.java|74|B|P2|LocalDateTime.now() 未显式指定 ZoneId（JVM 默认时区）(LocalDateTime now = LocalDateTime.now()|JVM 时区与 DB Asia/Shanghai 不一致时，时间戳/窗口判断错位|统一时钟源（Clock/ZoneId），或至少注释声明时区契约|open|batch-2|
R4-01295|d:\6\恋爱小程序\apps\api\src\main\java\com\campuslove\api\feedback\RealFeedbackService.java|165|B|P2|LocalDateTime.now() 未显式指定 ZoneId（JVM 默认时区）(feedback.setUpdatedAt(LocalDateTime.no)|JVM 时区与 DB Asia/Shanghai 不一致时，时间戳/窗口判断错位|统一时钟源（Clock/ZoneId），或至少注释声明时区契约|open|batch-2|
R4-01296|d:\6\恋爱小程序\apps\api\src\main\java\com\campuslove\api\feedback\RealFeedbackService.java|303|B|P2|LocalDateTime.now() 未显式指定 ZoneId（JVM 默认时区）(feedback.setUpdatedAt(LocalDateTime.no)|JVM 时区与 DB Asia/Shanghai 不一致时，时间戳/窗口判断错位|统一时钟源（Clock/ZoneId），或至少注释声明时区契约|open|batch-2|
R4-01297|d:\6\恋爱小程序\apps\api\src\main\java\com\campuslove\api\match\RealMatchService.java|254|B|P2|LocalDateTime.now() 未显式指定 ZoneId（JVM 默认时区）(LocalDateTime now = LocalDateTime.now()|JVM 时区与 DB Asia/Shanghai 不一致时，时间戳/窗口判断错位|统一时钟源（Clock/ZoneId），或至少注释声明时区契约|open|batch-2|
R4-01298|d:\6\恋爱小程序\apps\api\src\main\java\com\campuslove\api\match\RealMatchService.java|407|B|P2|LocalDateTime.now() 未显式指定 ZoneId（JVM 默认时区）(userId, userId, java.util.List.of(Sign)|JVM 时区与 DB Asia/Shanghai 不一致时，时间戳/窗口判断错位|统一时钟源（Clock/ZoneId），或至少注释声明时区契约|open|batch-2|
R4-01299|d:\6\恋爱小程序\apps\api\src\main\java\com\campuslove\api\match\RealMatchService.java|432|B|P2|LocalDateTime.now() 未显式指定 ZoneId（JVM 默认时区）(LocalDateTime now = LocalDateTime.now()|JVM 时区与 DB Asia/Shanghai 不一致时，时间戳/窗口判断错位|统一时钟源（Clock/ZoneId），或至少注释声明时区契约|open|batch-2|
R4-01300|d:\6\恋爱小程序\apps\api\src\main\java\com\campuslove\api\entity\UserFollow.java|71|B|P2|LocalDateTime.now() 未显式指定 ZoneId（JVM 默认时区）(this.createdAt = LocalDateTime.now();)|JVM 时区与 DB Asia/Shanghai 不一致时，时间戳/窗口判断错位|统一时钟源（Clock/ZoneId），或至少注释声明时区契约|open|batch-2|
R4-01301|d:\6\恋爱小程序\apps\api\src\main\java\com\campuslove\api\user\RealOnlineStatusService.java|53|B|P2|LocalDateTime.now() 未显式指定 ZoneId（JVM 默认时区）(LocalDateTime now = LocalDateTime.now()|JVM 时区与 DB Asia/Shanghai 不一致时，时间戳/窗口判断错位|统一时钟源（Clock/ZoneId），或至少注释声明时区契约|open|batch-2|
R4-01302|d:\6\恋爱小程序\apps\api\src\main\java\com\campuslove\api\user\RealOnlineStatusService.java|154|B|P2|LocalDateTime.now() 未显式指定 ZoneId（JVM 默认时区）(LocalDateTime threshold = LocalDateTim)|JVM 时区与 DB Asia/Shanghai 不一致时，时间戳/窗口判断错位|统一时钟源（Clock/ZoneId），或至少注释声明时区契约|open|batch-2|
R4-01303|d:\6\恋爱小程序\apps\api\src\main\java\com\campuslove\api\match\MatchPolicy.java|96|B|P2|LocalDate.now() 未显式指定 ZoneId（JVM 默认时区）(String dateKey = LocalDate.now().forma)|JVM 时区与 DB Asia/Shanghai 不一致时，时间戳/窗口判断错位|统一时钟源（Clock/ZoneId），或至少注释声明时区契约|open|batch-2|
R4-01304|d:\6\恋爱小程序\apps\api\src\main\java\com\campuslove\api\match\MatchPolicy.java|129|B|P2|LocalDate.now() 未显式指定 ZoneId（JVM 默认时区）(String dateKey = LocalDate.now().forma)|JVM 时区与 DB Asia/Shanghai 不一致时，时间戳/窗口判断错位|统一时钟源（Clock/ZoneId），或至少注释声明时区契约|open|batch-2|
R4-01305|d:\6\恋爱小程序\apps\api\src\main\java\com\campuslove\api\match\MatchPolicy.java|157|B|P2|LocalDate.now() 未显式指定 ZoneId（JVM 默认时区）(String dateKey = LocalDate.now().forma)|JVM 时区与 DB Asia/Shanghai 不一致时，时间戳/窗口判断错位|统一时钟源（Clock/ZoneId），或至少注释声明时区契约|open|batch-2|
R4-01306|d:\6\恋爱小程序\apps\api\src\main\java\com\campuslove\api\match\MatchPolicy.java|193|B|P2|LocalDate.now() 未显式指定 ZoneId（JVM 默认时区）(String dateKey = LocalDate.now().forma)|JVM 时区与 DB Asia/Shanghai 不一致时，时间戳/窗口判断错位|统一时钟源（Clock/ZoneId），或至少注释声明时区契约|open|batch-2|
R4-01307|d:\6\恋爱小程序\apps\api\src\main\java\com\campuslove\api\match\MatchPolicy.java|216|B|P2|LocalDate.now() 未显式指定 ZoneId（JVM 默认时区）(String dateKey = LocalDate.now().forma)|JVM 时区与 DB Asia/Shanghai 不一致时，时间戳/窗口判断错位|统一时钟源（Clock/ZoneId），或至少注释声明时区契约|open|batch-2|
R4-01308|d:\6\恋爱小程序\apps\api\src\main\java\com\campuslove\api\match\MatchRecorder.java|123|B|P2|LocalDateTime.now() 未显式指定 ZoneId（JVM 默认时区）(like.setUpdatedAt(LocalDateTime.now()))|JVM 时区与 DB Asia/Shanghai 不一致时，时间戳/窗口判断错位|统一时钟源（Clock/ZoneId），或至少注释声明时区契约|open|batch-2|
R4-01309|d:\6\恋爱小程序\apps\api\src\main\java\com\campuslove\api\match\MatchRecorder.java|182|B|P2|LocalDateTime.now() 未显式指定 ZoneId（JVM 默认时区）(LocalDateTime now = LocalDateTime.now()|JVM 时区与 DB Asia/Shanghai 不一致时，时间戳/窗口判断错位|统一时钟源（Clock/ZoneId），或至少注释声明时区契约|open|batch-2|
R4-01310|d:\6\恋爱小程序\apps\api\src\main\java\com\campuslove\api\match\MatchRecorder.java|214|B|P2|LocalDateTime.now() 未显式指定 ZoneId（JVM 默认时区）(record.setCreatedAt(LocalDateTime.now()|JVM 时区与 DB Asia/Shanghai 不一致时，时间戳/窗口判断错位|统一时钟源（Clock/ZoneId），或至少注释声明时区契约|open|batch-2|
R4-01311|d:\6\恋爱小程序\apps\api\src\main\java\com\campuslove\api\match\MatchRecorder.java|260|B|P2|LocalDate.now() 未显式指定 ZoneId（JVM 默认时区）(LocalDate today = LocalDate.now();)|JVM 时区与 DB Asia/Shanghai 不一致时，时间戳/窗口判断错位|统一时钟源（Clock/ZoneId），或至少注释声明时区契约|open|batch-2|
R4-01312|d:\6\恋爱小程序\apps\api\src\main\java\com\campuslove\api\match\MatchRecorder.java|267|B|P2|LocalDateTime.now() 未显式指定 ZoneId（JVM 默认时区）(visitor.setCreatedAt(LocalDateTime.now)|JVM 时区与 DB Asia/Shanghai 不一致时，时间戳/窗口判断错位|统一时钟源（Clock/ZoneId），或至少注释声明时区契约|open|batch-2|
R4-01313|d:\6\恋爱小程序\apps\api\src\main\java\com\campuslove\api\match\MatchRecorder.java|294|B|P2|LocalDateTime.now() 未显式指定 ZoneId（JVM 默认时区）(signal.setUpdatedAt(LocalDateTime.now()|JVM 时区与 DB Asia/Shanghai 不一致时，时间戳/窗口判断错位|统一时钟源（Clock/ZoneId），或至少注释声明时区契约|open|batch-2|
R4-01314|d:\6\恋爱小程序\apps\api\src\main\java\com\campuslove\api\match\MatchRecorder.java|305|B|P2|LocalDateTime.now() 未显式指定 ZoneId（JVM 默认时区）(signal.setUpdatedAt(LocalDateTime.now()|JVM 时区与 DB Asia/Shanghai 不一致时，时间戳/窗口判断错位|统一时钟源（Clock/ZoneId），或至少注释声明时区契约|open|batch-2|
R4-01315|d:\6\恋爱小程序\apps\api\src\main\java\com\campuslove\api\match\MatchRecorder.java|353|B|P2|Instant.now() 未显式指定 ZoneId（JVM 默认时区）(userId, targetUserId, type, Instant.no)|JVM 时区与 DB Asia/Shanghai 不一致时，时间戳/窗口判断错位|统一时钟源（Clock/ZoneId），或至少注释声明时区契约|open|batch-2|
R4-01316|d:\6\恋爱小程序\apps\api\src\main\java\com\campuslove\api\village\MockPostTagService.java|104|B|P2|LocalDateTime.now() 未显式指定 ZoneId（JVM 默认时区）(LocalDateTime.now().minusHours(1))|JVM 时区与 DB Asia/Shanghai 不一致时，时间戳/窗口判断错位|统一时钟源（Clock/ZoneId），或至少注释声明时区契约|open|batch-2|
R4-01317|d:\6\恋爱小程序\apps\api\src\main\java\com\campuslove\api\village\MockPostTagService.java|110|B|P2|LocalDateTime.now() 未显式指定 ZoneId（JVM 默认时区）(LocalDateTime.now().minusHours(3))|JVM 时区与 DB Asia/Shanghai 不一致时，时间戳/窗口判断错位|统一时钟源（Clock/ZoneId），或至少注释声明时区契约|open|batch-2|
R4-01318|d:\6\恋爱小程序\apps\api\src\main\java\com\campuslove\api\village\MockPostTagService.java|116|B|P2|LocalDateTime.now() 未显式指定 ZoneId（JVM 默认时区）(LocalDateTime.now().minusHours(5))|JVM 时区与 DB Asia/Shanghai 不一致时，时间戳/窗口判断错位|统一时钟源（Clock/ZoneId），或至少注释声明时区契约|open|batch-2|
R4-01319|d:\6\恋爱小程序\apps\api\src\main\java\com\campuslove\api\village\MockPostTagService.java|122|B|P2|LocalDateTime.now() 未显式指定 ZoneId（JVM 默认时区）(LocalDateTime.now().minusDays(1))|JVM 时区与 DB Asia/Shanghai 不一致时，时间戳/窗口判断错位|统一时钟源（Clock/ZoneId），或至少注释声明时区契约|open|batch-2|
R4-01320|d:\6\恋爱小程序\apps\api\src\main\java\com\campuslove\api\village\MockPostTagService.java|128|B|P2|LocalDateTime.now() 未显式指定 ZoneId（JVM 默认时区）(LocalDateTime.now().minusDays(1).minus)|JVM 时区与 DB Asia/Shanghai 不一致时，时间戳/窗口判断错位|统一时钟源（Clock/ZoneId），或至少注释声明时区契约|open|batch-2|
R4-01321|d:\6\恋爱小程序\apps\api\src\main\java\com\campuslove\api\village\MockPostTagService.java|134|B|P2|LocalDateTime.now() 未显式指定 ZoneId（JVM 默认时区）(LocalDateTime.now().minusDays(2))|JVM 时区与 DB Asia/Shanghai 不一致时，时间戳/窗口判断错位|统一时钟源（Clock/ZoneId），或至少注释声明时区契约|open|batch-2|
R4-01322|d:\6\恋爱小程序\apps\api\src\main\java\com\campuslove\api\village\PostReportController.java|101|B|P2|LocalDateTime.now() 未显式指定 ZoneId（JVM 默认时区）(report.setCreatedAt(LocalDateTime.now()|JVM 时区与 DB Asia/Shanghai 不一致时，时间戳/窗口判断错位|统一时钟源（Clock/ZoneId），或至少注释声明时区契约|open|batch-2|
R4-01323|d:\6\恋爱小程序\apps\api\src\main\java\com\campuslove\api\village\VillageInteractionService.java|150|B|P2|LocalDateTime.now() 未显式指定 ZoneId（JVM 默认时区）(LocalDateTime now = LocalDateTime.now()|JVM 时区与 DB Asia/Shanghai 不一致时，时间戳/窗口判断错位|统一时钟源（Clock/ZoneId），或至少注释声明时区契约|open|batch-2|
R4-01324|d:\6\恋爱小程序\apps\api\src\main\java\com\campuslove\api\village\VillageInteractionService.java|313|B|P2|LocalDateTime.now() 未显式指定 ZoneId（JVM 默认时区）(LocalDateTime now = LocalDateTime.now()|JVM 时区与 DB Asia/Shanghai 不一致时，时间戳/窗口判断错位|统一时钟源（Clock/ZoneId），或至少注释声明时区契约|open|batch-2|
R4-01325|d:\6\恋爱小程序\apps\api\src\main\java\com\campuslove\api\village\VillageInteractionService.java|384|B|P2|LocalDateTime.now() 未显式指定 ZoneId（JVM 默认时区）(LocalDateTime now = LocalDateTime.now()|JVM 时区与 DB Asia/Shanghai 不一致时，时间戳/窗口判断错位|统一时钟源（Clock/ZoneId），或至少注释声明时区契约|open|batch-2|
R4-01326|d:\6\恋爱小程序\apps\api\src\main\java\com\campuslove\api\village\VillageInteractionService.java|439|B|P2|LocalDateTime.now() 未显式指定 ZoneId（JVM 默认时区）(LocalDateTime now = LocalDateTime.now()|JVM 时区与 DB Asia/Shanghai 不一致时，时间戳/窗口判断错位|统一时钟源（Clock/ZoneId），或至少注释声明时区契约|open|batch-2|
R4-01327|d:\6\恋爱小程序\apps\api\src\main\java\com\campuslove\api\village\VillagePostService.java|106|B|P2|LocalDateTime.now() 未显式指定 ZoneId（JVM 默认时区）(LocalDateTime now = LocalDateTime.now()|JVM 时区与 DB Asia/Shanghai 不一致时，时间戳/窗口判断错位|统一时钟源（Clock/ZoneId），或至少注释声明时区契约|open|batch-2|
R4-01328|d:\6\恋爱小程序\apps\api\src\main\java\com\campuslove\api\auth\OnlineUserService.java|84|B|P2|System.currentTimeMillis() 作日期/过期语义，未统一时间源 (long nowMs = System.currentTimeMillis()|epoch 语义无时区问题，但与 LocalDateTime 混用使换算口径不统一|统一时间源（Clock/Instant 优先），避免与 LocalDateTime 混算|open|batch-2|
R4-01329|d:\6\恋爱小程序\apps\api\src\main\java\com\campuslove\api\auth\OnlineUserService.java|163|B|P2|System.currentTimeMillis() 作日期/过期语义，未统一时间源 (expiresAtEpochMs() < System.currentTim)|epoch 语义无时区问题，但与 LocalDateTime 混用使换算口径不统一|统一时间源（Clock/Instant 优先），避免与 LocalDateTime 混算|open|batch-2|
R4-01330|d:\6\恋爱小程序\apps\api\src\main\java\com\campuslove\api\auth\OnlineUserService.java|188|B|P2|System.currentTimeMillis() 作日期/过期语义，未统一时间源 (expiresAtEpochMs() < System.currentTim)|epoch 语义无时区问题，但与 LocalDateTime 混用使换算口径不统一|统一时间源（Clock/Instant 优先），避免与 LocalDateTime 混算|open|batch-2|
R4-01331|d:\6\恋爱小程序\apps\api\src\main\java\com\campuslove\api\auth\OnlineUserService.java|203|B|P2|System.currentTimeMillis() 作日期/过期语义，未统一时间源 (long now = System.currentTimeMillis())|epoch 语义无时区问题，但与 LocalDateTime 混用使换算口径不统一|统一时间源（Clock/Instant 优先），避免与 LocalDateTime 混算|open|batch-2|
R4-01332|d:\6\恋爱小程序\apps\api\src\main\java\com\campuslove\api\auth\OnlineUserService.java|283|B|P2|System.currentTimeMillis() 作日期/过期语义，未统一时间源 (expiresAtEpochMs - System.currentTimeM)|epoch 语义无时区问题，但与 LocalDateTime 混用使换算口径不统一|统一时间源（Clock/Instant 优先），避免与 LocalDateTime 混算|open|batch-2|
R4-01333|d:\6\恋爱小程序\apps\api\src\main\java\com\campuslove\api\auth\RedisTokenBlacklistService.java|71|B|P2|System.currentTimeMillis() 作日期/过期语义，未统一时间源 (long now = System.currentTimeMillis())|epoch 语义无时区问题，但与 LocalDateTime 混用使换算口径不统一|统一时间源（Clock/Instant 优先），避免与 LocalDateTime 混算|open|batch-2|
R4-01334|d:\6\恋爱小程序\apps\api\src\main\java\com\campuslove\api\auth\RedisTokenBlacklistService.java|119|B|P2|System.currentTimeMillis() 作日期/过期语义，未统一时间源 (currentTimeMillis() + ttlSeconds * 100)|epoch 语义无时区问题，但与 LocalDateTime 混用使换算口径不统一|统一时间源（Clock/Instant 优先），避免与 LocalDateTime 混算|open|batch-2|
R4-01335|d:\6\恋爱小程序\apps\api\src\main\java\com\campuslove\api\auth\RedisTokenBlacklistService.java|185|B|P2|System.currentTimeMillis() 作日期/过期语义，未统一时间源 (expireAt < System.currentTimeMillis())|epoch 语义无时区问题，但与 LocalDateTime 混用使换算口径不统一|统一时间源（Clock/Instant 优先），避免与 LocalDateTime 混算|open|batch-2|
R4-01336|d:\6\恋爱小程序\apps\api\src\main\java\com\campuslove\api\ratelimit\RateLimitBucketRegistry.java|90|B|P2|System.currentTimeMillis() 作日期/过期语义，未统一时间源 (entry.lastUsedAt = System.currentTimeM)|epoch 语义无时区问题，但与 LocalDateTime 混用使换算口径不统一|统一时间源（Clock/Instant 优先），避免与 LocalDateTime 混算|open|batch-2|
R4-01337|d:\6\恋爱小程序\apps\api\src\main\java\com\campuslove\api\ratelimit\RateLimitBucketRegistry.java|134|B|P2|System.currentTimeMillis() 作日期/过期语义，未统一时间源 (long now = System.currentTimeMillis())|epoch 语义无时区问题，但与 LocalDateTime 混用使换算口径不统一|统一时间源（Clock/Instant 优先），避免与 LocalDateTime 混算|open|batch-2|
R4-01338|d:\6\恋爱小程序\apps\api\src\main\java\com\campuslove\api\ratelimit\RateLimitBucketRegistry.java|172|B|P2|System.currentTimeMillis() 作日期/过期语义，未统一时间源 (new BucketEntry(bucket, System.current)|epoch 语义无时区问题，但与 LocalDateTime 混用使换算口径不统一|统一时间源（Clock/Instant 优先），避免与 LocalDateTime 混算|open|batch-2|
R4-01339|d:\6\恋爱小程序\apps\api\src\main\java\com\campuslove\api\growth\WeChatPushService.java|85|B|P2|System.currentTimeMillis() 作日期/过期语义，未统一时间源 (long now = System.currentTimeMillis())|epoch 语义无时区问题，但与 LocalDateTime 混用使换算口径不统一|统一时间源（Clock/Instant 优先），避免与 LocalDateTime 混算|open|batch-2|
R4-01340|d:\6\恋爱小程序\apps\api\src\main\java\com\campuslove\api\growth\WeChatPushService.java|113|B|P2|System.currentTimeMillis() 作日期/过期语义，未统一时间源 (long nowAfterFetch = System.currentTim)|epoch 语义无时区问题，但与 LocalDateTime 混用使换算口径不统一|统一时间源（Clock/Instant 优先），避免与 LocalDateTime 混算|open|batch-2|
R4-01341|d:\6\恋爱小程序\apps\api\src\main\java\com\campuslove\api\auth\AppleIdentityTokenVerifier.java|179|B|P2|System.currentTimeMillis() 作日期/过期语义，未统一时间源 (long now = System.currentTimeMillis())|epoch 语义无时区问题，但与 LocalDateTime 混用使换算口径不统一|统一时间源（Clock/Instant 优先），避免与 LocalDateTime 混算|open|batch-2|
R4-01342|d:\6\恋爱小程序\apps\api\src\main\java\com\campuslove\api\auth\AppleIdentityTokenVerifier.java|185|B|P2|System.currentTimeMillis() 作日期/过期语义，未统一时间源 (now = System.currentTimeMillis())|epoch 语义无时区问题，但与 LocalDateTime 混用使换算口径不统一|统一时间源（Clock/Instant 优先），避免与 LocalDateTime 混算|open|batch-2|
R4-01343|d:\6\恋爱小程序\apps\api\src\main\java\com\campuslove\api\auth\AppleIdentityTokenVerifier.java|192|B|P2|System.currentTimeMillis() 作日期/过期语义，未统一时间源 (keysFetchedAtMillis = System.currentTi)|epoch 语义无时区问题，但与 LocalDateTime 混用使换算口径不统一|统一时间源（Clock/Instant 优先），避免与 LocalDateTime 混算|open|batch-2|
