file	bytes	uniqueColors	dominantRatio	meanBright	stdBright	verdict
pages_discover_index__交互后.pngtERRt在设置字符串格式时出错: 索引(从零开始)必须大于或等于零，且小于参数列表的大小。。
pages_discover_index__弹层态.pngtERRt在设置字符串格式时出错: 索引(从零开始)必须大于或等于零，且小于参数列表的大小。。
pages_discover_index__默认.pngtERRt在设置字符串格式时出错: 索引(从零开始)必须大于或等于零，且小于参数列表的大小。。
pages_home_index__交互后.pngtERRt在设置字符串格式时出错: 索引(从零开始)必须大于或等于零，且小于参数列表的大小。。
pages_home_index__弹层态.pngtERRt在设置字符串格式时出错: 索引(从零开始)必须大于或等于零，且小于参数列表的大小。。
pages_home_index__滚动-中部.pngtERRt在设置字符串格式时出错: 索引(从零开始)必须大于或等于零，且小于参数列表的大小。。
pages_home_index__滚动-底部.pngtERRt在设置字符串格式时出错: 索引(从零开始)必须大于或等于零，且小于参数列表的大小。。
pages_home_index__默认.pngtERRt在设置字符串格式时出错: 索引(从零开始)必须大于或等于零，且小于参数列表的大小。。
pages_login_index__交互后.pngtERRt在设置字符串格式时出错: 索引(从零开始)必须大于或等于零，且小于参数列表的大小。。
pages_login_index__校验错误.pngtERRt在设置字符串格式时出错: 索引(从零开始)必须大于或等于零，且小于参数列表的大小。。
pages_login_index__默认.pngtERRt在设置字符串格式时出错: 索引(从零开始)必须大于或等于零，且小于参数列表的大小。。
pages_messages_index__交互后.pngtERRt在设置字符串格式时出错: 索引(从零开始)必须大于或等于零，且小于参数列表的大小。。
pages_messages_index__空态.pngtERRt在设置字符串格式时出错: 索引(从零开始)必须大于或等于零，且小于参数列表的大小。。
pages_messages_index__默认.pngtERRt在设置字符串格式时出错: 索引(从零开始)必须大于或等于零，且小于参数列表的大小。。
pages_nearby_index__交互后.pngtERRt在设置字符串格式时出错: 索引(从零开始)必须大于或等于零，且小于参数列表的大小。。
pages_nearby_index__滚动-中部.pngtERRt在设置字符串格式时出错: 索引(从零开始)必须大于或等于零，且小于参数列表的大小。。
pages_nearby_index__滚动-底部.pngtERRt在设置字符串格式时出错: 索引(从零开始)必须大于或等于零，且小于参数列表的大小。。
pages_nearby_index__默认.pngtERRt在设置字符串格式时出错: 索引(从零开始)必须大于或等于零，且小于参数列表的大小。。
pages_profile_index__交互后.pngtERRt在设置字符串格式时出错: 索引(从零开始)必须大于或等于零，且小于参数列表的大小。。
pages_profile_index__滚动-中部.pngtERRt在设置字符串格式时出错: 索引(从零开始)必须大于或等于零，且小于参数列表的大小。。
pages_profile_index__滚动-底部.pngtERRt在设置字符串格式时出错: 索引(从零开始)必须大于或等于零，且小于参数列表的大小。。
pages_profile_index__默认.pngtERRt在设置字符串格式时出错: 索引(从零开始)必须大于或等于零，且小于参数列表的大小。。
subpackages_campus_campus_certification__滚动-中部.pngtERRt在设置字符串格式时出错: 索引(从零开始)必须大于或等于零，且小于参数列表的大小。。
subpackages_campus_campus_certification__滚动-底部.pngtERRt在设置字符串格式时出错: 索引(从零开始)必须大于或等于零，且小于参数列表的大小。。
subpackages_campus_campus_certification__默认.pngtERRt在设置字符串格式时出错: 索引(从零开始)必须大于或等于零，且小于参数列表的大小。。
subpackages_campus_campus_hub__交互后.pngtERRt在设置字符串格式时出错: 索引(从零开始)必须大于或等于零，且小于参数列表的大小。。
subpackages_campus_campus_hub__弹层态.pngtERRt在设置字符串格式时出错: 索引(从零开始)必须大于或等于零，且小于参数列表的大小。。
subpackages_campus_campus_hub__滚动-中部.pngtERRt在设置字符串格式时出错: 索引(从零开始)必须大于或等于零，且小于参数列表的大小。。
subpackages_campus_campus_hub__滚动-底部.pngtERRt在设置字符串格式时出错: 索引(从零开始)必须大于或等于零，且小于参数列表的大小。。
subpackages_campus_campus_hub__默认.pngtERRt在设置字符串格式时出错: 索引(从零开始)必须大于或等于零，且小于参数列表的大小。。
subpackages_campus_campus_post-topic__交互后.pngtERRt在设置字符串格式时出错: 索引(从零开始)必须大于或等于零，且小于参数列表的大小。。
subpackages_campus_campus_post-topic__校验错误.pngtERRt在设置字符串格式时出错: 索引(从零开始)必须大于或等于零，且小于参数列表的大小。。
subpackages_campus_campus_post-topic__滚动-中部.pngtERRt在设置字符串格式时出错: 索引(从零开始)必须大于或等于零，且小于参数列表的大小。。
subpackages_campus_campus_post-topic__滚动-底部.pngtERRt在设置字符串格式时出错: 索引(从零开始)必须大于或等于零，且小于参数列表的大小。。
subpackages_campus_campus_post-topic__键盘弹起-输入后.pngtERRt在设置字符串格式时出错: 索引(从零开始)必须大于或等于零，且小于参数列表的大小。。
subpackages_campus_campus_post-topic__默认.pngtERRt在设置字符串格式时出错: 索引(从零开始)必须大于或等于零，且小于参数列表的大小。。
subpackages_campus_campus_topic-detail__默认.pngtERRt在设置字符串格式时出错: 索引(从零开始)必须大于或等于零，且小于参数列表的大小。。
subpackages_chat_chat-session_index__交互后.pngtERRt在设置字符串格式时出错: 索引(从零开始)必须大于或等于零，且小于参数列表的大小。。
subpackages_chat_chat-session_index__弹层态.pngtERRt在设置字符串格式时出错: 索引(从零开始)必须大于或等于零，且小于参数列表的大小。。
subpackages_chat_chat-session_index__空态.pngtERRt在设置字符串格式时出错: 索引(从零开始)必须大于或等于零，且小于参数列表的大小。。
subpackages_chat_chat-session_index__默认.pngtERRt在设置字符串格式时出错: 索引(从零开始)必须大于或等于零，且小于参数列表的大小。。
subpackages_chat_official-chat_index__交互后.pngtERRt在设置字符串格式时出错: 索引(从零开始)必须大于或等于零，且小于参数列表的大小。。
subpackages_chat_official-chat_index__默认.pngtERRt在设置字符串格式时出错: 索引(从零开始)必须大于或等于零，且小于参数列表的大小。。
subpackages_circles_circles_circle-home__数据态.pngtERRt在设置字符串格式时出错: 索引(从零开始)必须大于或等于零，且小于参数列表的大小。。
subpackages_circles_circles_circle-home__滚动-中部.pngtERRt在设置字符串格式时出错: 索引(从零开始)必须大于或等于零，且小于参数列表的大小。。
subpackages_circles_circles_circle-home__滚动-底部.pngtERRt在设置字符串格式时出错: 索引(从零开始)必须大于或等于零，且小于参数列表的大小。。
subpackages_circles_circles_circle-home__默认.pngtERRt在设置字符串格式时出错: 索引(从零开始)必须大于或等于零，且小于参数列表的大小。。
subpackages_circles_circles_index__交互后.pngtERRt在设置字符串格式时出错: 索引(从零开始)必须大于或等于零，且小于参数列表的大小。。
subpackages_circles_circles_index__数据态.pngtERRt在设置字符串格式时出错: 索引(从零开始)必须大于或等于零，且小于参数列表的大小。。
subpackages_circles_circles_index__滚动-中部.pngtERRt在设置字符串格式时出错: 索引(从零开始)必须大于或等于零，且小于参数列表的大小。。
subpackages_circles_circles_index__滚动-底部.pngtERRt在设置字符串格式时出错: 索引(从零开始)必须大于或等于零，且小于参数列表的大小。。
subpackages_circles_circles_index__默认.pngtERRt在设置字符串格式时出错: 索引(从零开始)必须大于或等于零，且小于参数列表的大小。。
subpackages_circles_circles_post-topic__交互后.pngtERRt在设置字符串格式时出错: 索引(从零开始)必须大于或等于零，且小于参数列表的大小。。
subpackages_circles_circles_post-topic__滚动-中部.pngtERRt在设置字符串格式时出错: 索引(从零开始)必须大于或等于零，且小于参数列表的大小。。
subpackages_circles_circles_post-topic__滚动-底部.pngtERRt在设置字符串格式时出错: 索引(从零开始)必须大于或等于零，且小于参数列表的大小。。
subpackages_circles_circles_post-topic__键盘弹起-输入后.pngtERRt在设置字符串格式时出错: 索引(从零开始)必须大于或等于零，且小于参数列表的大小。。
subpackages_circles_circles_post-topic__默认.pngtERRt在设置字符串格式时出错: 索引(从零开始)必须大于或等于零，且小于参数列表的大小。。
subpackages_circles_circles_topic-detail__默认.pngtERRt在设置字符串格式时出错: 索引(从零开始)必须大于或等于零，且小于参数列表的大小。。
subpackages_circles_circles_topics__默认.pngtERRt在设置字符串格式时出错: 索引(从零开始)必须大于或等于零，且小于参数列表的大小。。
subpackages_discover-extra_discover_history__默认.pngtERRt在设置字符串格式时出错: 索引(从零开始)必须大于或等于零，且小于参数列表的大小。。
subpackages_discover-extra_discover_match-success__交互后.pngtERRt在设置字符串格式时出错: 索引(从零开始)必须大于或等于零，且小于参数列表的大小。。
subpackages_discover-extra_home_segment__默认.pngtERRt在设置字符串格式时出错: 索引(从零开始)必须大于或等于零，且小于参数列表的大小。。
subpackages_discover-extra_likes-visitors_index__滚动-中部.pngtERRt在设置字符串格式时出错: 索引(从零开始)必须大于或等于零，且小于参数列表的大小。。
subpackages_discover-extra_likes-visitors_index__滚动-底部.pngtERRt在设置字符串格式时出错: 索引(从零开始)必须大于或等于零，且小于参数列表的大小。。
subpackages_discover-extra_likes-visitors_index__默认.pngtERRt在设置字符串格式时出错: 索引(从零开始)必须大于或等于零，且小于参数列表的大小。。
subpackages_discover-extra_likes_index__滚动-中部.pngtERRt在设置字符串格式时出错: 索引(从零开始)必须大于或等于零，且小于参数列表的大小。。
subpackages_discover-extra_likes_index__滚动-底部.pngtERRt在设置字符串格式时出错: 索引(从零开始)必须大于或等于零，且小于参数列表的大小。。
subpackages_discover-extra_likes_index__默认.pngtERRt在设置字符串格式时出错: 索引(从零开始)必须大于或等于零，且小于参数列表的大小。。
subpackages_discover-extra_nearby_people__默认.pngtERRt在设置字符串格式时出错: 索引(从零开始)必须大于或等于零，且小于参数列表的大小。。
subpackages_discover_activities_index__滚动-中部.pngtERRt在设置字符串格式时出错: 索引(从零开始)必须大于或等于零，且小于参数列表的大小。。
subpackages_discover_activities_index__滚动-底部.pngtERRt在设置字符串格式时出错: 索引(从零开始)必须大于或等于零，且小于参数列表的大小。。
subpackages_discover_activities_index__默认.pngtERRt在设置字符串格式时出错: 索引(从零开始)必须大于或等于零，且小于参数列表的大小。。
subpackages_discover_discussions_index__默认.pngtERRt在设置字符串格式时出错: 索引(从零开始)必须大于或等于零，且小于参数列表的大小。。
subpackages_legal_agreement_index__滚动-底部.pngtERRt在设置字符串格式时出错: 索引(从零开始)必须大于或等于零，且小于参数列表的大小。。
subpackages_legal_agreement_index__默认.pngtERRt在设置字符串格式时出错: 索引(从零开始)必须大于或等于零，且小于参数列表的大小。。
subpackages_legal_privacy_index__滚动-中部.pngtERRt在设置字符串格式时出错: 索引(从零开始)必须大于或等于零，且小于参数列表的大小。。
subpackages_legal_privacy_index__滚动-底部.pngtERRt在设置字符串格式时出错: 索引(从零开始)必须大于或等于零，且小于参数列表的大小。。
subpackages_legal_privacy_index__默认.pngtERRt在设置字符串格式时出错: 索引(从零开始)必须大于或等于零，且小于参数列表的大小。。
subpackages_market_detail_index__默认.pngtERRt在设置字符串格式时出错: 索引(从零开始)必须大于或等于零，且小于参数列表的大小。。
subpackages_market_shop_index__默认.pngtERRt在设置字符串格式时出错: 索引(从零开始)必须大于或等于零，且小于参数列表的大小。。
subpackages_market_wallet_index__默认.pngtERRt在设置字符串格式时出错: 索引(从零开始)必须大于或等于零，且小于参数列表的大小。。
subpackages_profile-extra_feedback_history__默认.pngtERRt在设置字符串格式时出错: 索引(从零开始)必须大于或等于零，且小于参数列表的大小。。
subpackages_profile-extra_profile_album__空态.pngtERRt在设置字符串格式时出错: 索引(从零开始)必须大于或等于零，且小于参数列表的大小。。
subpackages_profile-extra_profile_album__默认.pngtERRt在设置字符串格式时出错: 索引(从零开始)必须大于或等于零，且小于参数列表的大小。。
subpackages_profile-extra_profile_favorites__默认.pngtERRt在设置字符串格式时出错: 索引(从零开始)必须大于或等于零，且小于参数列表的大小。。
subpackages_profile-extra_profile_location__默认.pngtERRt在设置字符串格式时出错: 索引(从零开始)必须大于或等于零，且小于参数列表的大小。。
subpackages_profile-extra_profile_other__滚动-中部.pngtERRt在设置字符串格式时出错: 索引(从零开始)必须大于或等于零，且小于参数列表的大小。。
subpackages_profile-extra_profile_other__滚动-底部.pngtERRt在设置字符串格式时出错: 索引(从零开始)必须大于或等于零，且小于参数列表的大小。。
subpackages_profile-extra_profile_other__默认.pngtERRt在设置字符串格式时出错: 索引(从零开始)必须大于或等于零，且小于参数列表的大小。。
subpackages_profile-extra_profile_privacy__默认.pngtERRt在设置字符串格式时出错: 索引(从零开始)必须大于或等于零，且小于参数列表的大小。。
subpackages_profile-extra_profile_tasks__默认.pngtERRt在设置字符串格式时出错: 索引(从零开始)必须大于或等于零，且小于参数列表的大小。。
subpackages_profile-extra_profile_visitors__滚动-中部.pngtERRt在设置字符串格式时出错: 索引(从零开始)必须大于或等于零，且小于参数列表的大小。。
subpackages_profile-extra_profile_visitors__滚动-底部.pngtERRt在设置字符串格式时出错: 索引(从零开始)必须大于或等于零，且小于参数列表的大小。。
subpackages_profile-extra_profile_visitors__默认.pngtERRt在设置字符串格式时出错: 索引(从零开始)必须大于或等于零，且小于参数列表的大小。。
subpackages_profile-extra_settings_dnd__数据态.pngtERRt在设置字符串格式时出错: 索引(从零开始)必须大于或等于零，且小于参数列表的大小。。
subpackages_profile-extra_settings_dnd__默认.pngtERRt在设置字符串格式时出错: 索引(从零开始)必须大于或等于零，且小于参数列表的大小。。
subpackages_profile-extra_settings_index__滚动-中部.pngtERRt在设置字符串格式时出错: 索引(从零开始)必须大于或等于零，且小于参数列表的大小。。
subpackages_profile-extra_settings_index__滚动-底部.pngtERRt在设置字符串格式时出错: 索引(从零开始)必须大于或等于零，且小于参数列表的大小。。
subpackages_profile-extra_settings_index__默认.pngtERRt在设置字符串格式时出错: 索引(从零开始)必须大于或等于零，且小于参数列表的大小。。
subpackages_profile-extra_verification_index__滚动-中部.pngtERRt在设置字符串格式时出错: 索引(从零开始)必须大于或等于零，且小于参数列表的大小。。
subpackages_profile-extra_verification_index__滚动-底部.pngtERRt在设置字符串格式时出错: 索引(从零开始)必须大于或等于零，且小于参数列表的大小。。
subpackages_profile-extra_verification_index__空态.pngtERRt在设置字符串格式时出错: 索引(从零开始)必须大于或等于零，且小于参数列表的大小。。
subpackages_profile-extra_verification_index__默认.pngtERRt在设置字符串格式时出错: 索引(从零开始)必须大于或等于零，且小于参数列表的大小。。
subpackages_profile-extra_verification_real-name__空态.pngtERRt在设置字符串格式时出错: 索引(从零开始)必须大于或等于零，且小于参数列表的大小。。
subpackages_profile-extra_verification_real-name__键盘弹起-输入后.pngtERRt在设置字符串格式时出错: 索引(从零开始)必须大于或等于零，且小于参数列表的大小。。
subpackages_profile-extra_verification_real-name__默认.pngtERRt在设置字符串格式时出错: 索引(从零开始)必须大于或等于零，且小于参数列表的大小。。
subpackages_setup_campus_index__默认.pngtERRt在设置字符串格式时出错: 索引(从零开始)必须大于或等于零，且小于参数列表的大小。。
subpackages_setup_interest_index__默认.pngtERRt在设置字符串格式时出错: 索引(从零开始)必须大于或等于零，且小于参数列表的大小。。
subpackages_setup_profile_index__数据态.pngtERRt在设置字符串格式时出错: 索引(从零开始)必须大于或等于零，且小于参数列表的大小。。
subpackages_setup_profile_index__校验错误.pngtERRt在设置字符串格式时出错: 索引(从零开始)必须大于或等于零，且小于参数列表的大小。。
subpackages_setup_profile_index__滚动-中部.pngtERRt在设置字符串格式时出错: 索引(从零开始)必须大于或等于零，且小于参数列表的大小。。
subpackages_setup_profile_index__滚动-底部.pngtERRt在设置字符串格式时出错: 索引(从零开始)必须大于或等于零，且小于参数列表的大小。。
subpackages_setup_profile_index__键盘弹起-输入后.pngtERRt在设置字符串格式时出错: 索引(从零开始)必须大于或等于零，且小于参数列表的大小。。
subpackages_setup_profile_index__默认.pngtERRt在设置字符串格式时出错: 索引(从零开始)必须大于或等于零，且小于参数列表的大小。。
subpackages_setup_recommend-pref_index__默认.pngtERRt在设置字符串格式时出错: 索引(从零开始)必须大于或等于零，且小于参数列表的大小。。
subpackages_setup_schedule_index__键盘弹起-输入后.pngtERRt在设置字符串格式时出错: 索引(从零开始)必须大于或等于零，且小于参数列表的大小。。
subpackages_setup_schedule_index__默认.pngtERRt在设置字符串格式时出错: 索引(从零开始)必须大于或等于零，且小于参数列表的大小。。
subpackages_support_feedback_index__滚动-中部.pngtERRt在设置字符串格式时出错: 索引(从零开始)必须大于或等于零，且小于参数列表的大小。。
subpackages_support_feedback_index__滚动-底部.pngtERRt在设置字符串格式时出错: 索引(从零开始)必须大于或等于零，且小于参数列表的大小。。
subpackages_support_feedback_index__键盘弹起-输入后.pngtERRt在设置字符串格式时出错: 索引(从零开始)必须大于或等于零，且小于参数列表的大小。。
subpackages_support_feedback_index__默认.pngtERRt在设置字符串格式时出错: 索引(从零开始)必须大于或等于零，且小于参数列表的大小。。
subpackages_tools_daily-question_index__默认.pngtERRt在设置字符串格式时出错: 索引(从零开始)必须大于或等于零，且小于参数列表的大小。。
subpackages_tools_heart-signals_index__默认.pngtERRt在设置字符串格式时出错: 索引(从零开始)必须大于或等于零，且小于参数列表的大小。。
subpackages_tools_help_index__默认.pngtERRt在设置字符串格式时出错: 索引(从零开始)必须大于或等于零，且小于参数列表的大小。。
subpackages_tools_love-center_consulting__默认.pngtERRt在设置字符串格式时出错: 索引(从零开始)必须大于或等于零，且小于参数列表的大小。。
subpackages_tools_love-center_index__滚动-中部.pngtERRt在设置字符串格式时出错: 索引(从零开始)必须大于或等于零，且小于参数列表的大小。。
subpackages_tools_love-center_index__滚动-底部.pngtERRt在设置字符串格式时出错: 索引(从零开始)必须大于或等于零，且小于参数列表的大小。。
subpackages_tools_love-center_index__默认.pngtERRt在设置字符串格式时出错: 索引(从零开始)必须大于或等于零，且小于参数列表的大小。。
subpackages_tools_love-center_mbti__默认.pngtERRt在设置字符串格式时出错: 索引(从零开始)必须大于或等于零，且小于参数列表的大小。。
subpackages_tools_love-center_nearby__默认.pngtERRt在设置字符串格式时出错: 索引(从零开始)必须大于或等于零，且小于参数列表的大小。。
subpackages_tools_search_index__默认.pngtERRt在设置字符串格式时出错: 索引(从零开始)必须大于或等于零，且小于参数列表的大小。。
subpackages_tools_security_index__滚动-中部.pngtERRt在设置字符串格式时出错: 索引(从零开始)必须大于或等于零，且小于参数列表的大小。。
subpackages_tools_security_index__滚动-底部.pngtERRt在设置字符串格式时出错: 索引(从零开始)必须大于或等于零，且小于参数列表的大小。。
subpackages_tools_security_index__默认.pngtERRt在设置字符串格式时出错: 索引(从零开始)必须大于或等于零，且小于参数列表的大小。。
subpackages_village_village_detail__数据态.pngtERRt在设置字符串格式时出错: 索引(从零开始)必须大于或等于零，且小于参数列表的大小。。
subpackages_village_village_detail__滚动-中部.pngtERRt在设置字符串格式时出错: 索引(从零开始)必须大于或等于零，且小于参数列表的大小。。
subpackages_village_village_detail__滚动-底部.pngtERRt在设置字符串格式时出错: 索引(从零开始)必须大于或等于零，且小于参数列表的大小。。
subpackages_village_village_detail__默认.pngtERRt在设置字符串格式时出错: 索引(从零开始)必须大于或等于零，且小于参数列表的大小。。
subpackages_village_village_history__默认.pngtERRt在设置字符串格式时出错: 索引(从零开始)必须大于或等于零，且小于参数列表的大小。。
subpackages_village_village_index__滚动-中部.pngtERRt在设置字符串格式时出错: 索引(从零开始)必须大于或等于零，且小于参数列表的大小。。
subpackages_village_village_index__滚动-底部.pngtERRt在设置字符串格式时出错: 索引(从零开始)必须大于或等于零，且小于参数列表的大小。。
subpackages_village_village_index__默认.pngtERRt在设置字符串格式时出错: 索引(从零开始)必须大于或等于零，且小于参数列表的大小。。
subpackages_village_village_post__交互后.pngtERRt在设置字符串格式时出错: 索引(从零开始)必须大于或等于零，且小于参数列表的大小。。
subpackages_village_village_post__弹层态.pngtERRt在设置字符串格式时出错: 索引(从零开始)必须大于或等于零，且小于参数列表的大小。。
subpackages_village_village_post__默认.pngtERRt在设置字符串格式时出错: 索引(从零开始)必须大于或等于零，且小于参数列表的大小。。
subpackages_village_village_publish__交互后.pngtERRt在设置字符串格式时出错: 索引(从零开始)必须大于或等于零，且小于参数列表的大小。。
subpackages_village_village_publish__弹层态.pngtERRt在设置字符串格式时出错: 索引(从零开始)必须大于或等于零，且小于参数列表的大小。。
subpackages_village_village_publish__校验错误.pngtERRt在设置字符串格式时出错: 索引(从零开始)必须大于或等于零，且小于参数列表的大小。。
subpackages_village_village_publish__键盘弹起-输入后.pngtERRt在设置字符串格式时出错: 索引(从零开始)必须大于或等于零，且小于参数列表的大小。。
subpackages_village_village_publish__默认.pngtERRt在设置字符串格式时出错: 索引(从零开始)必须大于或等于零，且小于参数列表的大小。。
subpackages_village_village_tag-posts__空态.pngtERRt在设置字符串格式时出错: 索引(从零开始)必须大于或等于零，且小于参数列表的大小。。
subpackages_village_village_tag-posts__默认.pngtERRt在设置字符串格式时出错: 索引(从零开始)必须大于或等于零，且小于参数列表的大小。。
pages_discover_index__交互后.pngtERRt在设置字符串格式时出错: 索引(从零开始)必须大于或等于零，且小于参数列表的大小。。
pages_discover_index__弹层态.pngtERRt在设置字符串格式时出错: 索引(从零开始)必须大于或等于零，且小于参数列表的大小。。
pages_discover_index__默认.pngtERRt在设置字符串格式时出错: 索引(从零开始)必须大于或等于零，且小于参数列表的大小。。
pages_home_index__交互后.pngtERRt在设置字符串格式时出错: 索引(从零开始)必须大于或等于零，且小于参数列表的大小。。
pages_home_index__弹层态.pngtERRt在设置字符串格式时出错: 索引(从零开始)必须大于或等于零，且小于参数列表的大小。。
pages_home_index__滚动-中部.pngtERRt在设置字符串格式时出错: 索引(从零开始)必须大于或等于零，且小于参数列表的大小。。
pages_home_index__滚动-底部.pngtERRt在设置字符串格式时出错: 索引(从零开始)必须大于或等于零，且小于参数列表的大小。。
pages_home_index__默认.pngtERRt在设置字符串格式时出错: 索引(从零开始)必须大于或等于零，且小于参数列表的大小。。
pages_login_index__交互后.pngtERRt在设置字符串格式时出错: 索引(从零开始)必须大于或等于零，且小于参数列表的大小。。
pages_login_index__校验错误.pngtERRt在设置字符串格式时出错: 索引(从零开始)必须大于或等于零，且小于参数列表的大小。。
pages_login_index__默认.pngtERRt在设置字符串格式时出错: 索引(从零开始)必须大于或等于零，且小于参数列表的大小。。
pages_messages_index__交互后.pngtERRt在设置字符串格式时出错: 索引(从零开始)必须大于或等于零，且小于参数列表的大小。。
pages_messages_index__空态.pngtERRt在设置字符串格式时出错: 索引(从零开始)必须大于或等于零，且小于参数列表的大小。。
pages_messages_index__默认.pngtERRt在设置字符串格式时出错: 索引(从零开始)必须大于或等于零，且小于参数列表的大小。。
pages_nearby_index__交互后.pngtERRt在设置字符串格式时出错: 索引(从零开始)必须大于或等于零，且小于参数列表的大小。。
pages_nearby_index__滚动-中部.pngtERRt在设置字符串格式时出错: 索引(从零开始)必须大于或等于零，且小于参数列表的大小。。
pages_nearby_index__滚动-底部.pngtERRt在设置字符串格式时出错: 索引(从零开始)必须大于或等于零，且小于参数列表的大小。。
pages_nearby_index__默认.pngtERRt在设置字符串格式时出错: 索引(从零开始)必须大于或等于零，且小于参数列表的大小。。
pages_profile_index__交互后.pngtERRt在设置字符串格式时出错: 索引(从零开始)必须大于或等于零，且小于参数列表的大小。。
pages_profile_index__滚动-中部.pngtERRt在设置字符串格式时出错: 索引(从零开始)必须大于或等于零，且小于参数列表的大小。。
pages_profile_index__滚动-底部.pngtERRt在设置字符串格式时出错: 索引(从零开始)必须大于或等于零，且小于参数列表的大小。。
pages_profile_index__默认.pngtERRt在设置字符串格式时出错: 索引(从零开始)必须大于或等于零，且小于参数列表的大小。。
subpackages_campus_campus_certification__滚动-中部.pngtERRt在设置字符串格式时出错: 索引(从零开始)必须大于或等于零，且小于参数列表的大小。。
subpackages_campus_campus_certification__滚动-底部.pngtERRt在设置字符串格式时出错: 索引(从零开始)必须大于或等于零，且小于参数列表的大小。。
subpackages_campus_campus_certification__默认.pngtERRt在设置字符串格式时出错: 索引(从零开始)必须大于或等于零，且小于参数列表的大小。。
subpackages_campus_campus_hub__交互后.pngtERRt在设置字符串格式时出错: 索引(从零开始)必须大于或等于零，且小于参数列表的大小。。
subpackages_campus_campus_hub__弹层态.pngtERRt在设置字符串格式时出错: 索引(从零开始)必须大于或等于零，且小于参数列表的大小。。
subpackages_campus_campus_hub__滚动-中部.pngtERRt在设置字符串格式时出错: 索引(从零开始)必须大于或等于零，且小于参数列表的大小。。
subpackages_campus_campus_hub__滚动-底部.pngtERRt在设置字符串格式时出错: 索引(从零开始)必须大于或等于零，且小于参数列表的大小。。
subpackages_campus_campus_hub__默认.pngtERRt在设置字符串格式时出错: 索引(从零开始)必须大于或等于零，且小于参数列表的大小。。
subpackages_campus_campus_post-topic__交互后.pngtERRt在设置字符串格式时出错: 索引(从零开始)必须大于或等于零，且小于参数列表的大小。。
subpackages_campus_campus_post-topic__滚动-中部.pngtERRt在设置字符串格式时出错: 索引(从零开始)必须大于或等于零，且小于参数列表的大小。。
subpackages_campus_campus_post-topic__滚动-底部.pngtERRt在设置字符串格式时出错: 索引(从零开始)必须大于或等于零，且小于参数列表的大小。。
subpackages_campus_campus_post-topic__键盘弹起-输入后.pngtERRt在设置字符串格式时出错: 索引(从零开始)必须大于或等于零，且小于参数列表的大小。。
subpackages_campus_campus_post-topic__默认.pngtERRt在设置字符串格式时出错: 索引(从零开始)必须大于或等于零，且小于参数列表的大小。。
subpackages_campus_campus_topic-detail__默认.pngtERRt在设置字符串格式时出错: 索引(从零开始)必须大于或等于零，且小于参数列表的大小。。
subpackages_chat_chat-session_index__交互后.pngtERRt在设置字符串格式时出错: 索引(从零开始)必须大于或等于零，且小于参数列表的大小。。
subpackages_chat_chat-session_index__弹层态.pngtERRt在设置字符串格式时出错: 索引(从零开始)必须大于或等于零，且小于参数列表的大小。。
subpackages_chat_chat-session_index__空态.pngtERRt在设置字符串格式时出错: 索引(从零开始)必须大于或等于零，且小于参数列表的大小。。
subpackages_chat_chat-session_index__默认.pngtERRt在设置字符串格式时出错: 索引(从零开始)必须大于或等于零，且小于参数列表的大小。。
subpackages_chat_official-chat_index__交互后.pngtERRt在设置字符串格式时出错: 索引(从零开始)必须大于或等于零，且小于参数列表的大小。。
subpackages_chat_official-chat_index__默认.pngtERRt在设置字符串格式时出错: 索引(从零开始)必须大于或等于零，且小于参数列表的大小。。
subpackages_circles_circles_circle-home__数据态.pngtERRt在设置字符串格式时出错: 索引(从零开始)必须大于或等于零，且小于参数列表的大小。。
subpackages_circles_circles_circle-home__滚动-中部.pngtERRt在设置字符串格式时出错: 索引(从零开始)必须大于或等于零，且小于参数列表的大小。。
subpackages_circles_circles_circle-home__滚动-底部.pngtERRt在设置字符串格式时出错: 索引(从零开始)必须大于或等于零，且小于参数列表的大小。。
subpackages_circles_circles_circle-home__默认.pngtERRt在设置字符串格式时出错: 索引(从零开始)必须大于或等于零，且小于参数列表的大小。。
subpackages_circles_circles_index__交互后.pngtERRt在设置字符串格式时出错: 索引(从零开始)必须大于或等于零，且小于参数列表的大小。。
subpackages_circles_circles_index__数据态.pngtERRt在设置字符串格式时出错: 索引(从零开始)必须大于或等于零，且小于参数列表的大小。。
subpackages_circles_circles_index__滚动-中部.pngtERRt在设置字符串格式时出错: 索引(从零开始)必须大于或等于零，且小于参数列表的大小。。
subpackages_circles_circles_index__滚动-底部.pngtERRt在设置字符串格式时出错: 索引(从零开始)必须大于或等于零，且小于参数列表的大小。。
subpackages_circles_circles_index__默认.pngtERRt在设置字符串格式时出错: 索引(从零开始)必须大于或等于零，且小于参数列表的大小。。
subpackages_circles_circles_post-topic__交互后.pngtERRt在设置字符串格式时出错: 索引(从零开始)必须大于或等于零，且小于参数列表的大小。。
subpackages_circles_circles_post-topic__滚动-中部.pngtERRt在设置字符串格式时出错: 索引(从零开始)必须大于或等于零，且小于参数列表的大小。。
subpackages_circles_circles_post-topic__滚动-底部.pngtERRt在设置字符串格式时出错: 索引(从零开始)必须大于或等于零，且小于参数列表的大小。。
subpackages_circles_circles_post-topic__键盘弹起-输入后.pngtERRt在设置字符串格式时出错: 索引(从零开始)必须大于或等于零，且小于参数列表的大小。。
subpackages_circles_circles_post-topic__默认.pngtERRt在设置字符串格式时出错: 索引(从零开始)必须大于或等于零，且小于参数列表的大小。。
subpackages_circles_circles_topic-detail__默认.pngtERRt在设置字符串格式时出错: 索引(从零开始)必须大于或等于零，且小于参数列表的大小。。
subpackages_circles_circles_topics__默认.pngtERRt在设置字符串格式时出错: 索引(从零开始)必须大于或等于零，且小于参数列表的大小。。
subpackages_discover-extra_discover_history__默认.pngtERRt在设置字符串格式时出错: 索引(从零开始)必须大于或等于零，且小于参数列表的大小。。
subpackages_discover-extra_discover_match-success__交互后.pngtERRt在设置字符串格式时出错: 索引(从零开始)必须大于或等于零，且小于参数列表的大小。。
subpackages_discover-extra_discover_match-success__默认.pngtERRt在设置字符串格式时出错: 索引(从零开始)必须大于或等于零，且小于参数列表的大小。。
subpackages_discover-extra_home_segment__默认.pngtERRt在设置字符串格式时出错: 索引(从零开始)必须大于或等于零，且小于参数列表的大小。。
subpackages_discover-extra_likes-visitors_index__滚动-中部.pngtERRt在设置字符串格式时出错: 索引(从零开始)必须大于或等于零，且小于参数列表的大小。。
subpackages_discover-extra_likes-visitors_index__滚动-底部.pngtERRt在设置字符串格式时出错: 索引(从零开始)必须大于或等于零，且小于参数列表的大小。。
subpackages_discover-extra_likes-visitors_index__默认.pngtERRt在设置字符串格式时出错: 索引(从零开始)必须大于或等于零，且小于参数列表的大小。。
subpackages_discover-extra_likes_index__滚动-中部.pngtERRt在设置字符串格式时出错: 索引(从零开始)必须大于或等于零，且小于参数列表的大小。。
subpackages_discover-extra_likes_index__滚动-底部.pngtERRt在设置字符串格式时出错: 索引(从零开始)必须大于或等于零，且小于参数列表的大小。。
subpackages_discover-extra_likes_index__默认.pngtERRt在设置字符串格式时出错: 索引(从零开始)必须大于或等于零，且小于参数列表的大小。。
subpackages_discover-extra_nearby_people__默认.pngtERRt在设置字符串格式时出错: 索引(从零开始)必须大于或等于零，且小于参数列表的大小。。
subpackages_discover_activities_index__滚动-中部.pngtERRt在设置字符串格式时出错: 索引(从零开始)必须大于或等于零，且小于参数列表的大小。。
subpackages_discover_activities_index__滚动-底部.pngtERRt在设置字符串格式时出错: 索引(从零开始)必须大于或等于零，且小于参数列表的大小。。
subpackages_discover_activities_index__默认.pngtERRt在设置字符串格式时出错: 索引(从零开始)必须大于或等于零，且小于参数列表的大小。。
subpackages_discover_discussions_index__默认.pngtERRt在设置字符串格式时出错: 索引(从零开始)必须大于或等于零，且小于参数列表的大小。。
subpackages_legal_agreement_index__滚动-中部.pngtERRt在设置字符串格式时出错: 索引(从零开始)必须大于或等于零，且小于参数列表的大小。。
subpackages_legal_agreement_index__滚动-底部.pngtERRt在设置字符串格式时出错: 索引(从零开始)必须大于或等于零，且小于参数列表的大小。。
subpackages_legal_agreement_index__默认.pngtERRt在设置字符串格式时出错: 索引(从零开始)必须大于或等于零，且小于参数列表的大小。。
subpackages_legal_privacy_index__滚动-中部.pngtERRt在设置字符串格式时出错: 索引(从零开始)必须大于或等于零，且小于参数列表的大小。。
subpackages_legal_privacy_index__滚动-底部.pngtERRt在设置字符串格式时出错: 索引(从零开始)必须大于或等于零，且小于参数列表的大小。。
subpackages_legal_privacy_index__默认.pngtERRt在设置字符串格式时出错: 索引(从零开始)必须大于或等于零，且小于参数列表的大小。。
subpackages_market_detail_index__默认.pngtERRt在设置字符串格式时出错: 索引(从零开始)必须大于或等于零，且小于参数列表的大小。。
subpackages_market_shop_index__默认.pngtERRt在设置字符串格式时出错: 索引(从零开始)必须大于或等于零，且小于参数列表的大小。。
subpackages_market_wallet_index__默认.pngtERRt在设置字符串格式时出错: 索引(从零开始)必须大于或等于零，且小于参数列表的大小。。
subpackages_profile-extra_feedback_history__默认.pngtERRt在设置字符串格式时出错: 索引(从零开始)必须大于或等于零，且小于参数列表的大小。。
subpackages_profile-extra_profile_favorites__默认.pngtERRt在设置字符串格式时出错: 索引(从零开始)必须大于或等于零，且小于参数列表的大小。。
subpackages_profile-extra_profile_location__默认.pngtERRt在设置字符串格式时出错: 索引(从零开始)必须大于或等于零，且小于参数列表的大小。。
subpackages_profile-extra_profile_other__滚动-中部.pngtERRt在设置字符串格式时出错: 索引(从零开始)必须大于或等于零，且小于参数列表的大小。。
subpackages_profile-extra_profile_other__滚动-底部.pngtERRt在设置字符串格式时出错: 索引(从零开始)必须大于或等于零，且小于参数列表的大小。。
subpackages_profile-extra_profile_other__默认.pngtERRt在设置字符串格式时出错: 索引(从零开始)必须大于或等于零，且小于参数列表的大小。。
subpackages_profile-extra_profile_privacy__默认.pngtERRt在设置字符串格式时出错: 索引(从零开始)必须大于或等于零，且小于参数列表的大小。。
subpackages_profile-extra_profile_tasks__默认.pngtERRt在设置字符串格式时出错: 索引(从零开始)必须大于或等于零，且小于参数列表的大小。。
subpackages_profile-extra_profile_visitors__滚动-中部.pngtERRt在设置字符串格式时出错: 索引(从零开始)必须大于或等于零，且小于参数列表的大小。。
subpackages_profile-extra_profile_visitors__滚动-底部.pngtERRt在设置字符串格式时出错: 索引(从零开始)必须大于或等于零，且小于参数列表的大小。。
subpackages_profile-extra_profile_visitors__默认.pngtERRt在设置字符串格式时出错: 索引(从零开始)必须大于或等于零，且小于参数列表的大小。。
subpackages_profile-extra_settings_dnd__数据态.pngtERRt在设置字符串格式时出错: 索引(从零开始)必须大于或等于零，且小于参数列表的大小。。
subpackages_profile-extra_settings_dnd__默认.pngtERRt在设置字符串格式时出错: 索引(从零开始)必须大于或等于零，且小于参数列表的大小。。
subpackages_profile-extra_settings_index__滚动-中部.pngtERRt在设置字符串格式时出错: 索引(从零开始)必须大于或等于零，且小于参数列表的大小。。
subpackages_profile-extra_settings_index__滚动-底部.pngtERRt在设置字符串格式时出错: 索引(从零开始)必须大于或等于零，且小于参数列表的大小。。
subpackages_profile-extra_settings_index__默认.pngtERRt在设置字符串格式时出错: 索引(从零开始)必须大于或等于零，且小于参数列表的大小。。
subpackages_profile-extra_verification_index__滚动-中部.pngtERRt在设置字符串格式时出错: 索引(从零开始)必须大于或等于零，且小于参数列表的大小。。
subpackages_profile-extra_verification_index__滚动-底部.pngtERRt在设置字符串格式时出错: 索引(从零开始)必须大于或等于零，且小于参数列表的大小。。
subpackages_profile-extra_verification_index__空态.pngtERRt在设置字符串格式时出错: 索引(从零开始)必须大于或等于零，且小于参数列表的大小。。
subpackages_profile-extra_verification_index__默认.pngtERRt在设置字符串格式时出错: 索引(从零开始)必须大于或等于零，且小于参数列表的大小。。
subpackages_profile-extra_verification_real-name__空态.pngtERRt在设置字符串格式时出错: 索引(从零开始)必须大于或等于零，且小于参数列表的大小。。
subpackages_profile-extra_verification_real-name__键盘弹起-输入后.pngtERRt在设置字符串格式时出错: 索引(从零开始)必须大于或等于零，且小于参数列表的大小。。
subpackages_profile-extra_verification_real-name__默认.pngtERRt在设置字符串格式时出错: 索引(从零开始)必须大于或等于零，且小于参数列表的大小。。
subpackages_setup_campus_index__默认.pngtERRt在设置字符串格式时出错: 索引(从零开始)必须大于或等于零，且小于参数列表的大小。。
subpackages_setup_interest_index__默认.pngtERRt在设置字符串格式时出错: 索引(从零开始)必须大于或等于零，且小于参数列表的大小。。
subpackages_setup_profile_index__数据态.pngtERRt在设置字符串格式时出错: 索引(从零开始)必须大于或等于零，且小于参数列表的大小。。
subpackages_setup_profile_index__校验错误.pngtERRt在设置字符串格式时出错: 索引(从零开始)必须大于或等于零，且小于参数列表的大小。。
subpackages_setup_profile_index__滚动-中部.pngtERRt在设置字符串格式时出错: 索引(从零开始)必须大于或等于零，且小于参数列表的大小。。
subpackages_setup_profile_index__滚动-底部.pngtERRt在设置字符串格式时出错: 索引(从零开始)必须大于或等于零，且小于参数列表的大小。。
subpackages_setup_profile_index__键盘弹起-输入后.pngtERRt在设置字符串格式时出错: 索引(从零开始)必须大于或等于零，且小于参数列表的大小。。
subpackages_setup_profile_index__默认.pngtERRt在设置字符串格式时出错: 索引(从零开始)必须大于或等于零，且小于参数列表的大小。。
subpackages_setup_recommend-pref_index__默认.pngtERRt在设置字符串格式时出错: 索引(从零开始)必须大于或等于零，且小于参数列表的大小。。
subpackages_setup_schedule_index__键盘弹起-输入后.pngtERRt在设置字符串格式时出错: 索引(从零开始)必须大于或等于零，且小于参数列表的大小。。
subpackages_setup_schedule_index__默认.pngtERRt在设置字符串格式时出错: 索引(从零开始)必须大于或等于零，且小于参数列表的大小。。
subpackages_support_feedback_index__滚动-中部.pngtERRt在设置字符串格式时出错: 索引(从零开始)必须大于或等于零，且小于参数列表的大小。。
subpackages_support_feedback_index__滚动-底部.pngtERRt在设置字符串格式时出错: 索引(从零开始)必须大于或等于零，且小于参数列表的大小。。
subpackages_support_feedback_index__键盘弹起-输入后.pngtERRt在设置字符串格式时出错: 索引(从零开始)必须大于或等于零，且小于参数列表的大小。。
subpackages_support_feedback_index__默认.pngtERRt在设置字符串格式时出错: 索引(从零开始)必须大于或等于零，且小于参数列表的大小。。
subpackages_tools_activities_detail__默认.pngtERRt在设置字符串格式时出错: 索引(从零开始)必须大于或等于零，且小于参数列表的大小。。
subpackages_tools_daily-question_index__默认.pngtERRt在设置字符串格式时出错: 索引(从零开始)必须大于或等于零，且小于参数列表的大小。。
subpackages_tools_heart-signals_index__默认.pngtERRt在设置字符串格式时出错: 索引(从零开始)必须大于或等于零，且小于参数列表的大小。。
subpackages_tools_help_index__默认.pngtERRt在设置字符串格式时出错: 索引(从零开始)必须大于或等于零，且小于参数列表的大小。。
subpackages_tools_love-center_consulting__默认.pngtERRt在设置字符串格式时出错: 索引(从零开始)必须大于或等于零，且小于参数列表的大小。。
subpackages_tools_love-center_index__滚动-中部.pngtERRt在设置字符串格式时出错: 索引(从零开始)必须大于或等于零，且小于参数列表的大小。。
subpackages_tools_love-center_index__滚动-底部.pngtERRt在设置字符串格式时出错: 索引(从零开始)必须大于或等于零，且小于参数列表的大小。。
subpackages_tools_love-center_index__默认.pngtERRt在设置字符串格式时出错: 索引(从零开始)必须大于或等于零，且小于参数列表的大小。。
subpackages_tools_love-center_mbti__默认.pngtERRt在设置字符串格式时出错: 索引(从零开始)必须大于或等于零，且小于参数列表的大小。。
subpackages_tools_love-center_nearby__默认.pngtERRt在设置字符串格式时出错: 索引(从零开始)必须大于或等于零，且小于参数列表的大小。。
subpackages_tools_search_index__默认.pngtERRt在设置字符串格式时出错: 索引(从零开始)必须大于或等于零，且小于参数列表的大小。。
subpackages_tools_security_index__滚动-中部.pngtERRt在设置字符串格式时出错: 索引(从零开始)必须大于或等于零，且小于参数列表的大小。。
subpackages_tools_security_index__滚动-底部.pngtERRt在设置字符串格式时出错: 索引(从零开始)必须大于或等于零，且小于参数列表的大小。。
subpackages_tools_security_index__默认.pngtERRt在设置字符串格式时出错: 索引(从零开始)必须大于或等于零，且小于参数列表的大小。。
subpackages_village_village_detail__数据态.pngtERRt在设置字符串格式时出错: 索引(从零开始)必须大于或等于零，且小于参数列表的大小。。
subpackages_village_village_detail__滚动-中部.pngtERRt在设置字符串格式时出错: 索引(从零开始)必须大于或等于零，且小于参数列表的大小。。
subpackages_village_village_detail__滚动-底部.pngtERRt在设置字符串格式时出错: 索引(从零开始)必须大于或等于零，且小于参数列表的大小。。
subpackages_village_village_detail__默认.pngtERRt在设置字符串格式时出错: 索引(从零开始)必须大于或等于零，且小于参数列表的大小。。
subpackages_village_village_history__默认.pngtERRt在设置字符串格式时出错: 索引(从零开始)必须大于或等于零，且小于参数列表的大小。。
subpackages_village_village_index__滚动-中部.pngtERRt在设置字符串格式时出错: 索引(从零开始)必须大于或等于零，且小于参数列表的大小。。
subpackages_village_village_index__滚动-底部.pngtERRt在设置字符串格式时出错: 索引(从零开始)必须大于或等于零，且小于参数列表的大小。。
subpackages_village_village_index__默认.pngtERRt在设置字符串格式时出错: 索引(从零开始)必须大于或等于零，且小于参数列表的大小。。
subpackages_village_village_post__交互后.pngtERRt在设置字符串格式时出错: 索引(从零开始)必须大于或等于零，且小于参数列表的大小。。
subpackages_village_village_post__弹层态.pngtERRt在设置字符串格式时出错: 索引(从零开始)必须大于或等于零，且小于参数列表的大小。。
subpackages_village_village_post__默认.pngtERRt在设置字符串格式时出错: 索引(从零开始)必须大于或等于零，且小于参数列表的大小。。
subpackages_village_village_publish__交互后.pngtERRt在设置字符串格式时出错: 索引(从零开始)必须大于或等于零，且小于参数列表的大小。。
subpackages_village_village_publish__弹层态.pngtERRt在设置字符串格式时出错: 索引(从零开始)必须大于或等于零，且小于参数列表的大小。。
subpackages_village_village_publish__校验错误.pngtERRt在设置字符串格式时出错: 索引(从零开始)必须大于或等于零，且小于参数列表的大小。。
subpackages_village_village_publish__默认.pngtERRt在设置字符串格式时出错: 索引(从零开始)必须大于或等于零，且小于参数列表的大小。。
subpackages_village_village_tag-posts__空态.pngtERRt在设置字符串格式时出错: 索引(从零开始)必须大于或等于零，且小于参数列表的大小。。
subpackages_village_village_tag-posts__默认.pngtERRt在设置字符串格式时出错: 索引(从零开始)必须大于或等于零，且小于参数列表的大小。。
