R4-XXXXX|d:\6\恋爱小程序\apps\admin\src\views\Dashboard.vue|339|D|P3|<style>硬编码色值 #fff 未走 design token（color: #fff;）|主题/品牌色调整需逐文件改，暗色模式不能适配|改用 var(--c-text-*) （如 --c-text-primary/--c-text-secondary）|open|batch-4
R4-XXXXX|d:\6\恋爱小程序\apps\admin\src\views\Layout.vue|736|D|P3|<style>硬编码色值 rgba(255, 255, 255, 0.35) 未走 design token（background: rgba(255, 255, 255, 0.35);）|主题/品牌色调整需逐文件改，暗色模式不能适配|改用 var(--c-bg-*) （如 --c-bg-container/--c-bg-surface）|open|batch-4
R4-XXXXX|d:\6\恋爱小程序\apps\admin\src\views\config\OfficialAccounts.vue|198|D|P3|<style>硬编码色值 #64748b 未走 design token（color: #64748b;）|主题/品牌色调整需逐文件改，暗色模式不能适配|改用 var(--c-text-*) （如 --c-text-primary/--c-text-secondary）|open|batch-4
R4-XXXXX|d:\6\恋爱小程序\apps\admin\src\views\config\OfficialAccounts.vue|207|D|P3|<style>硬编码色值 #64748b 未走 design token（color: #64748b;）|主题/品牌色调整需逐文件改，暗色模式不能适配|改用 var(--c-text-*) （如 --c-text-primary/--c-text-secondary）|open|batch-4
R4-XXXXX|d:\6\恋爱小程序\apps\admin\src\views\config\OfficialAccounts.vue|208|D|P3|<style>硬编码色值 #f8fafc 未走 design token（background: #f8fafc;）|主题/品牌色调整需逐文件改，暗色模式不能适配|改用 var(--c-bg-*) （如 --c-bg-container/--c-bg-surface）|open|batch-4
R4-XXXXX|d:\6\恋爱小程序\apps\admin\src\views\config\OfficialAccounts.vue|210|D|P3|<style>硬编码色值 #e2e8f0 未走 design token（border: 1px dashed #e2e8f0;）|主题/品牌色调整需逐文件改，暗色模式不能适配|改用 var(--c-border-*) （如 --c-border-default）|open|batch-4
R4-XXXXX|d:\6\恋爱小程序\apps\admin\src\views\config\OfficialAccounts.vue|229|D|P3|<style>硬编码色值 #e2e8f0 未走 design token（border: 1px solid #e2e8f0;）|主题/品牌色调整需逐文件改，暗色模式不能适配|改用 var(--c-border-*) （如 --c-border-default）|open|batch-4
R4-XXXXX|d:\6\恋爱小程序\apps\admin\src\views\config\OfficialAccounts.vue|231|D|P3|<style>硬编码色值 #fff 未走 design token（background: #fff;）|主题/品牌色调整需逐文件改，暗色模式不能适配|改用 var(--c-bg-*) （如 --c-bg-container/--c-bg-surface）|open|batch-4
R4-XXXXX|d:\6\恋爱小程序\apps\admin\src\views\config\OfficialAccounts.vue|237|D|P3|<style>硬编码色值 #3fcf8e 未走 design token（border-color: #3fcf8e;）|主题/品牌色调整需逐文件改，暗色模式不能适配|改用 var(--c-border-*) （如 --c-border-default）|open|batch-4
R4-XXXXX|d:\6\恋爱小程序\apps\admin\src\views\config\OfficialAccounts.vue|238|D|P3|<style>硬编码色值 #f0fdf9 未走 design token（background: #f0fdf9;）|主题/品牌色调整需逐文件改，暗色模式不能适配|改用 var(--c-bg-*) （如 --c-bg-container/--c-bg-surface）|open|batch-4
R4-XXXXX|d:\6\恋爱小程序\apps\admin\src\views\config\OfficialAccounts.vue|248|D|P3|<style>硬编码色值 #94a3b8 未走 design token（color: #94a3b8;）|主题/品牌色调整需逐文件改，暗色模式不能适配|改用 var(--c-text-*) （如 --c-text-primary/--c-text-secondary）|open|batch-4
R4-XXXXX|d:\6\恋爱小程序\apps\admin\src\views\config\OfficialAccounts.vue|252|D|P3|<style>硬编码色值 #fff 未走 design token（background: #fff;）|主题/品牌色调整需逐文件改，暗色模式不能适配|改用 var(--c-bg-*) （如 --c-bg-container/--c-bg-surface）|open|batch-4
R4-XXXXX|d:\6\恋爱小程序\apps\admin\src\views\config\OfficialAccounts.vue|253|D|P3|<style>硬编码色值 #e2e8f0 未走 design token（border: 1px solid #e2e8f0;）|主题/品牌色调整需逐文件改，暗色模式不能适配|改用 var(--c-border-*) （如 --c-border-default）|open|batch-4
R4-XXXXX|d:\6\恋爱小程序\apps\admin\src\views\config\OfficialAccounts.vue|263|D|P3|<style>硬编码色值 #eef2f7 未走 design token（border-bottom: 1px solid #eef2f7;）|主题/品牌色调整需逐文件改，暗色模式不能适配|改用 var(--c-border-*) （如 --c-border-default）|open|batch-4
R4-XXXXX|d:\6\恋爱小程序\apps\admin\src\views\config\OfficialAccounts.vue|272|D|P3|<style>硬编码色值 #94a3b8 未走 design token（color: #94a3b8;）|主题/品牌色调整需逐文件改，暗色模式不能适配|改用 var(--c-text-*) （如 --c-text-primary/--c-text-secondary）|open|batch-4
R4-XXXXX|d:\6\恋爱小程序\apps\admin\src\views\config\OfficialAccounts.vue|285|D|P3|<style>硬编码色值 #f1f5f9 未走 design token（border-bottom: 1px solid #f1f5f9;）|主题/品牌色调整需逐文件改，暗色模式不能适配|改用 var(--c-border-*) （如 --c-border-default）|open|batch-4
R4-XXXXX|d:\6\恋爱小程序\apps\admin\src\views\config\OfficialAccounts.vue|290|D|P3|<style>硬编码色值 #f8fafc 未走 design token（background: #f8fafc;）|主题/品牌色调整需逐文件改，暗色模式不能适配|改用 var(--c-bg-*) （如 --c-bg-container/--c-bg-surface）|open|batch-4
R4-XXXXX|d:\6\恋爱小程序\apps\admin\src\views\config\OfficialAccounts.vue|291|D|P3|<style>硬编码色值 #64748b 未走 design token（color: #64748b;）|主题/品牌色调整需逐文件改，暗色模式不能适配|改用 var(--c-text-*) （如 --c-text-primary/--c-text-secondary）|open|batch-4
R4-XXXXX|d:\6\恋爱小程序\apps\admin\src\views\config\OfficialAccounts.vue|305|D|P3|<style>硬编码色值 #e8f8f0 未走 design token（background: #e8f8f0;）|主题/品牌色调整需逐文件改，暗色模式不能适配|改用 var(--c-bg-*) （如 --c-bg-container/--c-bg-surface）|open|batch-4
R4-XXXXX|d:\6\恋爱小程序\apps\admin\src\views\config\OfficialAccounts.vue|306|D|P3|<style>硬编码色值 #25a86c 未走 design token（color: #25a86c;）|主题/品牌色调整需逐文件改，暗色模式不能适配|改用 var(--c-text-*) （如 --c-text-primary/--c-text-secondary）|open|batch-4
R4-XXXXX|d:\6\恋爱小程序\apps\admin\src\views\config\OfficialAccounts.vue|310|D|P3|<style>硬编码色值 #fdf2f8 未走 design token（background: #fdf2f8;）|主题/品牌色调整需逐文件改，暗色模式不能适配|改用 var(--c-bg-*) （如 --c-bg-container/--c-bg-surface）|open|batch-4
R4-XXXXX|d:\6\恋爱小程序\apps\admin\src\views\config\OfficialAccounts.vue|311|D|P3|<style>硬编码色值 #db2777 未走 design token（color: #db2777;）|主题/品牌色调整需逐文件改，暗色模式不能适配|改用 var(--c-text-*) （如 --c-text-primary/--c-text-secondary）|open|batch-4
R4-XXXXX|d:\6\恋爱小程序\apps\admin\src\views\config\OfficialAccounts.vue|323|D|P3|<style>硬编码色值 #fff7ed 未走 design token（background: #fff7ed;）|主题/品牌色调整需逐文件改，暗色模式不能适配|改用 var(--c-bg-*) （如 --c-bg-container/--c-bg-surface）|open|batch-4
R4-XXXXX|d:\6\恋爱小程序\apps\admin\src\views\config\OfficialAccounts.vue|324|D|P3|<style>硬编码色值 #ea580c 未走 design token（color: #ea580c;）|主题/品牌色调整需逐文件改，暗色模式不能适配|改用 var(--c-text-*) （如 --c-text-primary/--c-text-secondary）|open|batch-4
R4-XXXXX|d:\6\恋爱小程序\apps\admin\src\views\config\OfficialAccounts.vue|329|D|P3|<style>硬编码色值 #3fcf8e 未走 design token（color: #3fcf8e;）|主题/品牌色调整需逐文件改，暗色模式不能适配|改用 var(--c-text-*) （如 --c-text-primary/--c-text-secondary）|open|batch-4
R4-XXXXX|d:\6\恋爱小程序\apps\admin\src\views\config\OfficialAccounts.vue|335|D|P3|<style>硬编码色值 #94a3b8 未走 design token（color: #94a3b8;）|主题/品牌色调整需逐文件改，暗色模式不能适配|改用 var(--c-text-*) （如 --c-text-primary/--c-text-secondary）|open|batch-4
R4-XXXXX|d:\6\恋爱小程序\apps\client\src\components\common\AvatarFrame.vue|100|D|P3|<style>硬编码色值 rgba(0, 0, 0, 0.18) 未走 design token（box-shadow: 0 2rpx 10rpx rgba(0, 0, 0, 0.18);）|主题/品牌色调整需逐文件改，暗色模式不能适配|改用 var(--s-*) |open|batch-4
R4-XXXXX|d:\6\恋爱小程序\apps\client\src\components\common\LockScreen.vue|138|D|P3|<style>硬编码色值 rgba(63, 207, 142, 0.18) 未走 design token（radial-gradient(ellipse at 20% 20%, rgba(63, 207, 142, ）|主题/品牌色调整需逐文件改，暗色模式不能适配|改用 design token |open|batch-4
R4-XXXXX|d:\6\恋爱小程序\apps\client\src\components\common\LockScreen.vue|139|D|P3|<style>硬编码色值 rgba(249, 168, 196, 0.2) 未走 design token（radial-gradient(ellipse at 80% 30%, rgba(249, 168, 196,）|主题/品牌色调整需逐文件改，暗色模式不能适配|改用 design token |open|batch-4
R4-XXXXX|d:\6\恋爱小程序\apps\client\src\components\common\LockScreen.vue|140|D|P3|<style>硬编码色值 rgba(124, 217, 166, 0.15) 未走 design token（radial-gradient(ellipse at 50% 80%, rgba(124, 217, 166,）|主题/品牌色调整需逐文件改，暗色模式不能适配|改用 design token |open|batch-4
R4-XXXXX|d:\6\恋爱小程序\apps\client\src\components\common\LockScreen.vue|141|D|P3|<style>硬编码色值 rgba(244, 114, 182, 0.12) 未走 design token（radial-gradient(ellipse at 15% 70%, rgba(244, 114, 182,）|主题/品牌色调整需逐文件改，暗色模式不能适配|改用 design token |open|batch-4
R4-XXXXX|d:\6\恋爱小程序\apps\client\src\components\common\SafeImage.vue|201|D|P3|<style>硬编码色值 rgba(0, 0, 0, 0.06) 未走 design token（rgba(0, 0, 0, 0.06) 25%,）|主题/品牌色调整需逐文件改，暗色模式不能适配|改用 design token |open|batch-4
R4-XXXXX|d:\6\恋爱小程序\apps\client\src\components\common\SafeImage.vue|202|D|P3|<style>硬编码色值 rgba(0, 0, 0, 0.1) 未走 design token（rgba(0, 0, 0, 0.1) 37%,）|主题/品牌色调整需逐文件改，暗色模式不能适配|改用 design token |open|batch-4
R4-XXXXX|d:\6\恋爱小程序\apps\client\src\components\common\SafeImage.vue|203|D|P3|<style>硬编码色值 rgba(0, 0, 0, 0.06) 未走 design token（rgba(0, 0, 0, 0.06) 63%）|主题/品牌色调整需逐文件改，暗色模式不能适配|改用 design token |open|batch-4
R4-XXXXX|d:\6\恋爱小程序\apps\client\src\components\discover\CardSwiper.vue|1502|D|P3|<style>硬编码色值 rgba(15, 23, 42, 0.55) 未走 design token（background: rgba(15, 23, 42, 0.55);）|主题/品牌色调整需逐文件改，暗色模式不能适配|改用 var(--c-bg-*) （如 --c-bg-container/--c-bg-surface）|open|batch-4
R4-XXXXX|d:\6\恋爱小程序\apps\client\src\components\discover\CardSwiper.vue|1503|D|P3|<style>硬编码色值 rgba(255, 255, 255, 0.25) 未走 design token（border: 1rpx solid rgba(255, 255, 255, 0.25);）|主题/品牌色调整需逐文件改，暗色模式不能适配|改用 var(--c-border-*) （如 --c-border-default）|open|batch-4
R4-XXXXX|d:\6\恋爱小程序\apps\client\src\components\discover\CardSwiper.vue|1517|D|P3|<style>硬编码色值 #ffffff 未走 design token（color: #ffffff;）|主题/品牌色调整需逐文件改，暗色模式不能适配|改用 var(--c-text-*) （如 --c-text-primary/--c-text-secondary）|open|batch-4
R4-XXXXX|d:\6\恋爱小程序\apps\client\src\components\discover\CardSwiper.vue|1534|D|P3|<style>硬编码色值 rgba(255, 255, 255, 0.92) 未走 design token（border: 10rpx solid rgba(255, 255, 255, 0.92);）|主题/品牌色调整需逐文件改，暗色模式不能适配|改用 var(--c-border-*) （如 --c-border-default）|open|batch-4
R4-XXXXX|d:\6\恋爱小程序\apps\client\src\components\discover\CardSwiper.vue|1535|D|P3|<style>硬编码色值 rgba(0, 0, 0, 0.18) 未走 design token（box-shadow: 0 12rpx 40rpx rgba(0, 0, 0, 0.18);）|主题/品牌色调整需逐文件改，暗色模式不能适配|改用 var(--s-*) |open|batch-4
R4-XXXXX|d:\6\恋爱小程序\apps\client\src\components\discover\CardSwiper.vue|1854|D|P3|<style>硬编码色值 rgba(0, 0, 0, 0.45) rgba(0, 0, 0, 0.15) 未走 design token（background: linear-gradient(to bottom, rgba(0, 0, 0, 0.）|主题/品牌色调整需逐文件改，暗色模式不能适配|改用 var(--c-bg-*) （如 --c-bg-container/--c-bg-surface）|open|batch-4
R4-XXXXX|d:\6\恋爱小程序\apps\client\src\components\discover\CardSwiper.vue|1860|D|P3|<style>硬编码色值 rgba(255, 255, 255, 0.92) 未走 design token（color: rgba(255, 255, 255, 0.92);）|主题/品牌色调整需逐文件改，暗色模式不能适配|改用 var(--c-text-*) （如 --c-text-primary/--c-text-secondary）|open|batch-4
R4-XXXXX|d:\6\恋爱小程序\apps\client\src\components\discover\CardSwiper.vue|1861|D|P3|<style>硬编码色值 rgba(0, 0, 0, 0.4) 未走 design token（text-shadow: 0 1rpx 6rpx rgba(0, 0, 0, 0.4);）|主题/品牌色调整需逐文件改，暗色模式不能适配|改用 var(--s-*) |open|batch-4
R4-XXXXX|d:\6\恋爱小程序\apps\client\src\components\discover\CardSwiper.vue|1870|D|P3|<style>硬编码色值 #2dd4bf #14b8a6 未走 design token（background: linear-gradient(135deg, #2dd4bf 0%, #14b8a6）|主题/品牌色调整需逐文件改，暗色模式不能适配|改用 var(--c-bg-*) （如 --c-bg-container/--c-bg-surface）|open|batch-4
R4-XXXXX|d:\6\恋爱小程序\apps\client\src\components\discover\CardSwiper.vue|1871|D|P3|<style>硬编码色值 rgba(0, 0, 0, 0.25) 未走 design token（box-shadow: 0 2rpx 10rpx rgba(0, 0, 0, 0.25);）|主题/品牌色调整需逐文件改，暗色模式不能适配|改用 var(--s-*) |open|batch-4
R4-XXXXX|d:\6\恋爱小程序\apps\client\src\components\discover\CardSwiper.vue|1881|D|P3|<style>硬编码色值 #ffffff 未走 design token（color: #ffffff;）|主题/品牌色调整需逐文件改，暗色模式不能适配|改用 var(--c-text-*) （如 --c-text-primary/--c-text-secondary）|open|batch-4
R4-XXXXX|d:\6\恋爱小程序\apps\client\src\components\discover\CardSwiper.vue|1886|D|P3|<style>硬编码色值 rgba(255, 255, 255, 0.9) 未走 design token（color: rgba(255, 255, 255, 0.9);）|主题/品牌色调整需逐文件改，暗色模式不能适配|改用 var(--c-text-*) （如 --c-text-primary/--c-text-secondary）|open|batch-4
R4-XXXXX|d:\6\恋爱小程序\apps\client\src\components\discover\CardSwiper.vue|1895|D|P3|<style>硬编码色值 rgba(255, 255, 255, 0.18) 未走 design token（background: rgba(255, 255, 255, 0.18);）|主题/品牌色调整需逐文件改，暗色模式不能适配|改用 var(--c-bg-*) （如 --c-bg-container/--c-bg-surface）|open|batch-4
R4-XXXXX|d:\6\恋爱小程序\apps\client\src\components\discover\CardSwiper.vue|1896|D|P3|<style>硬编码色值 rgba(255, 255, 255, 0.25) 未走 design token（border: 1rpx solid rgba(255, 255, 255, 0.25);）|主题/品牌色调整需逐文件改，暗色模式不能适配|改用 var(--c-border-*) （如 --c-border-default）|open|batch-4
R4-XXXXX|d:\6\恋爱小程序\apps\client\src\components\discover\CardSwiper.vue|1928|D|P3|<style>硬编码色值 #4ade80 未走 design token（background: #4ade80;）|主题/品牌色调整需逐文件改，暗色模式不能适配|改用 var(--c-bg-*) （如 --c-bg-container/--c-bg-surface）|open|batch-4
R4-XXXXX|d:\6\恋爱小程序\apps\client\src\components\discover\CardSwiper.vue|1984|D|P3|<style>硬编码色值 rgba(255, 255, 255, 0.88) 未走 design token（background: rgba(255, 255, 255, 0.88);）|主题/品牌色调整需逐文件改，暗色模式不能适配|改用 var(--c-bg-*) （如 --c-bg-container/--c-bg-surface）|open|batch-4
R4-XXXXX|d:\6\恋爱小程序\apps\client\src\components\discover\CardSwiper.vue|1985|D|P3|<style>硬编码色值 #334155 未走 design token（color: #334155;）|主题/品牌色调整需逐文件改，暗色模式不能适配|改用 var(--c-text-*) （如 --c-text-primary/--c-text-secondary）|open|batch-4
R4-XXXXX|d:\6\恋爱小程序\apps\client\src\components\discover\CardSwiper.vue|2012|D|P3|<style>硬编码色值 #ffffff 未走 design token（color: #ffffff;）|主题/品牌色调整需逐文件改，暗色模式不能适配|改用 var(--c-text-*) （如 --c-text-primary/--c-text-secondary）|open|batch-4
R4-XXXXX|d:\6\恋爱小程序\apps\client\src\components\discover\CardSwiper.vue|2020|D|P3|<style>硬编码色值 rgba(255, 255, 255, 0.72) 未走 design token（background: rgba(255, 255, 255, 0.72);）|主题/品牌色调整需逐文件改，暗色模式不能适配|改用 var(--c-bg-*) （如 --c-bg-container/--c-bg-surface）|open|batch-4
R4-XXXXX|d:\6\恋爱小程序\apps\client\src\components\discover\CardSwiper.vue|2021|D|P3|<style>硬编码色值 rgba(255, 255, 255, 0.4) 未走 design token（border-color: rgba(255, 255, 255, 0.4);）|主题/品牌色调整需逐文件改，暗色模式不能适配|改用 var(--c-border-*) （如 --c-border-default）|open|batch-4
R4-XXXXX|d:\6\恋爱小程序\apps\client\src\components\discover\CardSwiper.vue|2054|D|P3|<style>硬编码色值 rgba(255, 255, 255, 0.14) 未走 design token（background: rgba(255, 255, 255, 0.14);）|主题/品牌色调整需逐文件改，暗色模式不能适配|改用 var(--c-bg-*) （如 --c-bg-container/--c-bg-surface）|open|batch-4
R4-XXXXX|d:\6\恋爱小程序\apps\client\src\components\discover\CardSwiper.vue|2055|D|P3|<style>硬编码色值 rgba(255, 255, 255, 0.22) 未走 design token（border: 1rpx solid rgba(255, 255, 255, 0.22);）|主题/品牌色调整需逐文件改，暗色模式不能适配|改用 var(--c-border-*) （如 --c-border-default）|open|batch-4
R4-XXXXX|d:\6\恋爱小程序\apps\client\src\components\discover\CardSwiper.vue|2059|D|P3|<style>硬编码色值 rgba(255, 255, 255, 0.24) 未走 design token（background: rgba(255, 255, 255, 0.24);）|主题/品牌色调整需逐文件改，暗色模式不能适配|改用 var(--c-bg-*) （如 --c-bg-container/--c-bg-surface）|open|batch-4
R4-XXXXX|d:\6\恋爱小程序\apps\client\src\components\discover\CardSwiper.vue|2124|D|P3|<style>硬编码色值 rgba(255, 255, 255, 0.92) 未走 design token（background: rgba(255, 255, 255, 0.92);）|主题/品牌色调整需逐文件改，暗色模式不能适配|改用 var(--c-bg-*) （如 --c-bg-container/--c-bg-surface）|open|batch-4
R4-XXXXX|d:\6\恋爱小程序\apps\client\src\components\discover\CardSwiper.vue|2125|D|P3|<style>硬编码色值 #334155 未走 design token（color: #334155;）|主题/品牌色调整需逐文件改，暗色模式不能适配|改用 var(--c-text-*) （如 --c-text-primary/--c-text-secondary）|open|batch-4
R4-XXXXX|d:\6\恋爱小程序\apps\client\src\components\discover\CardSwiper.vue|2128|D|P3|<style>硬编码色值 rgba(255, 255, 255, 0.6) 未走 design token（border: 1rpx solid rgba(255, 255, 255, 0.6);）|主题/品牌色调整需逐文件改，暗色模式不能适配|改用 var(--c-border-*) （如 --c-border-default）|open|batch-4
R4-XXXXX|d:\6\恋爱小程序\apps\client\src\components\discover\CardSwiper.vue|2174|D|P3|<style>硬编码色值 rgba(0, 0, 0, 0.12) 未走 design token（box-shadow: 0 4rpx 16rpx rgba(0, 0, 0, 0.12);）|主题/品牌色调整需逐文件改，暗色模式不能适配|改用 var(--s-*) |open|batch-4
R4-XXXXX|d:\6\恋爱小程序\apps\client\src\components\discover\CardSwiper.vue|2179|D|P3|<style>硬编码色值 rgba(0, 0, 0, 0.08) 未走 design token（box-shadow: 0 2rpx 8rpx rgba(0, 0, 0, 0.08);）|主题/品牌色调整需逐文件改，暗色模式不能适配|改用 var(--s-*) |open|batch-4
R4-XXXXX|d:\6\恋爱小程序\apps\client\src\components\discover\CardSwiper.vue|2193|D|P3|<style>硬编码色值 rgba(63, 207, 142, 0.4) 未走 design token（box-shadow: 0 8rpx 28rpx rgba(63, 207, 142, 0.4);）|主题/品牌色调整需逐文件改，暗色模式不能适配|改用 var(--s-*) |open|batch-4
R4-XXXXX|d:\6\恋爱小程序\apps\client\src\components\discover\CardSwiper.vue|2194|D|P3|<style>硬编码色值 rgba(255, 255, 255, 0.85) 未走 design token（border: 3rpx solid rgba(255, 255, 255, 0.85);）|主题/品牌色调整需逐文件改，暗色模式不能适配|改用 var(--c-border-*) （如 --c-border-default）|open|batch-4
R4-XXXXX|d:\6\恋爱小程序\apps\client\src\components\discover\CardSwiper.vue|2213|D|P3|<style>硬编码色值 #ffffff 未走 design token（color: #ffffff;）|主题/品牌色调整需逐文件改，暗色模式不能适配|改用 var(--c-text-*) （如 --c-text-primary/--c-text-secondary）|open|batch-4
R4-XXXXX|d:\6\恋爱小程序\apps\client\src\components\discover\CardSwiper.vue|2223|D|P3|<style>硬编码色值 rgba(244, 63, 94, 0.35) 未走 design token（box-shadow: 0 4rpx 20rpx rgba(244, 63, 94, 0.35);）|主题/品牌色调整需逐文件改，暗色模式不能适配|改用 var(--s-*) |open|batch-4
R4-XXXXX|d:\6\恋爱小程序\apps\client\src\components\discover\CardSwiper.vue|2238|D|P3|<style>硬编码色值 rgba(15, 23, 42, 0.55) 未走 design token（background: rgba(15, 23, 42, 0.55);）|主题/品牌色调整需逐文件改，暗色模式不能适配|改用 var(--c-bg-*) （如 --c-bg-container/--c-bg-surface）|open|batch-4
R4-XXXXX|d:\6\恋爱小程序\apps\client\src\components\discover\CardSwiper.vue|2249|D|P3|<style>硬编码色值 #ffffff 未走 design token（background: #ffffff;）|主题/品牌色调整需逐文件改，暗色模式不能适配|改用 var(--c-bg-*) （如 --c-bg-container/--c-bg-surface）|open|batch-4
R4-XXXXX|d:\6\恋爱小程序\apps\client\src\components\discover\CardSwiper.vue|2320|D|P3|<style>硬编码色值 #ffffff 未走 design token（color: #ffffff;）|主题/品牌色调整需逐文件改，暗色模式不能适配|改用 var(--c-text-*) （如 --c-text-primary/--c-text-secondary）|open|batch-4
R4-XXXXX|d:\6\恋爱小程序\apps\client\src\components\discover\CheckinPopup.vue|193|D|P3|<style>硬编码色值 rgba(15, 23, 42, 0.16) 未走 design token（box-shadow: 0 16rpx 48rpx rgba(15, 23, 42, 0.16);）|主题/品牌色调整需逐文件改，暗色模式不能适配|改用 var(--s-*) |open|batch-4
R4-XXXXX|d:\6\恋爱小程序\apps\client\src\components\discover\QuickFilterSheet.vue|196|D|P3|<style>硬编码色值 rgba(15, 23, 42, 0.5) 未走 design token（background: rgba(15, 23, 42, 0.5);）|主题/品牌色调整需逐文件改，暗色模式不能适配|改用 var(--c-bg-*) （如 --c-bg-container/--c-bg-surface）|open|batch-4
R4-XXXXX|d:\6\恋爱小程序\apps\client\src\components\discover\QuickFilterSheet.vue|204|D|P3|<style>硬编码色值 #ffffff 未走 design token（background: #ffffff;）|主题/品牌色调整需逐文件改，暗色模式不能适配|改用 var(--c-bg-*) （如 --c-bg-container/--c-bg-surface）|open|batch-4
R4-XXXXX|d:\6\恋爱小程序\apps\client\src\components\discover\QuickFilterSheet.vue|272|D|P3|<style>硬编码色值 #ffffff 未走 design token（color: #ffffff;）|主题/品牌色调整需逐文件改，暗色模式不能适配|改用 var(--c-text-*) （如 --c-text-primary/--c-text-secondary）|open|batch-4
R4-XXXXX|d:\6\恋爱小程序\apps\client\src\components\discover\QuickFilterSheet.vue|388|D|P3|<style>硬编码色值 #ffffff 未走 design token（color: #ffffff;）|主题/品牌色调整需逐文件改，暗色模式不能适配|改用 var(--c-text-*) （如 --c-text-primary/--c-text-secondary）|open|batch-4
R4-XXXXX|d:\6\恋爱小程序\apps\client\src\components\home\HomeBanner.vue|184|D|P3|<style>硬编码色值 rgba(0, 0, 0, 0) 未走 design token（rgba(0, 0, 0, 0) 40%,）|主题/品牌色调整需逐文件改，暗色模式不能适配|改用 design token |open|batch-4
R4-XXXXX|d:\6\恋爱小程序\apps\client\src\components\home\HomeBanner.vue|185|D|P3|<style>硬编码色值 rgba(0, 0, 0, 0.55) 未走 design token（rgba(0, 0, 0, 0.55) 100%）|主题/品牌色调整需逐文件改，暗色模式不能适配|改用 design token |open|batch-4
R4-XXXXX|d:\6\恋爱小程序\apps\client\src\components\home\HomeBanner.vue|208|D|P3|<style>硬编码色值 rgba(0, 0, 0, 0.35) 未走 design token（text-shadow: 0 2rpx 8rpx rgba(0, 0, 0, 0.35);）|主题/品牌色调整需逐文件改，暗色模式不能适配|改用 var(--s-*) |open|batch-4
R4-XXXXX|d:\6\恋爱小程序\apps\client\src\components\home\HomeBanner.vue|216|D|P3|<style>硬编码色值 rgba(0, 0, 0, 0.35) 未走 design token（text-shadow: 0 1rpx 4rpx rgba(0, 0, 0, 0.35);）|主题/品牌色调整需逐文件改，暗色模式不能适配|改用 var(--s-*) |open|batch-4
R4-XXXXX|d:\6\恋爱小程序\apps\client\src\components\login\LoginLogo.vue|72|D|P3|<style>硬编码色值 rgba(0, 0, 0, 0.25) 未走 design token（text-shadow: 0 2rpx 12rpx rgba(0, 0, 0, 0.25);）|主题/品牌色调整需逐文件改，暗色模式不能适配|改用 var(--s-*) |open|batch-4
R4-XXXXX|d:\6\恋爱小程序\apps\client\src\components\village\ChannelComposerBar.vue|88|D|P3|<style>硬编码色值 rgba(0, 0, 0, 0.04) 未走 design token（box-shadow: 0 -8rpx 24rpx rgba(0, 0, 0, 0.04);）|主题/品牌色调整需逐文件改，暗色模式不能适配|改用 var(--s-*) |open|batch-4
R4-XXXXX|d:\6\恋爱小程序\apps\client\src\components\village\HotTopicsSection.vue|198|D|P3|<style>硬编码色值 rgba(0, 0, 0, 0.55) rgba(0, 0, 0, 0) 未走 design token（background: linear-gradient(to top, rgba(0, 0, 0, 0.55)）|主题/品牌色调整需逐文件改，暗色模式不能适配|改用 var(--c-bg-*) （如 --c-bg-container/--c-bg-surface）|open|batch-4
R4-XXXXX|d:\6\恋爱小程序\apps\client\src\components\village\HotTopicsSection.vue|207|D|P3|<style>硬编码色值 #ffffff 未走 design token（color: #ffffff;）|主题/品牌色调整需逐文件改，暗色模式不能适配|改用 var(--c-text-*) （如 --c-text-primary/--c-text-secondary）|open|batch-4
R4-XXXXX|d:\6\恋爱小程序\apps\client\src\components\village\HotTopicsSection.vue|212|D|P3|<style>硬编码色值 rgba(255, 255, 255, 0.85) 未走 design token（color: rgba(255, 255, 255, 0.85);）|主题/品牌色调整需逐文件改，暗色模式不能适配|改用 var(--c-text-*) （如 --c-text-primary/--c-text-secondary）|open|batch-4
R4-XXXXX|d:\6\恋爱小程序\apps\client\src\components\village\PostCard.vue|480|D|P3|<style>硬编码色值 rgba(0, 0, 0, 0.45) 未走 design token（background: rgba(0, 0, 0, 0.45);）|主题/品牌色调整需逐文件改，暗色模式不能适配|改用 var(--c-bg-*) （如 --c-bg-container/--c-bg-surface）|open|batch-4
R4-XXXXX|d:\6\恋爱小程序\apps\client\src\pages\activities\detail.vue|580|D|P3|<style>硬编码色值 rgba(0, 0, 0, 0.06) 未走 design token（box-shadow: 0 -4rpx 20rpx rgba(0, 0, 0, 0.06);）|主题/品牌色调整需逐文件改，暗色模式不能适配|改用 var(--s-*) |open|batch-4
R4-XXXXX|d:\6\恋爱小程序\apps\client\src\pages\campus\index.vue|377|D|P3|<style>SCSS 变量未映射 CSS token 未走 design token（background: $white;）|主题/品牌色调整需逐文件改，暗色模式不能适配|改用 var(--c-bg-*) （如 --c-bg-container/--c-bg-surface）|open|batch-4
R4-XXXXX|d:\6\恋爱小程序\apps\client\src\pages\campus\index.vue|481|D|P3|<style>SCSS 变量未映射 CSS token 未走 design token（background: $white;）|主题/品牌色调整需逐文件改，暗色模式不能适配|改用 var(--c-bg-*) （如 --c-bg-container/--c-bg-surface）|open|batch-4
R4-XXXXX|d:\6\恋爱小程序\apps\client\src\pages\campus\post-topic.vue|398|D|P3|<style>SCSS 变量未映射 CSS token 未走 design token（background: $white;）|主题/品牌色调整需逐文件改，暗色模式不能适配|改用 var(--c-bg-*) （如 --c-bg-container/--c-bg-surface）|open|batch-4
R4-XXXXX|d:\6\恋爱小程序\apps\client\src\pages\campus\post-topic.vue|454|D|P3|<style>SCSS 变量未映射 CSS token 未走 design token（background: $white;）|主题/品牌色调整需逐文件改，暗色模式不能适配|改用 var(--c-bg-*) （如 --c-bg-container/--c-bg-surface）|open|batch-4
R4-XXXXX|d:\6\恋爱小程序\apps\client\src\pages\campus\post-topic.vue|473|D|P3|<style>SCSS 变量未映射 CSS token 未走 design token（background: $white;）|主题/品牌色调整需逐文件改，暗色模式不能适配|改用 var(--c-bg-*) （如 --c-bg-container/--c-bg-surface）|open|batch-4
R4-XXXXX|d:\6\恋爱小程序\apps\client\src\pages\campus\post-topic.vue|479|D|P3|<style>SCSS 变量未映射 CSS token 未走 design token（background: $white;）|主题/品牌色调整需逐文件改，暗色模式不能适配|改用 var(--c-bg-*) （如 --c-bg-container/--c-bg-surface）|open|batch-4
R4-XXXXX|d:\6\恋爱小程序\apps\client\src\pages\campus\post-topic.vue|501|D|P3|<style>SCSS 变量未映射 CSS token 未走 design token（background: $white;）|主题/品牌色调整需逐文件改，暗色模式不能适配|改用 var(--c-bg-*) （如 --c-bg-container/--c-bg-surface）|open|batch-4
R4-XXXXX|d:\6\恋爱小程序\apps\client\src\pages\campus\post-topic.vue|519|D|P3|<style>SCSS 变量未映射 CSS token 未走 design token（background: $white;）|主题/品牌色调整需逐文件改，暗色模式不能适配|改用 var(--c-bg-*) （如 --c-bg-container/--c-bg-surface）|open|batch-4
R4-XXXXX|d:\6\恋爱小程序\apps\client\src\pages\campus\post-topic.vue|528|D|P3|<style>SCSS 变量未映射 CSS token 未走 design token（background: $white;）|主题/品牌色调整需逐文件改，暗色模式不能适配|改用 var(--c-bg-*) （如 --c-bg-container/--c-bg-surface）|open|batch-4
R4-XXXXX|d:\6\恋爱小程序\apps\client\src\pages\campus\topic-detail.vue|381|D|P3|<style>SCSS 变量未映射 CSS token 未走 design token（background: $white;）|主题/品牌色调整需逐文件改，暗色模式不能适配|改用 var(--c-bg-*) （如 --c-bg-container/--c-bg-surface）|open|batch-4
R4-XXXXX|d:\6\恋爱小程序\apps\client\src\pages\campus\topic-detail.vue|444|D|P3|<style>SCSS 变量未映射 CSS token 未走 design token（background: $white;）|主题/品牌色调整需逐文件改，暗色模式不能适配|改用 var(--c-bg-*) （如 --c-bg-container/--c-bg-surface）|open|batch-4
R4-XXXXX|d:\6\恋爱小程序\apps\client\src\pages\campus\topic-detail.vue|469|D|P3|<style>SCSS 变量未映射 CSS token 未走 design token（background: $white;）|主题/品牌色调整需逐文件改，暗色模式不能适配|改用 var(--c-bg-*) （如 --c-bg-container/--c-bg-surface）|open|batch-4
R4-XXXXX|d:\6\恋爱小程序\apps\client\src\pages\campus\topic-detail.vue|654|D|P3|<style>SCSS 变量未映射 CSS token 未走 design token（background: $white;）|主题/品牌色调整需逐文件改，暗色模式不能适配|改用 var(--c-bg-*) （如 --c-bg-container/--c-bg-surface）|open|batch-4
R4-XXXXX|d:\6\恋爱小程序\apps\client\src\pages\campus\topic-detail.vue|674|D|P3|<style>SCSS 变量未映射 CSS token 未走 design token（background: $white;）|主题/品牌色调整需逐文件改，暗色模式不能适配|改用 var(--c-bg-*) （如 --c-bg-container/--c-bg-surface）|open|batch-4
R4-XXXXX|d:\6\恋爱小程序\apps\client\src\pages\chat\index.vue|478|D|P3|<style>硬编码色值 rgba(255, 255, 255, 0.9) 未走 design token（background: rgba(255, 255, 255, 0.9);）|主题/品牌色调整需逐文件改，暗色模式不能适配|改用 var(--c-bg-*) （如 --c-bg-container/--c-bg-surface）|open|batch-4
R4-XXXXX|d:\6\恋爱小程序\apps\client\src\pages\chat\index.vue|482|D|P3|<style>硬编码色值 rgba(15, 23, 42, 0.12) 未走 design token（box-shadow: 0 2rpx 8rpx rgba(15, 23, 42, 0.12);）|主题/品牌色调整需逐文件改，暗色模式不能适配|改用 var(--s-*) |open|batch-4
R4-XXXXX|d:\6\恋爱小程序\apps\client\src\pages\circles\post-topic.vue|732|D|P3|<style>SCSS 变量未映射 CSS token 未走 design token（background: $white;）|主题/品牌色调整需逐文件改，暗色模式不能适配|改用 var(--c-bg-*) （如 --c-bg-container/--c-bg-surface）|open|batch-4
R4-XXXXX|d:\6\恋爱小程序\apps\client\src\pages\circles\post-topic.vue|751|D|P3|<style>SCSS 变量未映射 CSS token 未走 design token（background: $white;）|主题/品牌色调整需逐文件改，暗色模式不能适配|改用 var(--c-bg-*) （如 --c-bg-container/--c-bg-surface）|open|batch-4
R4-XXXXX|d:\6\恋爱小程序\apps\client\src\pages\circles\post-topic.vue|757|D|P3|<style>SCSS 变量未映射 CSS token 未走 design token（background: $white;）|主题/品牌色调整需逐文件改，暗色模式不能适配|改用 var(--c-bg-*) （如 --c-bg-container/--c-bg-surface）|open|batch-4
R4-XXXXX|d:\6\恋爱小程序\apps\client\src\pages\circles\post-topic.vue|779|D|P3|<style>SCSS 变量未映射 CSS token 未走 design token（background: $white;）|主题/品牌色调整需逐文件改，暗色模式不能适配|改用 var(--c-bg-*) （如 --c-bg-container/--c-bg-surface）|open|batch-4
R4-XXXXX|d:\6\恋爱小程序\apps\client\src\pages\circles\post-topic.vue|797|D|P3|<style>SCSS 变量未映射 CSS token 未走 design token（background: $white;）|主题/品牌色调整需逐文件改，暗色模式不能适配|改用 var(--c-bg-*) （如 --c-bg-container/--c-bg-surface）|open|batch-4
R4-XXXXX|d:\6\恋爱小程序\apps\client\src\pages\circles\post-topic.vue|883|D|P3|<style>SCSS 变量未映射 CSS token 未走 design token（background: $white;）|主题/品牌色调整需逐文件改，暗色模式不能适配|改用 var(--c-bg-*) （如 --c-bg-container/--c-bg-surface）|open|batch-4
R4-XXXXX|d:\6\恋爱小程序\apps\client\src\pages\circles\post-topic.vue|941|D|P3|<style>SCSS 变量未映射 CSS token 未走 design token（background: $white;）|主题/品牌色调整需逐文件改，暗色模式不能适配|改用 var(--c-bg-*) （如 --c-bg-container/--c-bg-surface）|open|batch-4
R4-XXXXX|d:\6\恋爱小程序\apps\client\src\pages\circles\post-topic.vue|969|D|P3|<style>SCSS 变量未映射 CSS token 未走 design token（background: $white;）|主题/品牌色调整需逐文件改，暗色模式不能适配|改用 var(--c-bg-*) （如 --c-bg-container/--c-bg-surface）|open|batch-4
R4-XXXXX|d:\6\恋爱小程序\apps\client\src\pages\dev\index.vue|291|D|P3|<style>SCSS 变量未映射 CSS token 未走 design token（color: $white;）|主题/品牌色调整需逐文件改，暗色模式不能适配|改用 var(--c-text-*) （如 --c-text-primary/--c-text-secondary）|open|batch-4
R4-XXXXX|d:\6\恋爱小程序\apps\client\src\pages\dev\index.vue|299|D|P3|<style>SCSS 变量未映射 CSS token 未走 design token（color: $white;）|主题/品牌色调整需逐文件改，暗色模式不能适配|改用 var(--c-text-*) （如 --c-text-primary/--c-text-secondary）|open|batch-4
R4-XXXXX|d:\6\恋爱小程序\apps\client\src\pages\dev\index.vue|318|D|P3|<style>SCSS 变量未映射 CSS token 未走 design token（color: $white;）|主题/品牌色调整需逐文件改，暗色模式不能适配|改用 var(--c-text-*) （如 --c-text-primary/--c-text-secondary）|open|batch-4
R4-XXXXX|d:\6\恋爱小程序\apps\client\src\pages\dev\index.vue|366|D|P3|<style>SCSS 变量未映射 CSS token 未走 design token（background: $white;）|主题/品牌色调整需逐文件改，暗色模式不能适配|改用 var(--c-bg-*) （如 --c-bg-container/--c-bg-surface）|open|batch-4
R4-XXXXX|d:\6\恋爱小程序\apps\client\src\pages\dev\index.vue|392|D|P3|<style>SCSS 变量未映射 CSS token 未走 design token（background: linear-gradient(90deg, $green-light 0%, $wh）|主题/品牌色调整需逐文件改，暗色模式不能适配|改用 var(--c-bg-*) （如 --c-bg-container/--c-bg-surface）|open|batch-4
R4-XXXXX|d:\6\恋爱小程序\apps\client\src\pages\discover\history.vue|269|D|P3|<style>SCSS 变量未映射 CSS token 未走 design token（background-color: $white;）|主题/品牌色调整需逐文件改，暗色模式不能适配|改用 var(--c-bg-*) （如 --c-bg-container/--c-bg-surface）|open|batch-4
R4-XXXXX|d:\6\恋爱小程序\apps\client\src\pages\discover\history.vue|312|D|P3|<style>SCSS 变量未映射 CSS token 未走 design token（background-color: $white;）|主题/品牌色调整需逐文件改，暗色模式不能适配|改用 var(--c-bg-*) （如 --c-bg-container/--c-bg-surface）|open|batch-4
R4-XXXXX|d:\6\恋爱小程序\apps\client\src\pages\discover\history.vue|353|D|P3|<style>SCSS 变量未映射 CSS token 未走 design token（background-color: $white;）|主题/品牌色调整需逐文件改，暗色模式不能适配|改用 var(--c-bg-*) （如 --c-bg-container/--c-bg-surface）|open|batch-4
R4-XXXXX|d:\6\恋爱小程序\apps\client\src\pages\discover\history.vue|483|D|P3|<style>SCSS 变量未映射 CSS token 未走 design token（color: $white;）|主题/品牌色调整需逐文件改，暗色模式不能适配|改用 var(--c-text-*) （如 --c-text-primary/--c-text-secondary）|open|batch-4
R4-XXXXX|d:\6\恋爱小程序\apps\client\src\pages\discover\history.vue|489|D|P3|<style>SCSS 变量未映射 CSS token 未走 design token（color: $white;）|主题/品牌色调整需逐文件改，暗色模式不能适配|改用 var(--c-text-*) （如 --c-text-primary/--c-text-secondary）|open|batch-4
R4-XXXXX|d:\6\恋爱小程序\apps\client\src\pages\likes-visitors\index.vue|494|D|P3|<style>硬编码色值 rgba(255, 255, 255, 0.35) 未走 design token（background: rgba(255, 255, 255, 0.35);）|主题/品牌色调整需逐文件改，暗色模式不能适配|改用 var(--c-bg-*) （如 --c-bg-container/--c-bg-surface）|open|batch-4
R4-XXXXX|d:\6\恋爱小程序\apps\client\src\pages\likes\index.vue|1155|D|P3|<style>硬编码色值 rgba(15, 23, 42, 0.72) 未走 design token（background: rgba(15, 23, 42, 0.72);）|主题/品牌色调整需逐文件改，暗色模式不能适配|改用 var(--c-bg-*) （如 --c-bg-container/--c-bg-surface）|open|batch-4
R4-XXXXX|d:\6\恋爱小程序\apps\client\src\pages\likes\index.vue|1374|D|P3|<style>硬编码色值 rgba(0, 0, 0, 0.08) 未走 design token（box-shadow: 0 -8rpx 32rpx rgba(0, 0, 0, 0.08);）|主题/品牌色调整需逐文件改，暗色模式不能适配|改用 var(--s-*) |open|batch-4
R4-XXXXX|d:\6\恋爱小程序\apps\client\src\pages\likes\index.vue|1391|D|P3|<style>硬编码色值 #ffffff 未走 design token（color: #ffffff;）|主题/品牌色调整需逐文件改，暗色模式不能适配|改用 var(--c-text-*) （如 --c-text-primary/--c-text-secondary）|open|batch-4
R4-XXXXX|d:\6\恋爱小程序\apps\client\src\pages\login\index.vue|690|D|P3|<style>硬编码色值 rgba(255,255,255,0) rgba(255,255,255,0.95) 未走 design token（background: linear-gradient(180deg, rgba(255,255,255,0)）|主题/品牌色调整需逐文件改，暗色模式不能适配|改用 var(--c-bg-*) （如 --c-bg-container/--c-bg-surface）|open|batch-4
R4-XXXXX|d:\6\恋爱小程序\apps\client\src\pages\login\index.vue|983|D|P3|<style>硬编码色值 rgba(59, 157, 229, 0.12) rgba(124, 108, 240, 0.12) 未走 design token（background: linear-gradient(135deg, rgba(59, 157, 229, ）|主题/品牌色调整需逐文件改，暗色模式不能适配|改用 var(--c-bg-*) （如 --c-bg-container/--c-bg-surface）|open|batch-4
R4-XXXXX|d:\6\恋爱小程序\apps\client\src\pages\login\index.vue|984|D|P3|<style>硬编码色值 rgba(59, 157, 229, 0.35) 未走 design token（border: 2rpx solid rgba(59, 157, 229, 0.35);）|主题/品牌色调整需逐文件改，暗色模式不能适配|改用 var(--c-border-*) （如 --c-border-default）|open|batch-4
R4-XXXXX|d:\6\恋爱小程序\apps\client\src\pages\login\index.vue|992|D|P3|<style>硬编码色值 #3B9DE5 #7C6CF0 未走 design token（background: linear-gradient(135deg, #3B9DE5, #7C6CF0);）|主题/品牌色调整需逐文件改，暗色模式不能适配|改用 var(--c-bg-*) （如 --c-bg-container/--c-bg-surface）|open|batch-4
R4-XXXXX|d:\6\恋爱小程序\apps\client\src\pages\login\index.vue|1002|D|P3|<style>硬编码色值 #fff 未走 design token（color: #fff;）|主题/品牌色调整需逐文件改，暗色模式不能适配|改用 var(--c-text-*) （如 --c-text-primary/--c-text-secondary）|open|batch-4
R4-XXXXX|d:\6\恋爱小程序\apps\client\src\pages\login\index.vue|1026|D|P3|<style>硬编码色值 #3B9DE5 未走 design token（color: #3B9DE5;）|主题/品牌色调整需逐文件改，暗色模式不能适配|改用 var(--c-text-*) （如 --c-text-primary/--c-text-secondary）|open|batch-4
R4-XXXXX|d:\6\恋爱小程序\apps\client\src\pages\profile\index.vue|1971|D|P3|<style>硬编码色值 rgba(15, 23, 42, 0) rgba(15, 23, 42, 0.32) 未走 design token（background: linear-gradient(180deg, rgba(15, 23, 42, 0)）|主题/品牌色调整需逐文件改，暗色模式不能适配|改用 var(--c-bg-*) （如 --c-bg-container/--c-bg-surface）|open|batch-4
R4-XXXXX|d:\6\恋爱小程序\apps\client\src\pages\profile\index.vue|2168|D|P3|<style>硬编码色值 rgba(255, 255, 255, 0.35) 未走 design token（border: 4rpx solid rgba(255, 255, 255, 0.35);）|主题/品牌色调整需逐文件改，暗色模式不能适配|改用 var(--c-border-*) （如 --c-border-default）|open|batch-4
R4-XXXXX|d:\6\恋爱小程序\apps\client\src\pages\profile\index.vue|2169|D|P3|<style>硬编码色值 #ffffff 未走 design token（border-top-color: #ffffff;）|主题/品牌色调整需逐文件改，暗色模式不能适配|改用 var(--c-border-*) （如 --c-border-default）|open|batch-4
R4-XXXXX|d:\6\恋爱小程序\apps\client\src\pages\profile\index.vue|2383|D|P3|<style>硬编码色值 #ffffff 未走 design token（color: #ffffff;）|主题/品牌色调整需逐文件改，暗色模式不能适配|改用 var(--c-text-*) （如 --c-text-primary/--c-text-secondary）|open|batch-4
R4-XXXXX|d:\6\恋爱小程序\apps\client\src\pages\profile\index.vue|2558|D|P3|<style>硬编码色值 rgba(244, 63, 94, 0.35) 未走 design token（0%, 100% { box-shadow: 0 0 0 0 rgba(244, 63, 94, 0.35);）|主题/品牌色调整需逐文件改，暗色模式不能适配|改用 var(--s-*) |open|batch-4
R4-XXXXX|d:\6\恋爱小程序\apps\client\src\pages\profile\index.vue|2559|D|P3|<style>硬编码色值 rgba(244, 63, 94, 0) 未走 design token（50% { box-shadow: 0 0 0 12rpx rgba(244, 63, 94, 0); }）|主题/品牌色调整需逐文件改，暗色模式不能适配|改用 var(--s-*) |open|batch-4
R4-XXXXX|d:\6\恋爱小程序\apps\client\src\pages\security\index.vue|454|D|P3|<style>硬编码色值 rgba(0, 0, 0, 0.45) 未走 design token（background: rgba(0, 0, 0, 0.45);）|主题/品牌色调整需逐文件改，暗色模式不能适配|改用 var(--c-bg-*) （如 --c-bg-container/--c-bg-surface）|open|batch-4
R4-XXXXX|d:\6\恋爱小程序\apps\client\src\pages\shop\index.vue|257|D|P3|<style>SCSS 变量未映射 CSS token 未走 design token（color: $white;）|主题/品牌色调整需逐文件改，暗色模式不能适配|改用 var(--c-text-*) （如 --c-text-primary/--c-text-secondary）|open|batch-4
R4-XXXXX|d:\6\恋爱小程序\apps\client\src\pages\shop\index.vue|263|D|P3|<style>SCSS 变量未映射 CSS token 未走 design token（color: $white;）|主题/品牌色调整需逐文件改，暗色模式不能适配|改用 var(--c-text-*) （如 --c-text-primary/--c-text-secondary）|open|batch-4
R4-XXXXX|d:\6\恋爱小程序\apps\client\src\pages\shop\index.vue|276|D|P3|<style>SCSS 变量未映射 CSS token 未走 design token（color: $white;）|主题/品牌色调整需逐文件改，暗色模式不能适配|改用 var(--c-text-*) （如 --c-text-primary/--c-text-secondary）|open|batch-4
R4-XXXXX|d:\6\恋爱小程序\apps\client\src\pages\shop\index.vue|283|D|P3|<style>硬编码色值 rgba(255, 255, 255, 0.85) 未走 design token（color: rgba(255, 255, 255, 0.85);）|主题/品牌色调整需逐文件改，暗色模式不能适配|改用 var(--c-text-*) （如 --c-text-primary/--c-text-secondary）|open|batch-4
R4-XXXXX|d:\6\恋爱小程序\apps\client\src\pages\shop\index.vue|306|D|P3|<style>SCSS 变量未映射 CSS token 未走 design token（background: $white;）|主题/品牌色调整需逐文件改，暗色模式不能适配|改用 var(--c-bg-*) （如 --c-bg-container/--c-bg-surface）|open|batch-4
R4-XXXXX|d:\6\恋爱小程序\apps\client\src\pages\shop\index.vue|331|D|P3|<style>SCSS 变量未映射 CSS token 未走 design token（color: $white;）|主题/品牌色调整需逐文件改，暗色模式不能适配|改用 var(--c-text-*) （如 --c-text-primary/--c-text-secondary）|open|batch-4
R4-XXXXX|d:\6\恋爱小程序\apps\client\src\pages\shop\index.vue|351|D|P3|<style>SCSS 变量未映射 CSS token 未走 design token（background: $white;）|主题/品牌色调整需逐文件改，暗色模式不能适配|改用 var(--c-bg-*) （如 --c-bg-container/--c-bg-surface）|open|batch-4
R4-XXXXX|d:\6\恋爱小程序\apps\client\src\pages\shop\index.vue|390|D|P3|<style>SCSS 变量未映射 CSS token 未走 design token（color: $white;）|主题/品牌色调整需逐文件改，暗色模式不能适配|改用 var(--c-text-*) （如 --c-text-primary/--c-text-secondary）|open|batch-4
R4-XXXXX|d:\6\恋爱小程序\apps\client\src\pages\showcase\index.vue|287|D|P3|<style>硬编码色值 #3B9DE5 #5BC0DE 未走 design token（background: linear-gradient(135deg, #3B9DE5 0%, #5BC0DE）|主题/品牌色调整需逐文件改，暗色模式不能适配|改用 var(--c-bg-*) （如 --c-bg-container/--c-bg-surface）|open|batch-4
R4-XXXXX|d:\6\恋爱小程序\apps\client\src\pages\showcase\index.vue|305|D|P3|<style>SCSS 变量未映射 CSS token 未走 design token（color: $white;）|主题/品牌色调整需逐文件改，暗色模式不能适配|改用 var(--c-text-*) （如 --c-text-primary/--c-text-secondary）|open|batch-4
R4-XXXXX|d:\6\恋爱小程序\apps\client\src\pages\showcase\index.vue|319|D|P3|<style>SCSS 变量未映射 CSS token 未走 design token（color: $white;）|主题/品牌色调整需逐文件改，暗色模式不能适配|改用 var(--c-text-*) （如 --c-text-primary/--c-text-secondary）|open|batch-4
R4-XXXXX|d:\6\恋爱小程序\apps\client\src\pages\showcase\index.vue|338|D|P3|<style>SCSS 变量未映射 CSS token 未走 design token（color: $white;）|主题/品牌色调整需逐文件改，暗色模式不能适配|改用 var(--c-text-*) （如 --c-text-primary/--c-text-secondary）|open|batch-4
R4-XXXXX|d:\6\恋爱小程序\apps\client\src\pages\showcase\index.vue|359|D|P3|<style>硬编码色值 #F59E0B 未走 design token（background: #F59E0B;）|主题/品牌色调整需逐文件改，暗色模式不能适配|改用 var(--c-bg-*) （如 --c-bg-container/--c-bg-surface）|open|batch-4
R4-XXXXX|d:\6\恋爱小程序\apps\client\src\pages\showcase\index.vue|374|D|P3|<style>硬编码色值 #B45309 未走 design token（color: #B45309;）|主题/品牌色调整需逐文件改，暗色模式不能适配|改用 var(--c-text-*) （如 --c-text-primary/--c-text-secondary）|open|batch-4
R4-XXXXX|d:\6\恋爱小程序\apps\client\src\pages\showcase\index.vue|380|D|P3|<style>硬编码色值 #92400E 未走 design token（color: #92400E;）|主题/品牌色调整需逐文件改，暗色模式不能适配|改用 var(--c-text-*) （如 --c-text-primary/--c-text-secondary）|open|batch-4
R4-XXXXX|d:\6\恋爱小程序\apps\client\src\pages\showcase\index.vue|448|D|P3|<style>硬编码色值 #3B9DE5 未走 design token（border-left: 6rpx solid #3B9DE5;）|主题/品牌色调整需逐文件改，暗色模式不能适配|改用 var(--c-border-*) （如 --c-border-default）|open|batch-4
R4-XXXXX|d:\6\恋爱小程序\apps\client\src\pages\showcase\index.vue|489|D|P3|<style>硬编码色值 #3B9DE5 未走 design token（color: #3B9DE5;）|主题/品牌色调整需逐文件改，暗色模式不能适配|改用 var(--c-text-*) （如 --c-text-primary/--c-text-secondary）|open|batch-4
R4-XXXXX|d:\6\恋爱小程序\apps\client\src\pages\village\detail.vue|1140|D|P3|<style>SCSS 变量未映射 CSS token 未走 design token（color: $white;）|主题/品牌色调整需逐文件改，暗色模式不能适配|改用 var(--c-text-*) （如 --c-text-primary/--c-text-secondary）|open|batch-4
R4-XXXXX|d:\6\恋爱小程序\apps\client\src\pages\village\detail.vue|1147|D|P3|<style>SCSS 变量未映射 CSS token 未走 design token（color: $white;）|主题/品牌色调整需逐文件改，暗色模式不能适配|改用 var(--c-text-*) （如 --c-text-primary/--c-text-secondary）|open|batch-4
R4-XXXXX|d:\6\恋爱小程序\apps\client\src\pages\village\detail.vue|1163|D|P3|<style>SCSS 变量未映射 CSS token 未走 design token（background: $white;）|主题/品牌色调整需逐文件改，暗色模式不能适配|改用 var(--c-bg-*) （如 --c-bg-container/--c-bg-surface）|open|batch-4
R4-XXXXX|d:\6\恋爱小程序\apps\client\src\pages\village\detail.vue|1218|D|P3|<style>SCSS 变量未映射 CSS token 未走 design token（border: 2rpx solid $white;）|主题/品牌色调整需逐文件改，暗色模式不能适配|改用 var(--c-border-*) （如 --c-border-default）|open|batch-4
R4-XXXXX|d:\6\恋爱小程序\apps\client\src\pages\village\detail.vue|1431|D|P3|<style>SCSS 变量未映射 CSS token 未走 design token（background: $white;）|主题/品牌色调整需逐文件改，暗色模式不能适配|改用 var(--c-bg-*) （如 --c-bg-container/--c-bg-surface）|open|batch-4
R4-XXXXX|d:\6\恋爱小程序\apps\client\src\pages\village\detail.vue|1525|D|P3|<style>SCSS 变量未映射 CSS token 未走 design token（background: $white;）|主题/品牌色调整需逐文件改，暗色模式不能适配|改用 var(--c-bg-*) （如 --c-bg-container/--c-bg-surface）|open|batch-4
R4-XXXXX|d:\6\恋爱小程序\apps\client\src\pages\village\detail.vue|1536|D|P3|<style>SCSS 变量未映射 CSS token 未走 design token（background: $white;）|主题/品牌色调整需逐文件改，暗色模式不能适配|改用 var(--c-bg-*) （如 --c-bg-container/--c-bg-surface）|open|batch-4
R4-XXXXX|d:\6\恋爱小程序\apps\client\src\pages\village\detail.vue|1627|D|P3|<style>SCSS 变量未映射 CSS token 未走 design token（border: 2rpx solid $white;）|主题/品牌色调整需逐文件改，暗色模式不能适配|改用 var(--c-border-*) （如 --c-border-default）|open|batch-4
R4-XXXXX|d:\6\恋爱小程序\apps\client\src\pages\village\detail.vue|1713|D|P3|<style>SCSS 变量未映射 CSS token 未走 design token（background: $white;）|主题/品牌色调整需逐文件改，暗色模式不能适配|改用 var(--c-bg-*) （如 --c-bg-container/--c-bg-surface）|open|batch-4
R4-XXXXX|d:\6\恋爱小程序\apps\client\src\pages\village\detail.vue|1898|D|P3|<style>SCSS 变量未映射 CSS token 未走 design token（background: $white;）|主题/品牌色调整需逐文件改，暗色模式不能适配|改用 var(--c-bg-*) （如 --c-bg-container/--c-bg-surface）|open|batch-4
R4-XXXXX|d:\6\恋爱小程序\apps\client\src\pages\village\detail.vue|2008|D|P3|<style>SCSS 变量未映射 CSS token 未走 design token（background: $white;）|主题/品牌色调整需逐文件改，暗色模式不能适配|改用 var(--c-bg-*) （如 --c-bg-container/--c-bg-surface）|open|batch-4
R4-XXXXX|d:\6\恋爱小程序\apps\client\src\pages\village\detail.vue|2023|D|P3|<style>SCSS 变量未映射 CSS token 未走 design token（background: $white;）|主题/品牌色调整需逐文件改，暗色模式不能适配|改用 var(--c-bg-*) （如 --c-bg-container/--c-bg-surface）|open|batch-4
R4-XXXXX|d:\6\恋爱小程序\apps\client\src\pages\village\detail.vue|2107|D|P3|<style>SCSS 变量未映射 CSS token 未走 design token（background: $white;）|主题/品牌色调整需逐文件改，暗色模式不能适配|改用 var(--c-bg-*) （如 --c-bg-container/--c-bg-surface）|open|batch-4
R4-XXXXX|d:\6\恋爱小程序\apps\client\src\pages\village\detail.vue|2184|D|P3|<style>SCSS 变量未映射 CSS token 未走 design token（background: $white;）|主题/品牌色调整需逐文件改，暗色模式不能适配|改用 var(--c-bg-*) （如 --c-bg-container/--c-bg-surface）|open|batch-4
R4-XXXXX|d:\6\恋爱小程序\apps\client\src\pages\village\history.vue|261|D|P3|<style>硬编码色值 rgba(255, 77, 109, 0.1) 未走 design token（background: rgba(255, 77, 109, 0.1);）|主题/品牌色调整需逐文件改，暗色模式不能适配|改用 var(--c-bg-*) （如 --c-bg-container/--c-bg-surface）|open|batch-4
R4-XXXXX|d:\6\恋爱小程序\apps\client\src\pages\village\history.vue|266|D|P3|<style>硬编码色值 #ff4d6d 未走 design token（color: #ff4d6d;）|主题/品牌色调整需逐文件改，暗色模式不能适配|改用 var(--c-text-*) （如 --c-text-primary/--c-text-secondary）|open|batch-4
R4-XXXXX|d:\6\恋爱小程序\apps\client\src\pages\village\history.vue|286|D|P3|<style>硬编码色值 rgba(0, 0, 0, 0.08) 未走 design token（border: 4rpx solid rgba(0, 0, 0, 0.08);）|主题/品牌色调整需逐文件改，暗色模式不能适配|改用 var(--c-border-*) （如 --c-border-default）|open|batch-4
R4-XXXXX|d:\6\恋爱小程序\apps\client\src\pages\village\history.vue|287|D|P3|<style>硬编码色值 #ff4d6d 未走 design token（border-top-color: #ff4d6d;）|主题/品牌色调整需逐文件改，暗色模式不能适配|改用 var(--c-border-*) （如 --c-border-default）|open|batch-4
R4-XXXXX|d:\6\恋爱小程序\apps\client\src\pages\village\history.vue|317|D|P3|<style>硬编码色值 #f0f0f2 未走 design token（background: #f0f0f2;）|主题/品牌色调整需逐文件改，暗色模式不能适配|改用 var(--c-bg-*) （如 --c-bg-container/--c-bg-surface）|open|batch-4
R4-XXXXX|d:\6\恋爱小程序\apps\client\src\pages\village\history.vue|332|D|P3|<style>硬编码色值 #fff 未走 design token（color: #fff;）|主题/品牌色调整需逐文件改，暗色模式不能适配|改用 var(--c-text-*) （如 --c-text-primary/--c-text-secondary）|open|batch-4
R4-XXXXX|d:\6\恋爱小程序\apps\client\src\pages\village\history.vue|333|D|P3|<style>硬编码色值 #ff9a9e #ff4d6d 未走 design token（background: linear-gradient(135deg, #ff9a9e, #ff4d6d);）|主题/品牌色调整需逐文件改，暗色模式不能适配|改用 var(--c-bg-*) （如 --c-bg-container/--c-bg-surface）|open|batch-4
R4-XXXXX|d:\6\恋爱小程序\apps\client\src\pages\village\history.vue|413|D|P3|<style>硬编码色值 rgba(0, 0, 0, 0.45) 未走 design token（background: rgba(0, 0, 0, 0.45);）|主题/品牌色调整需逐文件改，暗色模式不能适配|改用 var(--c-bg-*) （如 --c-bg-container/--c-bg-surface）|open|batch-4
R4-XXXXX|d:\6\恋爱小程序\apps\client\src\pages\village\history.vue|454|D|P3|<style>硬编码色值 #f0f0f2 未走 design token（background: #f0f0f2;）|主题/品牌色调整需逐文件改，暗色模式不能适配|改用 var(--c-bg-*) （如 --c-bg-container/--c-bg-surface）|open|batch-4
R4-XXXXX|d:\6\恋爱小程序\apps\client\src\pages\village\history.vue|459|D|P3|<style>硬编码色值 #ff4d6d 未走 design token（background: #ff4d6d;）|主题/品牌色调整需逐文件改，暗色模式不能适配|改用 var(--c-bg-*) （如 --c-bg-container/--c-bg-surface）|open|batch-4
R4-XXXXX|d:\6\恋爱小程序\apps\client\src\pages\village\history.vue|460|D|P3|<style>硬编码色值 #fff 未走 design token（color: #fff;）|主题/品牌色调整需逐文件改，暗色模式不能适配|改用 var(--c-text-*) （如 --c-text-primary/--c-text-secondary）|open|batch-4
R4-XXXXX|d:\6\恋爱小程序\apps\client\src\pages\village\post.vue|678|D|P3|<style>SCSS 变量未映射 CSS token 未走 design token（background: $white;）|主题/品牌色调整需逐文件改，暗色模式不能适配|改用 var(--c-bg-*) （如 --c-bg-container/--c-bg-surface）|open|batch-4
R4-XXXXX|d:\6\恋爱小程序\apps\client\src\pages\village\post.vue|732|D|P3|<style>SCSS 变量未映射 CSS token 未走 design token（background: $white;）|主题/品牌色调整需逐文件改，暗色模式不能适配|改用 var(--c-bg-*) （如 --c-bg-container/--c-bg-surface）|open|batch-4
R4-XXXXX|d:\6\恋爱小程序\apps\client\src\pages\village\post.vue|770|D|P3|<style>SCSS 变量未映射 CSS token 未走 design token（background: $white;）|主题/品牌色调整需逐文件改，暗色模式不能适配|改用 var(--c-bg-*) （如 --c-bg-container/--c-bg-surface）|open|batch-4
R4-XXXXX|d:\6\恋爱小程序\apps\client\src\pages\village\post.vue|823|D|P3|<style>SCSS 变量未映射 CSS token 未走 design token（background: $white;）|主题/品牌色调整需逐文件改，暗色模式不能适配|改用 var(--c-bg-*) （如 --c-bg-container/--c-bg-surface）|open|batch-4
R4-XXXXX|d:\6\恋爱小程序\apps\client\src\pages\village\post.vue|853|D|P3|<style>SCSS 变量未映射 CSS token 未走 design token（background: $white;）|主题/品牌色调整需逐文件改，暗色模式不能适配|改用 var(--c-bg-*) （如 --c-bg-container/--c-bg-surface）|open|batch-4
R4-XXXXX|d:\6\恋爱小程序\apps\client\src\pages\village\post.vue|862|D|P3|<style>SCSS 变量未映射 CSS token 未走 design token（background: $white;）|主题/品牌色调整需逐文件改，暗色模式不能适配|改用 var(--c-bg-*) （如 --c-bg-container/--c-bg-surface）|open|batch-4
R4-XXXXX|d:\6\恋爱小程序\apps\client\src\pages\village\post.vue|930|D|P3|<style>SCSS 变量未映射 CSS token 未走 design token（background: $white;）|主题/品牌色调整需逐文件改，暗色模式不能适配|改用 var(--c-bg-*) （如 --c-bg-container/--c-bg-surface）|open|batch-4
R4-XXXXX|d:\6\恋爱小程序\apps\client\src\pages\village\post.vue|1026|D|P3|<style>SCSS 变量未映射 CSS token 未走 design token（background: $white;）|主题/品牌色调整需逐文件改，暗色模式不能适配|改用 var(--c-bg-*) （如 --c-bg-container/--c-bg-surface）|open|batch-4
R4-XXXXX|d:\6\恋爱小程序\apps\client\src\pages\village\tag-posts.vue|483|D|P3|<style>SCSS 变量未映射 CSS token 未走 design token（color: $white;）|主题/品牌色调整需逐文件改，暗色模式不能适配|改用 var(--c-text-*) （如 --c-text-primary/--c-text-secondary）|open|batch-4
R4-XXXXX|d:\6\恋爱小程序\apps\client\src\pages\village\tag-posts.vue|578|D|P3|<style>SCSS 变量未映射 CSS token 未走 design token（background: $white;）|主题/品牌色调整需逐文件改，暗色模式不能适配|改用 var(--c-bg-*) （如 --c-bg-container/--c-bg-surface）|open|batch-4
R4-XXXXX|d:\6\恋爱小程序\apps\client\src\pages\village\tag-posts.vue|625|D|P3|<style>SCSS 变量未映射 CSS token 未走 design token（color: $white;）|主题/品牌色调整需逐文件改，暗色模式不能适配|改用 var(--c-text-*) （如 --c-text-primary/--c-text-secondary）|open|batch-4
R4-XXXXX|d:\6\恋爱小程序\apps\client\src\components\common\BaseTabs.vue|125|D|P3|<script>常量硬编码色值 #3FCF8E 未走 design token（const badgeColorValue = computed(() => props.badgeColor）|UI 颜色分散在 JS 常量中，主题不能统一控制|移入 tokens.ts 或 CSS 变量供模板绑定使用|open|batch-4
R4-XXXXX|d:\6\恋爱小程序\apps\client\src\components\social\SocialProgressIndicator.vue|58|D|P3|<script>常量硬编码色值 #BBDAFF 未走 design token（tokens.color.brand[200], // L2: #BBDAFF）|UI 颜色分散在 JS 常量中，主题不能统一控制|移入 tokens.ts 或 CSS 变量供模板绑定使用|open|batch-4
R4-XXXXX|d:\6\恋爱小程序\apps\client\src\components\social\SocialProgressIndicator.vue|59|D|P3|<script>常量硬编码色值 #9BB8FF 未走 design token（tokens.color.brand[300], // L3: #9BB8FF）|UI 颜色分散在 JS 常量中，主题不能统一控制|移入 tokens.ts 或 CSS 变量供模板绑定使用|open|batch-4
R4-XXXXX|d:\6\恋爱小程序\apps\client\src\components\social\SocialProgressIndicator.vue|60|D|P3|<script>常量硬编码色值 #7B9CFF 未走 design token（tokens.color.secondary[400], // L4: #7B9CFF）|UI 颜色分散在 JS 常量中，主题不能统一控制|移入 tokens.ts 或 CSS 变量供模板绑定使用|open|batch-4
R4-XXXXX|d:\6\恋爱小程序\apps\client\src\components\village\HotTopicsSection.vue|43|D|P3|<script>常量硬编码色值 #3FCF8E #7CD9A6 未走 design token（"linear-gradient(135deg, #3FCF8E 0%, #7CD9A6 100%)",）|UI 颜色分散在 JS 常量中，主题不能统一控制|移入 tokens.ts 或 CSS 变量供模板绑定使用|open|batch-4
R4-XXXXX|d:\6\恋爱小程序\apps\client\src\components\village\HotTopicsSection.vue|44|D|P3|<script>常量硬编码色值 #F472B6 #F9A8D4 未走 design token（"linear-gradient(135deg, #F472B6 0%, #F9A8D4 100%)",）|UI 颜色分散在 JS 常量中，主题不能统一控制|移入 tokens.ts 或 CSS 变量供模板绑定使用|open|batch-4
R4-XXXXX|d:\6\恋爱小程序\apps\client\src\components\village\HotTopicsSection.vue|45|D|P3|<script>常量硬编码色值 #FB923C #FDBA74 未走 design token（"linear-gradient(135deg, #FB923C 0%, #FDBA74 100%)",）|UI 颜色分散在 JS 常量中，主题不能统一控制|移入 tokens.ts 或 CSS 变量供模板绑定使用|open|batch-4
R4-XXXXX|d:\6\恋爱小程序\apps\client\src\pages\campus\post-topic.vue|74|D|P3|<script>常量硬编码色值 #3FCF8E 未走 design token（const brandColor = "#3FCF8E";）|UI 颜色分散在 JS 常量中，主题不能统一控制|移入 tokens.ts 或 CSS 变量供模板绑定使用|open|batch-4
R4-XXXXX|d:\6\恋爱小程序\apps\client\src\pages\circles\post-topic.vue|125|D|P3|<script>常量硬编码色值 #3FCF8E 未走 design token（const brandColor = "#3FCF8E";）|UI 颜色分散在 JS 常量中，主题不能统一控制|移入 tokens.ts 或 CSS 变量供模板绑定使用|open|batch-4
R4-XXXXX|d:\6\恋爱小程序\apps\client\src\pages\messages\index.vue|203|D|P3|<script>常量硬编码色值 #E5454D 未走 design token（confirmColor: "#E5454D",）|UI 颜色分散在 JS 常量中，主题不能统一控制|移入 tokens.ts 或 CSS 变量供模板绑定使用|open|batch-4
R4-XXXXX|d:\6\恋爱小程序\apps\client\src\pages\messages\index.vue|232|D|P3|<script>常量硬编码色值 #333333 未走 design token（itemColor: "#333333",）|UI 颜色分散在 JS 常量中，主题不能统一控制|移入 tokens.ts 或 CSS 变量供模板绑定使用|open|batch-4
R4-XXXXX|d:\6\恋爱小程序\apps\admin\src\views\Dashboard.vue|279|D|P3|<style>硬编码尺寸 1200px 未走 size token（max-width: 1200px;）|改版/多端适配需逐处修改，数值不统一|抽取 spacing/size token（--fs-*/--page-padding/--card-padding/--section-gap）并引用 var(--*)|open|batch-4
R4-XXXXX|d:\6\恋爱小程序\apps\admin\src\views\Dashboard.vue|315|D|P3|<style>硬编码尺寸 -4px 未走 size token（transform: translateY(-4px);）|改版/多端适配需逐处修改，数值不统一|抽取 spacing/size token（--fs-*/--page-padding/--card-padding/--section-gap）并引用 var(--*)|open|batch-4
R4-XXXXX|d:\6\恋爱小程序\apps\admin\src\views\Dashboard.vue|326|D|P3|<style>硬编码尺寸 56px 未走 size token（width: 56px;）|改版/多端适配需逐处修改，数值不统一|抽取 spacing/size token（--fs-*/--page-padding/--card-padding/--section-gap）并引用 var(--*)|open|batch-4
R4-XXXXX|d:\6\恋爱小程序\apps\admin\src\views\Dashboard.vue|336|D|P3|<style>硬编码尺寸 28px 未走 size token（width: 28px;）|改版/多端适配需逐处修改，数值不统一|抽取 spacing/size token（--fs-*/--page-padding/--card-padding/--section-gap）并引用 var(--*)|open|batch-4
R4-XXXXX|d:\6\恋爱小程序\apps\admin\src\views\Dashboard.vue|387|D|P3|<style>硬编码尺寸 2px 未走 size token（outline-offset: 2px;）|改版/多端适配需逐处修改，数值不统一|抽取 spacing/size token（--fs-*/--page-padding/--card-padding/--section-gap）并引用 var(--*)|open|batch-4
R4-XXXXX|d:\6\恋爱小程序\apps\admin\src\views\Layout.vue|501|D|P3|<style>硬编码尺寸 220px 未走 size token（width: 220px;）|改版/多端适配需逐处修改，数值不统一|抽取 spacing/size token（--fs-*/--page-padding/--card-padding/--section-gap）并引用 var(--*)|open|batch-4
R4-XXXXX|d:\6\恋爱小程序\apps\admin\src\views\Layout.vue|510|D|P3|<style>硬编码尺寸 50px 未走 size token（height: 50px;）|改版/多端适配需逐处修改，数值不统一|抽取 spacing/size token（--fs-*/--page-padding/--card-padding/--section-gap）并引用 var(--*)|open|batch-4
R4-XXXXX|d:\6\恋爱小程序\apps\admin\src\views\Layout.vue|605|D|P3|<style>硬编码尺寸 50px 未走 size token（height: 50px;）|改版/多端适配需逐处修改，数值不统一|抽取 spacing/size token（--fs-*/--page-padding/--card-padding/--section-gap）并引用 var(--*)|open|batch-4
R4-XXXXX|d:\6\恋爱小程序\apps\admin\src\views\Layout.vue|723|D|P3|<style>硬编码尺寸 16px 未走 size token（width: 16px;）|改版/多端适配需逐处修改，数值不统一|抽取 spacing/size token（--fs-*/--page-padding/--card-padding/--section-gap）并引用 var(--*)|open|batch-4
R4-XXXXX|d:\6\恋爱小程序\apps\admin\src\views\Layout.vue|724|D|P3|<style>硬编码尺寸 16px 未走 size token（height: 16px;）|改版/多端适配需逐处修改，数值不统一|抽取 spacing/size token（--fs-*/--page-padding/--card-padding/--section-gap）并引用 var(--*)|open|batch-4
R4-XXXXX|d:\6\恋爱小程序\apps\admin\src\views\business\Wallets.vue|509|D|P3|<style>硬编码尺寸 1400px 未走 size token（max-width: 1400px;）|改版/多端适配需逐处修改，数值不统一|抽取 spacing/size token（--fs-*/--page-padding/--card-padding/--section-gap）并引用 var(--*)|open|batch-4
R4-XXXXX|d:\6\恋爱小程序\apps\admin\src\views\business\Wallets.vue|523|D|P3|<style>硬编码尺寸 2px 未走 size token（border-bottom: 2px solid transparent;）|改版/多端适配需逐处修改，数值不统一|抽取 spacing/size token（--fs-*/--page-padding/--card-padding/--section-gap）并引用 var(--*)|open|batch-4
R4-XXXXX|d:\6\恋爱小程序\apps\admin\src\views\business\Wallets.vue|541|D|P3|<style>硬编码尺寸 120px 未走 size token（width: 120px;）|改版/多端适配需逐处修改，数值不统一|抽取 spacing/size token（--fs-*/--page-padding/--card-padding/--section-gap）并引用 var(--*)|open|batch-4
R4-XXXXX|d:\6\恋爱小程序\apps\admin\src\views\business\Wallets.vue|566|D|P3|<style>硬编码尺寸 200px 未走 size token（max-width: 200px;）|改版/多端适配需逐处修改，数值不统一|抽取 spacing/size token（--fs-*/--page-padding/--card-padding/--section-gap）并引用 var(--*)|open|batch-4
R4-XXXXX|d:\6\恋爱小程序\apps\admin\src\views\business\Wallets.vue|646|D|P3|<style>硬编码尺寸 420px 未走 size token（width: 420px;）|改版/多端适配需逐处修改，数值不统一|抽取 spacing/size token（--fs-*/--page-padding/--card-padding/--section-gap）并引用 var(--*)|open|batch-4
R4-XXXXX|d:\6\恋爱小程序\apps\admin\src\views\config\OfficialAccounts.vue|188|D|P3|<style>硬编码尺寸 24px 未走 size token（padding: 24px;）|改版/多端适配需逐处修改，数值不统一|抽取 spacing/size token（--fs-*/--page-padding/--card-padding/--section-gap）并引用 var(--*)|open|batch-4
R4-XXXXX|d:\6\恋爱小程序\apps\admin\src\views\config\OfficialAccounts.vue|214|D|P3|<style>硬编码尺寸 12px 未走 size token（margin-left: 12px;）|改版/多端适配需逐处修改，数值不统一|抽取 spacing/size token（--fs-*/--page-padding/--card-padding/--section-gap）并引用 var(--*)|open|batch-4
R4-XXXXX|d:\6\恋爱小程序\apps\admin\src\views\config\OfficialAccounts.vue|247|D|P3|<style>硬编码尺寸 12px 未走 size token（font-size: 12px;）|改版/多端适配需逐处修改，数值不统一|抽取 spacing/size token（--fs-*/--page-padding/--card-padding/--section-gap）并引用 var(--*)|open|batch-4
R4-XXXXX|d:\6\恋爱小程序\apps\admin\src\views\config\OfficialAccounts.vue|325|D|P3|<style>硬编码尺寸 12px 未走 size token（font-size: 12px;）|改版/多端适配需逐处修改，数值不统一|抽取 spacing/size token（--fs-*/--page-padding/--card-padding/--section-gap）并引用 var(--*)|open|batch-4
R4-XXXXX|d:\6\恋爱小程序\apps\admin\src\views\content\Users.vue|730|D|P3|<style>硬编码尺寸 1200px 未走 size token（max-width: 1200px;）|改版/多端适配需逐处修改，数值不统一|抽取 spacing/size token（--fs-*/--page-padding/--card-padding/--section-gap）并引用 var(--*)|open|batch-4
R4-XXXXX|d:\6\恋爱小程序\apps\admin\src\views\content\Users.vue|761|D|P3|<style>硬编码尺寸 320px 未走 size token（max-width: 320px;）|改版/多端适配需逐处修改，数值不统一|抽取 spacing/size token（--fs-*/--page-padding/--card-padding/--section-gap）并引用 var(--*)|open|batch-4
R4-XXXXX|d:\6\恋爱小程序\apps\admin\src\views\content\Users.vue|865|D|P3|<style>硬编码尺寸 28px 未走 size token（height: 28px;）|改版/多端适配需逐处修改，数值不统一|抽取 spacing/size token（--fs-*/--page-padding/--card-padding/--section-gap）并引用 var(--*)|open|batch-4
R4-XXXXX|d:\6\恋爱小程序\apps\admin\src\views\content\Users.vue|1027|D|P3|<style>硬编码尺寸 420px 未走 size token（width: 420px;）|改版/多端适配需逐处修改，数值不统一|抽取 spacing/size token（--fs-*/--page-padding/--card-padding/--section-gap）并引用 var(--*)|open|batch-4
R4-XXXXX|d:\6\恋爱小程序\apps\admin\src\views\content\Users.vue|1057|D|P3|<style>硬编码尺寸 90px 未走 size token（min-width: 90px;）|改版/多端适配需逐处修改，数值不统一|抽取 spacing/size token（--fs-*/--page-padding/--card-padding/--section-gap）并引用 var(--*)|open|batch-4
R4-XXXXX|d:\6\恋爱小程序\apps\admin\src\views\forum\VillagePosts.vue|653|D|P3|<style>硬编码尺寸 1400px 未走 size token（max-width: 1400px;）|改版/多端适配需逐处修改，数值不统一|抽取 spacing/size token（--fs-*/--page-padding/--card-padding/--section-gap）并引用 var(--*)|open|batch-4
R4-XXXXX|d:\6\恋爱小程序\apps\admin\src\views\forum\VillagePosts.vue|657|D|P3|<style>硬编码尺寸 280px 未走 size token（max-width: 280px;）|改版/多端适配需逐处修改，数值不统一|抽取 spacing/size token（--fs-*/--page-padding/--card-padding/--section-gap）并引用 var(--*)|open|batch-4
R4-XXXXX|d:\6\恋爱小程序\apps\admin\src\views\forum\VillagePosts.vue|743|D|P3|<style>硬编码尺寸 120px 未走 size token（max-height: 120px;）|改版/多端适配需逐处修改，数值不统一|抽取 spacing/size token（--fs-*/--page-padding/--card-padding/--section-gap）并引用 var(--*)|open|batch-4
R4-XXXXX|d:\6\恋爱小程序\apps\admin\src\views\forum\VillagePosts.vue|761|D|P3|<style>硬编码尺寸 720px 未走 size token（width: 720px;）|改版/多端适配需逐处修改，数值不统一|抽取 spacing/size token（--fs-*/--page-padding/--card-padding/--section-gap）并引用 var(--*)|open|batch-4
R4-XXXXX|d:\6\恋爱小程序\apps\admin\src\views\forum\VillagePosts.vue|784|D|P3|<style>硬编码尺寸 320px 未走 size token（max-width: 320px;）|改版/多端适配需逐处修改，数值不统一|抽取 spacing/size token（--fs-*/--page-padding/--card-padding/--section-gap）并引用 var(--*)|open|batch-4
R4-XXXXX|d:\6\恋爱小程序\apps\client\src\components\UnlockGuideModal.vue|175|D|P3|<style>硬编码尺寸 600rpx 未走 size token（width: 600rpx;）|改版/多端适配需逐处修改，数值不统一|抽取 spacing/size token（--fs-*/--page-padding/--card-padding/--section-gap）并引用 var(--*)|open|batch-4
R4-XXXXX|d:\6\恋爱小程序\apps\client\src\components\UnlockGuideModal.vue|202|D|P3|<style>硬编码尺寸 120rpx 未走 size token（height: 120rpx;）|改版/多端适配需逐处修改，数值不统一|抽取 spacing/size token（--fs-*/--page-padding/--card-padding/--section-gap）并引用 var(--*)|open|batch-4
R4-XXXXX|d:\6\恋爱小程序\apps\client\src\components\UnlockGuideModal.vue|213|D|P3|<style>硬编码尺寸 56rpx 未走 size token（height: 56rpx;）|改版/多端适配需逐处修改，数值不统一|抽取 spacing/size token（--fs-*/--page-padding/--card-padding/--section-gap）并引用 var(--*)|open|batch-4
R4-XXXXX|d:\6\恋爱小程序\apps\client\src\components\UnlockGuideModal.vue|233|D|P3|<style>硬编码尺寸 16rpx 未走 size token（padding: 0 16rpx;）|改版/多端适配需逐处修改，数值不统一|抽取 spacing/size token（--fs-*/--page-padding/--card-padding/--section-gap）并引用 var(--*)|open|batch-4
R4-XXXXX|d:\6\恋爱小程序\apps\client\src\components\UnlockGuideModal.vue|256|D|P3|<style>硬编码尺寸 92rpx 未走 size token（height: 92rpx;）|改版/多端适配需逐处修改，数值不统一|抽取 spacing/size token（--fs-*/--page-padding/--card-padding/--section-gap）并引用 var(--*)|open|batch-4
R4-XXXXX|d:\6\恋爱小程序\apps\client\src\components\UnlockGuideOverlay.vue|120|D|P3|<style>硬编码尺寸 600rpx 未走 size token（width: 600rpx;）|改版/多端适配需逐处修改，数值不统一|抽取 spacing/size token（--fs-*/--page-padding/--card-padding/--section-gap）并引用 var(--*)|open|batch-4
R4-XXXXX|d:\6\恋爱小程序\apps\client\src\components\UnlockGuideOverlay.vue|135|D|P3|<style>硬编码尺寸 40rpx 未走 size token（transform: translateY(40rpx) scale(0.9);）|改版/多端适配需逐处修改，数值不统一|抽取 spacing/size token（--fs-*/--page-padding/--card-padding/--section-gap）并引用 var(--*)|open|batch-4
R4-XXXXX|d:\6\恋爱小程序\apps\client\src\components\UnlockGuideOverlay.vue|152|D|P3|<style>硬编码尺寸 24rpx 未走 size token（margin-bottom: 24rpx;）|改版/多端适配需逐处修改，数值不统一|抽取 spacing/size token（--fs-*/--page-padding/--card-padding/--section-gap）并引用 var(--*)|open|batch-4
R4-XXXXX|d:\6\恋爱小程序\apps\client\src\components\UnlockGuideOverlay.vue|186|D|P3|<style>硬编码尺寸 32rpx 未走 size token（margin-bottom: 32rpx;）|改版/多端适配需逐处修改，数值不统一|抽取 spacing/size token（--fs-*/--page-padding/--card-padding/--section-gap）并引用 var(--*)|open|batch-4
R4-XXXXX|d:\6\恋爱小程序\apps\client\src\components\UnlockGuideOverlay.vue|193|D|P3|<style>硬编码尺寸 84rpx 未走 size token（height: 84rpx;）|改版/多端适配需逐处修改，数值不统一|抽取 spacing/size token（--fs-*/--page-padding/--card-padding/--section-gap）并引用 var(--*)|open|batch-4
R4-XXXXX|d:\6\恋爱小程序\apps\client\src\components\chat\ActivityCard.vue|70|D|P3|<style>硬编码尺寸 4rpx 未走 size token（border-top-left-radius: 4rpx;）|改版/多端适配需逐处修改，数值不统一|抽取 spacing/size token（--fs-*/--page-padding/--card-padding/--section-gap）并引用 var(--*)|open|batch-4
R4-XXXXX|d:\6\恋爱小程序\apps\client\src\components\chat\ActivityCard.vue|88|D|P3|<style>硬编码尺寸 2rpx 12rpx 未走 size token（padding: 2rpx 12rpx;）|改版/多端适配需逐处修改，数值不统一|抽取 spacing/size token（--fs-*/--page-padding/--card-padding/--section-gap）并引用 var(--*)|open|batch-4
R4-XXXXX|d:\6\恋爱小程序\apps\client\src\components\chat\ActivityCard.vue|114|D|P3|<style>硬编码尺寸 4rpx 未走 size token（gap: 4rpx;）|改版/多端适配需逐处修改，数值不统一|抽取 spacing/size token（--fs-*/--page-padding/--card-padding/--section-gap）并引用 var(--*)|open|batch-4
R4-XXXXX|d:\6\恋爱小程序\apps\client\src\components\chat\ActivityCard.vue|122|D|P3|<style>硬编码尺寸 20rpx 未走 size token（width: 20rpx;）|改版/多端适配需逐处修改，数值不统一|抽取 spacing/size token（--fs-*/--page-padding/--card-padding/--section-gap）并引用 var(--*)|open|batch-4
R4-XXXXX|d:\6\恋爱小程序\apps\client\src\components\chat\ActivityCard.vue|123|D|P3|<style>硬编码尺寸 20rpx 未走 size token（height: 20rpx;）|改版/多端适配需逐处修改，数值不统一|抽取 spacing/size token（--fs-*/--page-padding/--card-padding/--section-gap）并引用 var(--*)|open|batch-4
R4-XXXXX|d:\6\恋爱小程序\apps\client\src\components\chat\ChatBubble.vue|197|D|P3|<style>硬编码尺寸 64rpx 未走 size token（width: 64rpx;）|改版/多端适配需逐处修改，数值不统一|抽取 spacing/size token（--fs-*/--page-padding/--card-padding/--section-gap）并引用 var(--*)|open|batch-4
R4-XXXXX|d:\6\恋爱小程序\apps\client\src\components\chat\ChatBubble.vue|198|D|P3|<style>硬编码尺寸 64rpx 未走 size token（height: 64rpx;）|改版/多端适配需逐处修改，数值不统一|抽取 spacing/size token（--fs-*/--page-padding/--card-padding/--section-gap）并引用 var(--*)|open|batch-4
R4-XXXXX|d:\6\恋爱小程序\apps\client\src\components\chat\ChatBubble.vue|310|D|P3|<style>硬编码尺寸 2rpx 未走 size token（gap: 2rpx;）|改版/多端适配需逐处修改，数值不统一|抽取 spacing/size token（--fs-*/--page-padding/--card-padding/--section-gap）并引用 var(--*)|open|batch-4
R4-XXXXX|d:\6\恋爱小程序\apps\client\src\components\chat\ChatBubble.vue|313|D|P3|<style>硬编码尺寸 20rpx 未走 size token（width: 20rpx;）|改版/多端适配需逐处修改，数值不统一|抽取 spacing/size token（--fs-*/--page-padding/--card-padding/--section-gap）并引用 var(--*)|open|batch-4
R4-XXXXX|d:\6\恋爱小程序\apps\client\src\components\chat\ChatBubble.vue|314|D|P3|<style>硬编码尺寸 20rpx 未走 size token（height: 20rpx;）|改版/多端适配需逐处修改，数值不统一|抽取 spacing/size token（--fs-*/--page-padding/--card-padding/--section-gap）并引用 var(--*)|open|batch-4
R4-XXXXX|d:\6\恋爱小程序\apps\client\src\components\chat\ChatItem.vue|80|D|P3|<style>硬编码尺寸 24rpx 未走 size token（gap: 24rpx;）|改版/多端适配需逐处修改，数值不统一|抽取 spacing/size token（--fs-*/--page-padding/--card-padding/--section-gap）并引用 var(--*)|open|batch-4
R4-XXXXX|d:\6\恋爱小程序\apps\client\src\components\chat\ChatItem.vue|81|D|P3|<style>硬编码尺寸 28rpx 32rpx 未走 size token（padding: 28rpx 32rpx;）|改版/多端适配需逐处修改，数值不统一|抽取 spacing/size token（--fs-*/--page-padding/--card-padding/--section-gap）并引用 var(--*)|open|batch-4
R4-XXXXX|d:\6\恋爱小程序\apps\client\src\components\chat\ChatItem.vue|115|D|P3|<style>硬编码尺寸 12rpx 未走 size token（margin-right: 12rpx;）|改版/多端适配需逐处修改，数值不统一|抽取 spacing/size token（--fs-*/--page-padding/--card-padding/--section-gap）并引用 var(--*)|open|batch-4
R4-XXXXX|d:\6\恋爱小程序\apps\client\src\components\chat\ChatItem.vue|140|D|P3|<style>硬编码尺寸 16rpx 未走 size token（margin-right: 16rpx;）|改版/多端适配需逐处修改，数值不统一|抽取 spacing/size token（--fs-*/--page-padding/--card-padding/--section-gap）并引用 var(--*)|open|batch-4
R4-XXXXX|d:\6\恋爱小程序\apps\client\src\components\chat\ChatItem.vue|144|D|P3|<style>硬编码尺寸 4rpx 16rpx 未走 size token（padding: 4rpx 16rpx;）|改版/多端适配需逐处修改，数值不统一|抽取 spacing/size token（--fs-*/--page-padding/--card-padding/--section-gap）并引用 var(--*)|open|batch-4
R4-XXXXX|d:\6\恋爱小程序\apps\client\src\components\chat\HeartSignal.vue|61|D|P3|<style>硬编码尺寸 20rpx 32rpx 未走 size token（margin: 20rpx 32rpx;）|改版/多端适配需逐处修改，数值不统一|抽取 spacing/size token（--fs-*/--page-padding/--card-padding/--section-gap）并引用 var(--*)|open|batch-4
R4-XXXXX|d:\6\恋爱小程序\apps\client\src\components\chat\HeartSignal.vue|68|D|P3|<style>硬编码尺寸 20rpx 未走 size token（gap: 20rpx;）|改版/多端适配需逐处修改，数值不统一|抽取 spacing/size token（--fs-*/--page-padding/--card-padding/--section-gap）并引用 var(--*)|open|batch-4
R4-XXXXX|d:\6\恋爱小程序\apps\client\src\components\chat\HeartSignal.vue|75|D|P3|<style>硬编码尺寸 72rpx 未走 size token（height: 72rpx;）|改版/多端适配需逐处修改，数值不统一|抽取 spacing/size token（--fs-*/--page-padding/--card-padding/--section-gap）并引用 var(--*)|open|batch-4
R4-XXXXX|d:\6\恋爱小程序\apps\client\src\components\chat\HeartSignal.vue|86|D|P3|<style>硬编码尺寸 40rpx 未走 size token（height: 40rpx;）|改版/多端适配需逐处修改，数值不统一|抽取 spacing/size token（--fs-*/--page-padding/--card-padding/--section-gap）并引用 var(--*)|open|batch-4
R4-XXXXX|d:\6\恋爱小程序\apps\client\src\components\chat\HeartSignal.vue|111|D|P3|<style>硬编码尺寸 4rpx 未走 size token（margin-top: 4rpx;）|改版/多端适配需逐处修改，数值不统一|抽取 spacing/size token（--fs-*/--page-padding/--card-padding/--section-gap）并引用 var(--*)|open|batch-4
R4-XXXXX|d:\6\恋爱小程序\apps\client\src\components\chat\IcebreakerSuggestions.vue|106|D|P3|<style>硬编码尺寸 20rpx 24rpx 未走 size token（padding: 20rpx 24rpx;）|改版/多端适配需逐处修改，数值不统一|抽取 spacing/size token（--fs-*/--page-padding/--card-padding/--section-gap）并引用 var(--*)|open|batch-4
R4-XXXXX|d:\6\恋爱小程序\apps\client\src\components\chat\IcebreakerSuggestions.vue|145|D|P3|<style>硬编码尺寸 4rpx 未走 size token（gap: 4rpx;）|改版/多端适配需逐处修改，数值不统一|抽取 spacing/size token（--fs-*/--page-padding/--card-padding/--section-gap）并引用 var(--*)|open|batch-4
R4-XXXXX|d:\6\恋爱小程序\apps\client\src\components\chat\IcebreakerSuggestions.vue|185|D|P3|<style>硬编码尺寸 10rpx 未走 size token（gap: 10rpx;）|改版/多端适配需逐处修改，数值不统一|抽取 spacing/size token（--fs-*/--page-padding/--card-padding/--section-gap）并引用 var(--*)|open|batch-4
R4-XXXXX|d:\6\恋爱小程序\apps\client\src\components\chat\IcebreakerSuggestions.vue|237|D|P3|<style>硬编码尺寸 360rpx 未走 size token（width: 360rpx;）|改版/多端适配需逐处修改，数值不统一|抽取 spacing/size token（--fs-*/--page-padding/--card-padding/--section-gap）并引用 var(--*)|open|batch-4
R4-XXXXX|d:\6\恋爱小程序\apps\client\src\components\chat\IcebreakerSuggestions.vue|275|D|P3|<style>硬编码尺寸 32rpx 未走 size token（padding: 32rpx 0;）|改版/多端适配需逐处修改，数值不统一|抽取 spacing/size token（--fs-*/--page-padding/--card-padding/--section-gap）并引用 var(--*)|open|batch-4
R4-XXXXX|d:\6\恋爱小程序\apps\client\src\components\chat\VoiceMessageBubble.vue|252|D|P3|<style>硬编码尺寸 14rpx 未走 size token（gap: 14rpx;）|改版/多端适配需逐处修改，数值不统一|抽取 spacing/size token（--fs-*/--page-padding/--card-padding/--section-gap）并引用 var(--*)|open|batch-4
R4-XXXXX|d:\6\恋爱小程序\apps\client\src\components\chat\VoiceMessageBubble.vue|288|D|P3|<style>硬编码尺寸 4rpx 未走 size token（gap: 4rpx;）|改版/多端适配需逐处修改，数值不统一|抽取 spacing/size token（--fs-*/--page-padding/--card-padding/--section-gap）并引用 var(--*)|open|batch-4
R4-XXXXX|d:\6\恋爱小程序\apps\client\src\components\chat\VoiceMessageBubble.vue|299|D|P3|<style>硬编码尺寸 12rpx 未走 size token（height: 12rpx;）|改版/多端适配需逐处修改，数值不统一|抽取 spacing/size token（--fs-*/--page-padding/--card-padding/--section-gap）并引用 var(--*)|open|batch-4
R4-XXXXX|d:\6\恋爱小程序\apps\client\src\components\chat\VoiceMessageBubble.vue|330|D|P3|<style>硬编码尺寸 28rpx 未走 size token（height: 28rpx;）|改版/多端适配需逐处修改，数值不统一|抽取 spacing/size token（--fs-*/--page-padding/--card-padding/--section-gap）并引用 var(--*)|open|batch-4
R4-XXXXX|d:\6\恋爱小程序\apps\client\src\components\chat\VoiceMessageBubble.vue|352|D|P3|<style>硬编码尺寸 32rpx 未走 size token（height: 32rpx;）|改版/多端适配需逐处修改，数值不统一|抽取 spacing/size token（--fs-*/--page-padding/--card-padding/--section-gap）并引用 var(--*)|open|batch-4
R4-XXXXX|d:\6\恋爱小程序\apps\client\src\components\chat\VoicePill.vue|126|D|P3|<style>硬编码尺寸 14rpx 未走 size token（gap: 14rpx;）|改版/多端适配需逐处修改，数值不统一|抽取 spacing/size token（--fs-*/--page-padding/--card-padding/--section-gap）并引用 var(--*)|open|batch-4
R4-XXXXX|d:\6\恋爱小程序\apps\client\src\components\chat\VoicePill.vue|133|D|P3|<style>硬编码尺寸 140rpx 未走 size token（min-width: 140rpx;）|改版/多端适配需逐处修改，数值不统一|抽取 spacing/size token（--fs-*/--page-padding/--card-padding/--section-gap）并引用 var(--*)|open|batch-4
R4-XXXXX|d:\6\恋爱小程序\apps\client\src\components\chat\VoicePill.vue|156|D|P3|<style>硬编码尺寸 32rpx 未走 size token（height: 32rpx;）|改版/多端适配需逐处修改，数值不统一|抽取 spacing/size token（--fs-*/--page-padding/--card-padding/--section-gap）并引用 var(--*)|open|batch-4
R4-XXXXX|d:\6\恋爱小程序\apps\client\src\components\chat\VoicePill.vue|161|D|P3|<style>硬编码尺寸 12rpx 未走 size token（height: 12rpx;）|改版/多端适配需逐处修改，数值不统一|抽取 spacing/size token（--fs-*/--page-padding/--card-padding/--section-gap）并引用 var(--*)|open|batch-4
R4-XXXXX|d:\6\恋爱小程序\apps\client\src\components\chat\VoicePill.vue|174|D|P3|<style>硬编码尺寸 28rpx 未走 size token（to { height: 28rpx; }）|改版/多端适配需逐处修改，数值不统一|抽取 spacing/size token（--fs-*/--page-padding/--card-padding/--section-gap）并引用 var(--*)|open|batch-4
R4-XXXXX|d:\6\恋爱小程序\apps\client\src\components\chat\VoiceRecorder.vue|313|D|P3|<style>硬编码尺寸 8rpx 未走 size token（transform: translateY(8rpx);）|改版/多端适配需逐处修改，数值不统一|抽取 spacing/size token（--fs-*/--page-padding/--card-padding/--section-gap）并引用 var(--*)|open|batch-4
R4-XXXXX|d:\6\恋爱小程序\apps\client\src\components\chat\VoiceRecorder.vue|323|D|P3|<style>硬编码尺寸 64rpx 未走 size token（height: 64rpx;）|改版/多端适配需逐处修改，数值不统一|抽取 spacing/size token（--fs-*/--page-padding/--card-padding/--section-gap）并引用 var(--*)|open|batch-4
R4-XXXXX|d:\6\恋爱小程序\apps\client\src\components\chat\VoiceRecorder.vue|337|D|P3|<style>硬编码尺寸 8rpx 未走 size token（width: 8rpx;）|改版/多端适配需逐处修改，数值不统一|抽取 spacing/size token（--fs-*/--page-padding/--card-padding/--section-gap）并引用 var(--*)|open|batch-4
R4-XXXXX|d:\6\恋爱小程序\apps\client\src\components\chat\VoiceRecorder.vue|350|D|P3|<style>硬编码尺寸 12rpx 未走 size token（height: 12rpx;）|改版/多端适配需逐处修改，数值不统一|抽取 spacing/size token（--fs-*/--page-padding/--card-padding/--section-gap）并引用 var(--*)|open|batch-4
R4-XXXXX|d:\6\恋爱小程序\apps\client\src\components\chat\VoiceRecorder.vue|366|D|P3|<style>硬编码尺寸 64rpx 未走 size token（min-height: 64rpx;）|改版/多端适配需逐处修改，数值不统一|抽取 spacing/size token（--fs-*/--page-padding/--card-padding/--section-gap）并引用 var(--*)|open|batch-4
R4-XXXXX|d:\6\恋爱小程序\apps\client\src\components\common\AvatarFrame.vue|66|D|P3|<style>硬编码尺寸 8rpx 未走 size token（padding: 8rpx;）|改版/多端适配需逐处修改，数值不统一|抽取 spacing/size token（--fs-*/--page-padding/--card-padding/--section-gap）并引用 var(--*)|open|batch-4
R4-XXXXX|d:\6\恋爱小程序\apps\client\src\components\common\AvatarFrame.vue|93|D|P3|<style>硬编码尺寸 -4rpx 未走 size token（right: -4rpx;）|改版/多端适配需逐处修改，数值不统一|抽取 spacing/size token（--fs-*/--page-padding/--card-padding/--section-gap）并引用 var(--*)|open|batch-4
R4-XXXXX|d:\6\恋爱小程序\apps\client\src\components\common\AvatarFrame.vue|95|D|P3|<style>硬编码尺寸 46rpx 未走 size token（width: 46rpx;）|改版/多端适配需逐处修改，数值不统一|抽取 spacing/size token（--fs-*/--page-padding/--card-padding/--section-gap）并引用 var(--*)|open|batch-4
R4-XXXXX|d:\6\恋爱小程序\apps\client\src\components\common\AvatarFrame.vue|109|D|P3|<style>硬编码尺寸 26rpx 未走 size token（height: 26rpx;）|改版/多端适配需逐处修改，数值不统一|抽取 spacing/size token（--fs-*/--page-padding/--card-padding/--section-gap）并引用 var(--*)|open|batch-4
R4-XXXXX|d:\6\恋爱小程序\apps\client\src\components\common\BaseTabs.vue|182|D|P3|<style>硬编码尺寸 20rpx 24rpx 未走 size token（padding: 20rpx 24rpx;）|改版/多端适配需逐处修改，数值不统一|抽取 spacing/size token（--fs-*/--page-padding/--card-padding/--section-gap）并引用 var(--*)|open|batch-4
R4-XXXXX|d:\6\恋爱小程序\apps\client\src\components\common\BaseTabs.vue|201|D|P3|<style>硬编码尺寸 32rpx 未走 size token（height: 32rpx;）|改版/多端适配需逐处修改，数值不统一|抽取 spacing/size token（--fs-*/--page-padding/--card-padding/--section-gap）并引用 var(--*)|open|batch-4
R4-XXXXX|d:\6\恋爱小程序\apps\client\src\components\common\BaseTabs.vue|216|D|P3|<style>硬编码尺寸 4rpx 未走 size token（height: 4rpx;）|改版/多端适配需逐处修改，数值不统一|抽取 spacing/size token（--fs-*/--page-padding/--card-padding/--section-gap）并引用 var(--*)|open|batch-4
R4-XXXXX|d:\6\恋爱小程序\apps\client\src\components\common\BaseTabs.vue|240|D|P3|<style>硬编码尺寸 12rpx 32rpx 未走 size token（padding: 12rpx 32rpx;）|改版/多端适配需逐处修改，数值不统一|抽取 spacing/size token（--fs-*/--page-padding/--card-padding/--section-gap）并引用 var(--*)|open|batch-4
R4-XXXXX|d:\6\恋爱小程序\apps\client\src\components\common\BaseTabs.vue|265|D|P3|<style>硬编码尺寸 16rpx 24rpx 未走 size token（padding: 16rpx 24rpx;）|改版/多端适配需逐处修改，数值不统一|抽取 spacing/size token（--fs-*/--page-padding/--card-padding/--section-gap）并引用 var(--*)|open|batch-4
R4-XXXXX|d:\6\恋爱小程序\apps\client\src\components\common\EmptyState.vue|108|D|P3|<style>硬编码尺寸 80rpx 40rpx 未走 size token（padding: 80rpx 40rpx;）|改版/多端适配需逐处修改，数值不统一|抽取 spacing/size token（--fs-*/--page-padding/--card-padding/--section-gap）并引用 var(--*)|open|batch-4
R4-XXXXX|d:\6\恋爱小程序\apps\client\src\components\common\EmptyState.vue|110|D|P3|<style>硬编码尺寸 120rpx 120rpx 16rpx 未走 size token（.empty-icon { width: 120rpx; height: 120rpx; margin-bot）|改版/多端适配需逐处修改，数值不统一|抽取 spacing/size token（--fs-*/--page-padding/--card-padding/--section-gap）并引用 var(--*)|open|batch-4
R4-XXXXX|d:\6\恋爱小程序\apps\client\src\components\common\EmptyState.vue|119|D|P3|<style>硬编码尺寸 8rpx 未走 size token（margin-top: 8rpx;）|改版/多端适配需逐处修改，数值不统一|抽取 spacing/size token（--fs-*/--page-padding/--card-padding/--section-gap）并引用 var(--*)|open|batch-4
R4-XXXXX|d:\6\恋爱小程序\apps\client\src\components\common\EmptyState.vue|123|D|P3|<style>硬编码尺寸 24rpx 未走 size token（margin-top: 24rpx;）|改版/多端适配需逐处修改，数值不统一|抽取 spacing/size token（--fs-*/--page-padding/--card-padding/--section-gap）并引用 var(--*)|open|batch-4
R4-XXXXX|d:\6\恋爱小程序\apps\client\src\components\common\EmptyState.vue|124|D|P3|<style>硬编码尺寸 16rpx 40rpx 未走 size token（padding: 16rpx 40rpx;）|改版/多端适配需逐处修改，数值不统一|抽取 spacing/size token（--fs-*/--page-padding/--card-padding/--section-gap）并引用 var(--*)|open|batch-4
R4-XXXXX|d:\6\恋爱小程序\apps\client\src\components\common\ErrorState.vue|59|D|P3|<style>硬编码尺寸 80rpx 40rpx 未走 size token（padding: 80rpx 40rpx;）|改版/多端适配需逐处修改，数值不统一|抽取 spacing/size token（--fs-*/--page-padding/--card-padding/--section-gap）并引用 var(--*)|open|batch-4
R4-XXXXX|d:\6\恋爱小程序\apps\client\src\components\common\ErrorState.vue|61|D|P3|<style>硬编码尺寸 120rpx 120rpx 16rpx 未走 size token（.error-icon { width: 120rpx; height: 120rpx; margin-bot）|改版/多端适配需逐处修改，数值不统一|抽取 spacing/size token（--fs-*/--page-padding/--card-padding/--section-gap）并引用 var(--*)|open|batch-4
R4-XXXXX|d:\6\恋爱小程序\apps\client\src\components\common\ErrorState.vue|70|D|P3|<style>硬编码尺寸 8rpx 未走 size token（margin-top: 8rpx;）|改版/多端适配需逐处修改，数值不统一|抽取 spacing/size token（--fs-*/--page-padding/--card-padding/--section-gap）并引用 var(--*)|open|batch-4
R4-XXXXX|d:\6\恋爱小程序\apps\client\src\components\common\ErrorState.vue|73|D|P3|<style>硬编码尺寸 32rpx 未走 size token（margin-top: 32rpx;）|改版/多端适配需逐处修改，数值不统一|抽取 spacing/size token（--fs-*/--page-padding/--card-padding/--section-gap）并引用 var(--*)|open|batch-4
R4-XXXXX|d:\6\恋爱小程序\apps\client\src\components\common\ErrorState.vue|74|D|P3|<style>硬编码尺寸 16rpx 48rpx 未走 size token（padding: 16rpx 48rpx;）|改版/多端适配需逐处修改，数值不统一|抽取 spacing/size token（--fs-*/--page-padding/--card-padding/--section-gap）并引用 var(--*)|open|batch-4
R4-XXXXX|d:\6\恋爱小程序\apps\client\src\components\common\GlobalPublishFab.vue|45|D|P3|<style>硬编码尺寸 104rpx 未走 size token（- 104rpx 直径圆形，品牌色渐变背景）|改版/多端适配需逐处修改，数值不统一|抽取 spacing/size token（--fs-*/--page-padding/--card-padding/--section-gap）并引用 var(--*)|open|batch-4
R4-XXXXX|d:\6\恋爱小程序\apps\client\src\components\common\GlobalPublishFab.vue|50|D|P3|<style>硬编码尺寸 32rpx 未走 size token（right: 32rpx;）|改版/多端适配需逐处修改，数值不统一|抽取 spacing/size token（--fs-*/--page-padding/--card-padding/--section-gap）并引用 var(--*)|open|batch-4
R4-XXXXX|d:\6\恋爱小程序\apps\client\src\components\common\GlobalPublishFab.vue|54|D|P3|<style>硬编码尺寸 24rpx 未走 size token（border-radius: 24rpx;）|改版/多端适配需逐处修改，数值不统一|抽取 spacing/size token（--fs-*/--page-padding/--card-padding/--section-gap）并引用 var(--*)|open|batch-4
R4-XXXXX|d:\6\恋爱小程序\apps\client\src\components\common\GlobalPublishFab.vue|74|D|P3|<style>硬编码尺寸 16rpx 未走 size token（border-radius: 16rpx;）|改版/多端适配需逐处修改，数值不统一|抽取 spacing/size token（--fs-*/--page-padding/--card-padding/--section-gap）并引用 var(--*)|open|batch-4
R4-XXXXX|d:\6\恋爱小程序\apps\client\src\components\common\GlobalPublishFab.vue|81|D|P3|<style>硬编码尺寸 56rpx 未走 size token（height: 56rpx;）|改版/多端适配需逐处修改，数值不统一|抽取 spacing/size token（--fs-*/--page-padding/--card-padding/--section-gap）并引用 var(--*)|open|batch-4
R4-XXXXX|d:\6\恋爱小程序\apps\client\src\components\common\HeartParticles.vue|206|D|P3|<style>硬编码尺寸 56rpx 28px 未走 size token（- 可见但不遮挡内容：半透明白底 + 小尺寸 56rpx（约 28px，触控目标达标））|改版/多端适配需逐处修改，数值不统一|抽取 spacing/size token（--fs-*/--page-padding/--card-padding/--section-gap）并引用 var(--*)|open|batch-4
R4-XXXXX|d:\6\恋爱小程序\apps\client\src\components\common\HeartParticles.vue|212|D|P3|<style>硬编码尺寸 -120rpx 未走 size token（top: -120rpx;）|改版/多端适配需逐处修改，数值不统一|抽取 spacing/size token（--fs-*/--page-padding/--card-padding/--section-gap）并引用 var(--*)|open|batch-4
R4-XXXXX|d:\6\恋爱小程序\apps\client\src\components\common\HeartParticles.vue|214|D|P3|<style>硬编码尺寸 56rpx 未走 size token（width: 56rpx;）|改版/多端适配需逐处修改，数值不统一|抽取 spacing/size token（--fs-*/--page-padding/--card-padding/--section-gap）并引用 var(--*)|open|batch-4
R4-XXXXX|d:\6\恋爱小程序\apps\client\src\components\common\HeartParticles.vue|233|D|P3|<style>硬编码尺寸 22rpx 未走 size token（width: 22rpx;）|改版/多端适配需逐处修改，数值不统一|抽取 spacing/size token（--fs-*/--page-padding/--card-padding/--section-gap）并引用 var(--*)|open|batch-4
R4-XXXXX|d:\6\恋爱小程序\apps\client\src\components\common\HeartParticles.vue|234|D|P3|<style>硬编码尺寸 22rpx 未走 size token（height: 22rpx;）|改版/多端适配需逐处修改，数值不统一|抽取 spacing/size token（--fs-*/--page-padding/--card-padding/--section-gap）并引用 var(--*)|open|batch-4
R4-XXXXX|d:\6\恋爱小程序\apps\client\src\components\common\LockScreen.vue|162|D|P3|<style>硬编码尺寸 40rpx 未走 size token（filter: blur(40rpx);）|改版/多端适配需逐处修改，数值不统一|抽取 spacing/size token（--fs-*/--page-padding/--card-padding/--section-gap）并引用 var(--*)|open|batch-4
R4-XXXXX|d:\6\恋爱小程序\apps\client\src\components\common\LockScreen.vue|181|D|P3|<style>硬编码尺寸 100rpx 未走 size token（top: 100rpx;）|改版/多端适配需逐处修改，数值不统一|抽取 spacing/size token（--fs-*/--page-padding/--card-padding/--section-gap）并引用 var(--*)|open|batch-4
R4-XXXXX|d:\6\恋爱小程序\apps\client\src\components\common\LockScreen.vue|199|D|P3|<style>硬编码尺寸 200rpx 未走 size token（bottom: 200rpx;）|改版/多端适配需逐处修改，数值不统一|抽取 spacing/size token（--fs-*/--page-padding/--card-padding/--section-gap）并引用 var(--*)|open|batch-4
R4-XXXXX|d:\6\恋爱小程序\apps\client\src\components\common\LockScreen.vue|243|D|P3|<style>硬编码尺寸 96rpx 未走 size token（width: 96rpx;）|改版/多端适配需逐处修改，数值不统一|抽取 spacing/size token（--fs-*/--page-padding/--card-padding/--section-gap）并引用 var(--*)|open|batch-4
R4-XXXXX|d:\6\恋爱小程序\apps\client\src\components\common\LockScreen.vue|311|D|P3|<style>硬编码尺寸 480rpx 未走 size token（max-width: 480rpx;）|改版/多端适配需逐处修改，数值不统一|抽取 spacing/size token（--fs-*/--page-padding/--card-padding/--section-gap）并引用 var(--*)|open|batch-4
R4-XXXXX|d:\6\恋爱小程序\apps\client\src\components\common\PageStateContainer.vue|126|D|P3|<style>硬编码尺寸 320rpx 未走 size token（min-height: 320rpx;）|改版/多端适配需逐处修改，数值不统一|抽取 spacing/size token（--fs-*/--page-padding/--card-padding/--section-gap）并引用 var(--*)|open|batch-4
R4-XXXXX|d:\6\恋爱小程序\apps\client\src\components\common\PageStateContainer.vue|142|D|P3|<style>硬编码尺寸 320rpx 未走 size token（min-height: 320rpx;）|改版/多端适配需逐处修改，数值不统一|抽取 spacing/size token（--fs-*/--page-padding/--card-padding/--section-gap）并引用 var(--*)|open|batch-4
R4-XXXXX|d:\6\恋爱小程序\apps\client\src\components\common\PageStateContainer.vue|150|D|P3|<style>硬编码尺寸 24rpx 未走 size token（gap: 24rpx;）|改版/多端适配需逐处修改，数值不统一|抽取 spacing/size token（--fs-*/--page-padding/--card-padding/--section-gap）并引用 var(--*)|open|batch-4
R4-XXXXX|d:\6\恋爱小程序\apps\client\src\components\common\PageStateContainer.vue|154|D|P3|<style>硬编码尺寸 56rpx 未走 size token（height: 56rpx;）|改版/多端适配需逐处修改，数值不统一|抽取 spacing/size token（--fs-*/--page-padding/--card-padding/--section-gap）并引用 var(--*)|open|batch-4
R4-XXXXX|d:\6\恋爱小程序\apps\client\src\components\common\PageStateContainer.vue|170|D|P3|<style>硬编码尺寸 8rpx 未走 size token（transform: translateY(8rpx);）|改版/多端适配需逐处修改，数值不统一|抽取 spacing/size token（--fs-*/--page-padding/--card-padding/--section-gap）并引用 var(--*)|open|batch-4
R4-XXXXX|d:\6\恋爱小程序\apps\client\src\components\common\ShareCard.vue|323|D|P3|<style>硬编码尺寸 580rpx 未走 size token（width: 580rpx;）|改版/多端适配需逐处修改，数值不统一|抽取 spacing/size token（--fs-*/--page-padding/--card-padding/--section-gap）并引用 var(--*)|open|batch-4
R4-XXXXX|d:\6\恋爱小程序\apps\client\src\components\common\ShareCard.vue|338|D|P3|<style>硬编码尺寸 56rpx 未走 size token（height: 56rpx;）|改版/多端适配需逐处修改，数值不统一|抽取 spacing/size token（--fs-*/--page-padding/--card-padding/--section-gap）并引用 var(--*)|open|batch-4
R4-XXXXX|d:\6\恋爱小程序\apps\client\src\components\common\ShareCard.vue|364|D|P3|<style>硬编码尺寸 48rpx 未走 size token（height: 48rpx;）|改版/多端适配需逐处修改，数值不统一|抽取 spacing/size token（--fs-*/--page-padding/--card-padding/--section-gap）并引用 var(--*)|open|batch-4
R4-XXXXX|d:\6\恋爱小程序\apps\client\src\components\common\ShareCard.vue|400|D|P3|<style>硬编码尺寸 2rpx 未走 size token（width: 2rpx;）|改版/多端适配需逐处修改，数值不统一|抽取 spacing/size token（--fs-*/--page-padding/--card-padding/--section-gap）并引用 var(--*)|open|batch-4
R4-XXXXX|d:\6\恋爱小程序\apps\client\src\components\common\ShareCard.vue|430|D|P3|<style>硬编码尺寸 88rpx 未走 size token（height: 88rpx;）|改版/多端适配需逐处修改，数值不统一|抽取 spacing/size token（--fs-*/--page-padding/--card-padding/--section-gap）并引用 var(--*)|open|batch-4
R4-XXXXX|d:\6\恋爱小程序\apps\client\src\components\common\Skeleton.vue|62|D|P3|<style>硬编码尺寸 16rpx 未走 size token（gap: 16rpx;）|改版/多端适配需逐处修改，数值不统一|抽取 spacing/size token（--fs-*/--page-padding/--card-padding/--section-gap）并引用 var(--*)|open|batch-4
R4-XXXXX|d:\6\恋爱小程序\apps\client\src\components\common\Skeleton.vue|107|D|P3|<style>硬编码尺寸 88rpx 未走 size token（width: 88rpx;）|改版/多端适配需逐处修改，数值不统一|抽取 spacing/size token（--fs-*/--page-padding/--card-padding/--section-gap）并引用 var(--*)|open|batch-4
R4-XXXXX|d:\6\恋爱小程序\apps\client\src\components\common\Skeleton.vue|134|D|P3|<style>硬编码尺寸 32rpx 未走 size token（padding: 32rpx;）|改版/多端适配需逐处修改，数值不统一|抽取 spacing/size token（--fs-*/--page-padding/--card-padding/--section-gap）并引用 var(--*)|open|batch-4
R4-XXXXX|d:\6\恋爱小程序\apps\client\src\components\common\Skeleton.vue|147|D|P3|<style>硬编码尺寸 32rpx 24rpx 未走 size token（padding: 32rpx 24rpx;）|改版/多端适配需逐处修改，数值不统一|抽取 spacing/size token（--fs-*/--page-padding/--card-padding/--section-gap）并引用 var(--*)|open|batch-4
R4-XXXXX|d:\6\恋爱小程序\apps\client\src\components\common\Skeleton.vue|166|D|P3|<style>硬编码尺寸 12rpx 未走 size token（gap: 12rpx;）|改版/多端适配需逐处修改，数值不统一|抽取 spacing/size token（--fs-*/--page-padding/--card-padding/--section-gap）并引用 var(--*)|open|batch-4
R4-XXXXX|d:\6\恋爱小程序\apps\client\src\components\common\Toast.vue|262|D|P3|<style>硬编码尺寸 16rpx 未走 size token（gap: 16rpx;）|改版/多端适配需逐处修改，数值不统一|抽取 spacing/size token（--fs-*/--page-padding/--card-padding/--section-gap）并引用 var(--*)|open|batch-4
R4-XXXXX|d:\6\恋爱小程序\apps\client\src\components\common\Toast.vue|263|D|P3|<style>硬编码尺寸 20rpx 36rpx 未走 size token（padding: 20rpx 36rpx;）|改版/多端适配需逐处修改，数值不统一|抽取 spacing/size token（--fs-*/--page-padding/--card-padding/--section-gap）并引用 var(--*)|open|batch-4
R4-XXXXX|d:\6\恋爱小程序\apps\client\src\components\common\Toast.vue|267|D|P3|<style>硬编码尺寸 320rpx 未走 size token（min-width: 320rpx;）|改版/多端适配需逐处修改，数值不统一|抽取 spacing/size token（--fs-*/--page-padding/--card-padding/--section-gap）并引用 var(--*)|open|batch-4
R4-XXXXX|d:\6\恋爱小程序\apps\client\src\components\common\Toast.vue|291|D|P3|<style>硬编码尺寸 32rpx 未走 size token（width: 32rpx;）|改版/多端适配需逐处修改，数值不统一|抽取 spacing/size token（--fs-*/--page-padding/--card-padding/--section-gap）并引用 var(--*)|open|batch-4
R4-XXXXX|d:\6\恋爱小程序\apps\client\src\components\common\Toast.vue|292|D|P3|<style>硬编码尺寸 32rpx 未走 size token（height: 32rpx;）|改版/多端适配需逐处修改，数值不统一|抽取 spacing/size token（--fs-*/--page-padding/--card-padding/--section-gap）并引用 var(--*)|open|batch-4
R4-XXXXX|d:\6\恋爱小程序\apps\client\src\components\common\UnreadBadge.vue|41|D|P3|<style>硬编码尺寸 32rpx 未走 size token（min-width: 32rpx;）|改版/多端适配需逐处修改，数值不统一|抽取 spacing/size token（--fs-*/--page-padding/--card-padding/--section-gap）并引用 var(--*)|open|batch-4
R4-XXXXX|d:\6\恋爱小程序\apps\client\src\components\common\UnreadBadge.vue|42|D|P3|<style>硬编码尺寸 32rpx 未走 size token（height: 32rpx;）|改版/多端适配需逐处修改，数值不统一|抽取 spacing/size token（--fs-*/--page-padding/--card-padding/--section-gap）并引用 var(--*)|open|batch-4
R4-XXXXX|d:\6\恋爱小程序\apps\client\src\components\common\UnreadBadge.vue|55|D|P3|<style>硬编码尺寸 16rpx 未走 size token（width: 16rpx;）|改版/多端适配需逐处修改，数值不统一|抽取 spacing/size token（--fs-*/--page-padding/--card-padding/--section-gap）并引用 var(--*)|open|batch-4
R4-XXXXX|d:\6\恋爱小程序\apps\client\src\components\common\UnreadBadge.vue|56|D|P3|<style>硬编码尺寸 16rpx 未走 size token（height: 16rpx;）|改版/多端适配需逐处修改，数值不统一|抽取 spacing/size token（--fs-*/--page-padding/--card-padding/--section-gap）并引用 var(--*)|open|batch-4
R4-XXXXX|d:\6\恋爱小程序\apps\client\src\components\common\UnreadBadge.vue|57|D|P3|<style>硬编码尺寸 16rpx 未走 size token（min-width: 16rpx;）|改版/多端适配需逐处修改，数值不统一|抽取 spacing/size token（--fs-*/--page-padding/--card-padding/--section-gap）并引用 var(--*)|open|batch-4
R4-XXXXX|d:\6\恋爱小程序\apps\client\src\components\common\VerificationBadge.vue|141|D|P3|<style>硬编码尺寸 1rpx 未走 size token（border-width: 1rpx;）|改版/多端适配需逐处修改，数值不统一|抽取 spacing/size token（--fs-*/--page-padding/--card-padding/--section-gap）并引用 var(--*)|open|batch-4
R4-XXXXX|d:\6\恋爱小程序\apps\client\src\components\common\VerificationBadge.vue|181|D|P3|<style>硬编码尺寸 20rpx 未走 size token（width: 20rpx;）|改版/多端适配需逐处修改，数值不统一|抽取 spacing/size token（--fs-*/--page-padding/--card-padding/--section-gap）并引用 var(--*)|open|batch-4
R4-XXXXX|d:\6\恋爱小程序\apps\client\src\components\common\VerificationBadge.vue|182|D|P3|<style>硬编码尺寸 20rpx 未走 size token（height: 20rpx;）|改版/多端适配需逐处修改，数值不统一|抽取 spacing/size token（--fs-*/--page-padding/--card-padding/--section-gap）并引用 var(--*)|open|batch-4
R4-XXXXX|d:\6\恋爱小程序\apps\client\src\components\common\VerificationBadge.vue|186|D|P3|<style>硬编码尺寸 24rpx 未走 size token（width: 24rpx;）|改版/多端适配需逐处修改，数值不统一|抽取 spacing/size token（--fs-*/--page-padding/--card-padding/--section-gap）并引用 var(--*)|open|batch-4
R4-XXXXX|d:\6\恋爱小程序\apps\client\src\components\common\VerificationBadge.vue|187|D|P3|<style>硬编码尺寸 24rpx 未走 size token（height: 24rpx;）|改版/多端适配需逐处修改，数值不统一|抽取 spacing/size token（--fs-*/--page-padding/--card-padding/--section-gap）并引用 var(--*)|open|batch-4
R4-XXXXX|d:\6\恋爱小程序\apps\client\src\components\discover\AdvancedFilter.vue|614|D|P3|<style>硬编码尺寸 8rpx 未走 size token（gap: 8rpx;）|改版/多端适配需逐处修改，数值不统一|抽取 spacing/size token（--fs-*/--page-padding/--card-padding/--section-gap）并引用 var(--*)|open|batch-4
R4-XXXXX|d:\6\恋爱小程序\apps\client\src\components\discover\AdvancedFilter.vue|619|D|P3|<style>硬编码尺寸 28rpx 未走 size token（height: 28rpx;）|改版/多端适配需逐处修改，数值不统一|抽取 spacing/size token（--fs-*/--page-padding/--card-padding/--section-gap）并引用 var(--*)|open|batch-4
R4-XXXXX|d:\6\恋爱小程序\apps\client\src\components\discover\AdvancedFilter.vue|663|D|P3|<style>硬编码尺寸 40rpx 未走 size token（width: 40rpx;）|改版/多端适配需逐处修改，数值不统一|抽取 spacing/size token（--fs-*/--page-padding/--card-padding/--section-gap）并引用 var(--*)|open|batch-4
R4-XXXXX|d:\6\恋爱小程序\apps\client\src\components\discover\AdvancedFilter.vue|668|D|P3|<style>硬编码尺寸 3rpx 未走 size token（top: 3rpx;）|改版/多端适配需逐处修改，数值不统一|抽取 spacing/size token（--fs-*/--page-padding/--card-padding/--section-gap）并引用 var(--*)|open|batch-4
R4-XXXXX|d:\6\恋爱小程序\apps\client\src\components\discover\AdvancedFilter.vue|675|D|P3|<style>硬编码尺寸 44rpx 未走 size token（left: 44rpx;）|改版/多端适配需逐处修改，数值不统一|抽取 spacing/size token（--fs-*/--page-padding/--card-padding/--section-gap）并引用 var(--*)|open|batch-4
R4-XXXXX|d:\6\恋爱小程序\apps\client\src\components\discover\CardDetailOverlay.vue|1235|D|P3|<style>硬编码尺寸 40rpx 未走 size token（transform: scale(0.9) translateY(40rpx);）|改版/多端适配需逐处修改，数值不统一|抽取 spacing/size token（--fs-*/--page-padding/--card-padding/--section-gap）并引用 var(--*)|open|batch-4
R4-XXXXX|d:\6\恋爱小程序\apps\client\src\components\discover\CardDetailOverlay.vue|1474|D|P3|<style>硬编码尺寸 26rpx 未走 size token（width: 26rpx;）|改版/多端适配需逐处修改，数值不统一|抽取 spacing/size token（--fs-*/--page-padding/--card-padding/--section-gap）并引用 var(--*)|open|batch-4
R4-XXXXX|d:\6\恋爱小程序\apps\client\src\components\discover\CardDetailOverlay.vue|1709|D|P3|<style>硬编码尺寸 1rpx 未走 size token（border-width: 1rpx;）|改版/多端适配需逐处修改，数值不统一|抽取 spacing/size token（--fs-*/--page-padding/--card-padding/--section-gap）并引用 var(--*)|open|batch-4
R4-XXXXX|d:\6\恋爱小程序\apps\client\src\components\discover\CardDetailOverlay.vue|1885|D|P3|<style>硬编码尺寸 8rpx 12rpx 未走 size token（padding: 8rpx 12rpx;）|改版/多端适配需逐处修改，数值不统一|抽取 spacing/size token（--fs-*/--page-padding/--card-padding/--section-gap）并引用 var(--*)|open|batch-4
R4-XXXXX|d:\6\恋爱小程序\apps\client\src\components\discover\CardDetailOverlay.vue|2034|D|P3|<style>硬编码尺寸 40rpx 未走 size token（height: 40rpx;）|改版/多端适配需逐处修改，数值不统一|抽取 spacing/size token（--fs-*/--page-padding/--card-padding/--section-gap）并引用 var(--*)|open|batch-4
R4-XXXXX|d:\6\恋爱小程序\apps\client\src\components\discover\CardSwiper.vue|1330|D|P3|<style>硬编码尺寸 860rpx 未走 size token（min-height: 860rpx;）|改版/多端适配需逐处修改，数值不统一|抽取 spacing/size token（--fs-*/--page-padding/--card-padding/--section-gap）并引用 var(--*)|open|batch-4
R4-XXXXX|d:\6\恋爱小程序\apps\client\src\components\discover\CardSwiper.vue|1656|D|P3|<style>硬编码尺寸 8rpx 16rpx 未走 size token（padding: 8rpx 16rpx;）|改版/多端适配需逐处修改，数值不统一|抽取 spacing/size token（--fs-*/--page-padding/--card-padding/--section-gap）并引用 var(--*)|open|batch-4
R4-XXXXX|d:\6\恋爱小程序\apps\client\src\components\discover\CardSwiper.vue|1897|D|P3|<style>硬编码尺寸 6rpx 16rpx 未走 size token（padding: 6rpx 16rpx;）|改版/多端适配需逐处修改，数值不统一|抽取 spacing/size token（--fs-*/--page-padding/--card-padding/--section-gap）并引用 var(--*)|open|batch-4
R4-XXXXX|d:\6\恋爱小程序\apps\client\src\components\discover\CardSwiper.vue|2135|D|P3|<style>硬编码尺寸 24rpx 未走 size token（right: 24rpx;）|改版/多端适配需逐处修改，数值不统一|抽取 spacing/size token（--fs-*/--page-padding/--card-padding/--section-gap）并引用 var(--*)|open|batch-4
R4-XXXXX|d:\6\恋爱小程序\apps\client\src\components\discover\CardSwiper.vue|2312|D|P3|<style>硬编码尺寸 16rpx 未走 size token（padding: 16rpx 0;）|改版/多端适配需逐处修改，数值不统一|抽取 spacing/size token（--fs-*/--page-padding/--card-padding/--section-gap）并引用 var(--*)|open|batch-4
R4-XXXXX|d:\6\恋爱小程序\apps\client\src\components\discover\CheckinPopup.vue|181|D|P3|<style>硬编码尺寸 40rpx 未走 size token（padding: 40rpx;）|改版/多端适配需逐处修改，数值不统一|抽取 spacing/size token（--fs-*/--page-padding/--card-padding/--section-gap）并引用 var(--*)|open|batch-4
R4-XXXXX|d:\6\恋爱小程序\apps\client\src\components\discover\CheckinPopup.vue|212|D|P3|<style>硬编码尺寸 56rpx 未走 size token（height: 56rpx;）|改版/多端适配需逐处修改，数值不统一|抽取 spacing/size token（--fs-*/--page-padding/--card-padding/--section-gap）并引用 var(--*)|open|batch-4
R4-XXXXX|d:\6\恋爱小程序\apps\client\src\components\discover\CheckinPopup.vue|221|D|P3|<style>硬编码尺寸 96rpx 未走 size token（height: 96rpx;）|改版/多端适配需逐处修改，数值不统一|抽取 spacing/size token（--fs-*/--page-padding/--card-padding/--section-gap）并引用 var(--*)|open|batch-4
R4-XXXXX|d:\6\恋爱小程序\apps\client\src\components\discover\CheckinPopup.vue|273|D|P3|<style>硬编码尺寸 88rpx 未走 size token（height: 88rpx;）|改版/多端适配需逐处修改，数值不统一|抽取 spacing/size token（--fs-*/--page-padding/--card-padding/--section-gap）并引用 var(--*)|open|batch-4
R4-XXXXX|d:\6\恋爱小程序\apps\client\src\components\discover\FilterDrawer.vue|951|D|P3|<style>硬编码尺寸 56rpx 未走 size token（width: 56rpx;）|改版/多端适配需逐处修改，数值不统一|抽取 spacing/size token（--fs-*/--page-padding/--card-padding/--section-gap）并引用 var(--*)|open|batch-4
R4-XXXXX|d:\6\恋爱小程序\apps\client\src\components\discover\FilterDrawer.vue|961|D|P3|<style>硬编码尺寸 32rpx 未走 size token（width: 32rpx;）|改版/多端适配需逐处修改，数值不统一|抽取 spacing/size token（--fs-*/--page-padding/--card-padding/--section-gap）并引用 var(--*)|open|batch-4
R4-XXXXX|d:\6\恋爱小程序\apps\client\src\components\discover\FilterDrawer.vue|1098|D|P3|<style>硬编码尺寸 28rpx 未走 size token（width: 28rpx;）|改版/多端适配需逐处修改，数值不统一|抽取 spacing/size token（--fs-*/--page-padding/--card-padding/--section-gap）并引用 var(--*)|open|batch-4
R4-XXXXX|d:\6\恋爱小程序\apps\client\src\components\discover\FilterDrawer.vue|1108|D|P3|<style>硬编码尺寸 48rpx 未走 size token（height: 48rpx;）|改版/多端适配需逐处修改，数值不统一|抽取 spacing/size token（--fs-*/--page-padding/--card-padding/--section-gap）并引用 var(--*)|open|batch-4
R4-XXXXX|d:\6\恋爱小程序\apps\client\src\components\discover\FilterDrawer.vue|1117|D|P3|<style>硬编码尺寸 28rpx 未走 size token（height: 28rpx;）|改版/多端适配需逐处修改，数值不统一|抽取 spacing/size token（--fs-*/--page-padding/--card-padding/--section-gap）并引用 var(--*)|open|batch-4
R4-XXXXX|d:\6\恋爱小程序\apps\client\src\components\discover\LongPressMenu.vue|259|D|P3|<style>硬编码尺寸 16rpx 28rpx 28rpx 未走 size token（padding: 16rpx 28rpx 28rpx;）|改版/多端适配需逐处修改，数值不统一|抽取 spacing/size token（--fs-*/--page-padding/--card-padding/--section-gap）并引用 var(--*)|open|batch-4
R4-XXXXX|d:\6\恋爱小程序\apps\client\src\components\discover\LongPressMenu.vue|277|D|P3|<style>硬编码尺寸 6rpx 未走 size token（height: 6rpx;）|改版/多端适配需逐处修改，数值不统一|抽取 spacing/size token（--fs-*/--page-padding/--card-padding/--section-gap）并引用 var(--*)|open|batch-4
R4-XXXXX|d:\6\恋爱小程序\apps\client\src\components\discover\LongPressMenu.vue|305|D|P3|<style>硬编码尺寸 20rpx 16rpx 未走 size token（padding: 20rpx 16rpx;）|改版/多端适配需逐处修改，数值不统一|抽取 spacing/size token（--fs-*/--page-padding/--card-padding/--section-gap）并引用 var(--*)|open|batch-4
R4-XXXXX|d:\6\恋爱小程序\apps\client\src\components\discover\LongPressMenu.vue|349|D|P3|<style>硬编码尺寸 2rpx 未走 size token（gap: 2rpx;）|改版/多端适配需逐处修改，数值不统一|抽取 spacing/size token（--fs-*/--page-padding/--card-padding/--section-gap）并引用 var(--*)|open|batch-4
R4-XXXXX|d:\6\恋爱小程序\apps\client\src\components\discover\LongPressMenu.vue|372|D|P3|<style>硬编码尺寸 22rpx 未走 size token（padding: 22rpx 0;）|改版/多端适配需逐处修改，数值不统一|抽取 spacing/size token（--fs-*/--page-padding/--card-padding/--section-gap）并引用 var(--*)|open|batch-4
R4-XXXXX|d:\6\恋爱小程序\apps\client\src\components\common\AvatarFrame.vue|56|D/U|P2|暗色模式缺失：该文件 <style> 块含 1 处硬编码色值（如 box-shadow: 0 2rpx 10rpx rgba(0, 0, 0, 0.18);），在 [data-theme=dark]/prefers-color-scheme 下无覆盖|深色模式用户见到背景/文字颜色不跟随主题，视觉错乱|改用 var(--s-*) token 自动适配暗色|open|batch-3
R4-XXXXX|d:\6\恋爱小程序\apps\client\src\components\common\LockScreen.vue|114|D/U|P2|暗色模式缺失：该文件 <style> 块含 4 处硬编码色值（如 radial-gradient(ellipse at 20% 20%, rgba(63, 207, 142, ），在 [data-theme=dark]/prefers-color-scheme 下无覆盖|深色模式用户见到背景/文字颜色不跟随主题，视觉错乱|改用 design token token 自动适配暗色|open|batch-3
R4-XXXXX|d:\6\恋爱小程序\apps\client\src\components\common\SafeImage.vue|161|D/U|P2|暗色模式缺失：该文件 <style> 块含 3 处硬编码色值（如 rgba(0, 0, 0, 0.06) 25%,），在 [data-theme=dark]/prefers-color-scheme 下无覆盖|深色模式用户见到背景/文字颜色不跟随主题，视觉错乱|改用 design token token 自动适配暗色|open|batch-3
R4-XXXXX|d:\6\恋爱小程序\apps\client\src\components\discover\CardSwiper.vue|1314|D/U|P2|暗色模式缺失：该文件 <style> 块含 37 处硬编码色值（如 background: rgba(15, 23, 42, 0.55);），在 [data-theme=dark]/prefers-color-scheme 下无覆盖|深色模式用户见到背景/文字颜色不跟随主题，视觉错乱|改用 var(--c-bg-*) token 自动适配暗色|open|batch-3
R4-XXXXX|d:\6\恋爱小程序\apps\client\src\components\discover\CheckinPopup.vue|167|D/U|P2|暗色模式缺失：该文件 <style> 块含 1 处硬编码色值（如 box-shadow: 0 16rpx 48rpx rgba(15, 23, 42, 0.16);），在 [data-theme=dark]/prefers-color-scheme 下无覆盖|深色模式用户见到背景/文字颜色不跟随主题，视觉错乱|改用 var(--s-*) token 自动适配暗色|open|batch-3
R4-XXXXX|d:\6\恋爱小程序\apps\client\src\components\discover\QuickFilterSheet.vue|189|D/U|P2|暗色模式缺失：该文件 <style> 块含 4 处硬编码色值（如 background: rgba(15, 23, 42, 0.5);），在 [data-theme=dark]/prefers-color-scheme 下无覆盖|深色模式用户见到背景/文字颜色不跟随主题，视觉错乱|改用 var(--c-bg-*) token 自动适配暗色|open|batch-3
R4-XXXXX|d:\6\恋爱小程序\apps\client\src\components\home\HomeBanner.vue|151|D/U|P2|暗色模式缺失：该文件 <style> 块含 4 处硬编码色值（如 rgba(0, 0, 0, 0) 40%,），在 [data-theme=dark]/prefers-color-scheme 下无覆盖|深色模式用户见到背景/文字颜色不跟随主题，视觉错乱|改用 design token token 自动适配暗色|open|batch-3
R4-XXXXX|d:\6\恋爱小程序\apps\client\src\components\login\LoginLogo.vue|39|D/U|P2|暗色模式缺失：该文件 <style> 块含 1 处硬编码色值（如 text-shadow: 0 2rpx 12rpx rgba(0, 0, 0, 0.25);），在 [data-theme=dark]/prefers-color-scheme 下无覆盖|深色模式用户见到背景/文字颜色不跟随主题，视觉错乱|改用 var(--s-*) token 自动适配暗色|open|batch-3
R4-XXXXX|d:\6\恋爱小程序\apps\client\src\components\village\ChannelComposerBar.vue|71|D/U|P2|暗色模式缺失：该文件 <style> 块含 1 处硬编码色值（如 box-shadow: 0 -8rpx 24rpx rgba(0, 0, 0, 0.04);），在 [data-theme=dark]/prefers-color-scheme 下无覆盖|深色模式用户见到背景/文字颜色不跟随主题，视觉错乱|改用 var(--s-*) token 自动适配暗色|open|batch-3
R4-XXXXX|d:\6\恋爱小程序\apps\client\src\components\village\HotTopicsSection.vue|160|D/U|P2|暗色模式缺失：该文件 <style> 块含 4 处硬编码色值（如 background: linear-gradient(to top, rgba(0, 0, 0, 0.55)），在 [data-theme=dark]/prefers-color-scheme 下无覆盖|深色模式用户见到背景/文字颜色不跟随主题，视觉错乱|改用 var(--c-bg-*) token 自动适配暗色|open|batch-3
R4-XXXXX|d:\6\恋爱小程序\apps\client\src\components\village\PostCard.vue|270|D/U|P2|暗色模式缺失：该文件 <style> 块含 1 处硬编码色值（如 background: rgba(0, 0, 0, 0.45);），在 [data-theme=dark]/prefers-color-scheme 下无覆盖|深色模式用户见到背景/文字颜色不跟随主题，视觉错乱|改用 var(--c-bg-*) token 自动适配暗色|open|batch-3
R4-XXXXX|d:\6\恋爱小程序\apps\client\src\pages\activities\detail.vue|373|D/U|P2|暗色模式缺失：该文件 <style> 块含 1 处硬编码色值（如 box-shadow: 0 -4rpx 20rpx rgba(0, 0, 0, 0.06);），在 [data-theme=dark]/prefers-color-scheme 下无覆盖|深色模式用户见到背景/文字颜色不跟随主题，视觉错乱|改用 var(--s-*) token 自动适配暗色|open|batch-3
R4-XXXXX|d:\6\恋爱小程序\apps\client\src\pages\campus\index.vue|228|D/U|P2|暗色模式缺失：该文件 <style> 块含 2 处硬编码色值（如 background: $white;），在 [data-theme=dark]/prefers-color-scheme 下无覆盖|深色模式用户见到背景/文字颜色不跟随主题，视觉错乱|改用 var(--c-bg-*) token 自动适配暗色|open|batch-3
R4-XXXXX|d:\6\恋爱小程序\apps\client\src\pages\campus\post-topic.vue|288|D/U|P2|暗色模式缺失：该文件 <style> 块含 7 处硬编码色值（如 background: $white;），在 [data-theme=dark]/prefers-color-scheme 下无覆盖|深色模式用户见到背景/文字颜色不跟随主题，视觉错乱|改用 var(--c-bg-*) token 自动适配暗色|open|batch-3
R4-XXXXX|d:\6\恋爱小程序\apps\client\src\pages\campus\topic-detail.vue|292|D/U|P2|暗色模式缺失：该文件 <style> 块含 5 处硬编码色值（如 background: $white;），在 [data-theme=dark]/prefers-color-scheme 下无覆盖|深色模式用户见到背景/文字颜色不跟随主题，视觉错乱|改用 var(--c-bg-*) token 自动适配暗色|open|batch-3
R4-XXXXX|d:\6\恋爱小程序\apps\client\src\pages\chat\index.vue|407|D/U|P2|暗色模式缺失：该文件 <style> 块含 2 处硬编码色值（如 background: rgba(255, 255, 255, 0.9);），在 [data-theme=dark]/prefers-color-scheme 下无覆盖|深色模式用户见到背景/文字颜色不跟随主题，视觉错乱|改用 var(--c-bg-*) token 自动适配暗色|open|batch-3
R4-XXXXX|d:\6\恋爱小程序\apps\client\src\pages\circles\post-topic.vue|624|D/U|P2|暗色模式缺失：该文件 <style> 块含 8 处硬编码色值（如 background: $white;），在 [data-theme=dark]/prefers-color-scheme 下无覆盖|深色模式用户见到背景/文字颜色不跟随主题，视觉错乱|改用 var(--c-bg-*) token 自动适配暗色|open|batch-3
R4-XXXXX|d:\6\恋爱小程序\apps\client\src\pages\dev\index.vue|242|D/U|P2|暗色模式缺失：该文件 <style> 块含 5 处硬编码色值（如 color: $white;），在 [data-theme=dark]/prefers-color-scheme 下无覆盖|深色模式用户见到背景/文字颜色不跟随主题，视觉错乱|改用 var(--c-text-*) token 自动适配暗色|open|batch-3
R4-XXXXX|d:\6\恋爱小程序\apps\client\src\pages\discover\history.vue|232|D/U|P2|暗色模式缺失：该文件 <style> 块含 5 处硬编码色值（如 background-color: $white;），在 [data-theme=dark]/prefers-color-scheme 下无覆盖|深色模式用户见到背景/文字颜色不跟随主题，视觉错乱|改用 var(--c-bg-*) token 自动适配暗色|open|batch-3
R4-XXXXX|d:\6\恋爱小程序\apps\client\src\pages\likes-visitors\index.vue|310|D/U|P2|暗色模式缺失：该文件 <style> 块含 1 处硬编码色值（如 background: rgba(255, 255, 255, 0.35);），在 [data-theme=dark]/prefers-color-scheme 下无覆盖|深色模式用户见到背景/文字颜色不跟随主题，视觉错乱|改用 var(--c-bg-*) token 自动适配暗色|open|batch-3
R4-XXXXX|d:\6\恋爱小程序\apps\client\src\pages\likes\index.vue|894|D/U|P2|暗色模式缺失：该文件 <style> 块含 3 处硬编码色值（如 background: rgba(15, 23, 42, 0.72);），在 [data-theme=dark]/prefers-color-scheme 下无覆盖|深色模式用户见到背景/文字颜色不跟随主题，视觉错乱|改用 var(--c-bg-*) token 自动适配暗色|open|batch-3
R4-XXXXX|d:\6\恋爱小程序\apps\client\src\pages\login\index.vue|652|D/U|P2|暗色模式缺失：该文件 <style> 块含 9 处硬编码色值（如 background: linear-gradient(180deg, rgba(255,255,255,0)），在 [data-theme=dark]/prefers-color-scheme 下无覆盖|深色模式用户见到背景/文字颜色不跟随主题，视觉错乱|改用 var(--c-bg-*) token 自动适配暗色|open|batch-3
R4-XXXXX|d:\6\恋爱小程序\apps\client\src\pages\profile\index.vue|1818|D/U|P2|暗色模式缺失：该文件 <style> 块含 7 处硬编码色值（如 background: linear-gradient(180deg, rgba(15, 23, 42, 0)），在 [data-theme=dark]/prefers-color-scheme 下无覆盖|深色模式用户见到背景/文字颜色不跟随主题，视觉错乱|改用 var(--c-bg-*) token 自动适配暗色|open|batch-3
R4-XXXXX|d:\6\恋爱小程序\apps\client\src\pages\security\index.vue|360|D/U|P2|暗色模式缺失：该文件 <style> 块含 1 处硬编码色值（如 background: rgba(0, 0, 0, 0.45);），在 [data-theme=dark]/prefers-color-scheme 下无覆盖|深色模式用户见到背景/文字颜色不跟随主题，视觉错乱|改用 var(--c-bg-*) token 自动适配暗色|open|batch-3
R4-XXXXX|d:\6\恋爱小程序\apps\client\src\pages\shop\index.vue|187|D/U|P2|暗色模式缺失：该文件 <style> 块含 8 处硬编码色值（如 color: $white;），在 [data-theme=dark]/prefers-color-scheme 下无覆盖|深色模式用户见到背景/文字颜色不跟随主题，视觉错乱|改用 var(--c-text-*) token 自动适配暗色|open|batch-3
R4-XXXXX|d:\6\恋爱小程序\apps\client\src\pages\showcase\index.vue|266|D/U|P2|暗色模式缺失：该文件 <style> 块含 11 处硬编码色值（如 background: linear-gradient(135deg, #3B9DE5 0%, #5BC0DE），在 [data-theme=dark]/prefers-color-scheme 下无覆盖|深色模式用户见到背景/文字颜色不跟随主题，视觉错乱|改用 var(--c-bg-*) token 自动适配暗色|open|batch-3
R4-XXXXX|d:\6\恋爱小程序\apps\client\src\pages\village\detail.vue|1088|D/U|P2|暗色模式缺失：该文件 <style> 块含 14 处硬编码色值（如 color: $white;），在 [data-theme=dark]/prefers-color-scheme 下无覆盖|深色模式用户见到背景/文字颜色不跟随主题，视觉错乱|改用 var(--c-text-*) token 自动适配暗色|open|batch-3
R4-XXXXX|d:\6\恋爱小程序\apps\client\src\pages\village\history.vue|238|D/U|P2|暗色模式缺失：该文件 <style> 块含 12 处硬编码色值（如 background: rgba(255, 77, 109, 0.1);），在 [data-theme=dark]/prefers-color-scheme 下无覆盖|深色模式用户见到背景/文字颜色不跟随主题，视觉错乱|改用 var(--c-bg-*) token 自动适配暗色|open|batch-3
R4-XXXXX|d:\6\恋爱小程序\apps\client\src\pages\village\post.vue|648|D/U|P2|暗色模式缺失：该文件 <style> 块含 8 处硬编码色值（如 background: $white;），在 [data-theme=dark]/prefers-color-scheme 下无覆盖|深色模式用户见到背景/文字颜色不跟随主题，视觉错乱|改用 var(--c-bg-*) token 自动适配暗色|open|batch-3
R4-XXXXX|d:\6\恋爱小程序\apps\client\src\pages\village\tag-posts.vue|435|D/U|P2|暗色模式缺失：该文件 <style> 块含 3 处硬编码色值（如 color: $white;），在 [data-theme=dark]/prefers-color-scheme 下无覆盖|深色模式用户见到背景/文字颜色不跟随主题，视觉错乱|改用 var(--c-text-*) token 自动适配暗色|open|batch-3
R4-XXXXX|d:\6\恋爱小程序\apps\admin\src\views\Dashboard.vue|275|D/U|P2|暗色模式缺失：该文件 <style> 块含 1 处硬编码色值（如 color: #fff;），在 [data-theme=dark]/prefers-color-scheme 下无覆盖|深色模式用户见到背景/文字颜色不跟随主题，视觉错乱|改用 var(--c-text-*) token 自动适配暗色|open|batch-3
R4-XXXXX|d:\6\恋爱小程序\apps\admin\src\views\Layout.vue|489|D/U|P2|暗色模式缺失：该文件 <style> 块含 1 处硬编码色值（如 background: rgba(255, 255, 255, 0.35);），在 [data-theme=dark]/prefers-color-scheme 下无覆盖|深色模式用户见到背景/文字颜色不跟随主题，视觉错乱|改用 var(--c-bg-*) token 自动适配暗色|open|batch-3
R4-XXXXX|d:\6\恋爱小程序\apps\admin\src\views\config\OfficialAccounts.vue|186|D/U|P2|暗色模式缺失：该文件 <style> 块含 24 处硬编码色值（如 color: #64748b;），在 [data-theme=dark]/prefers-color-scheme 下无覆盖|深色模式用户见到背景/文字颜色不跟随主题，视觉错乱|改用 var(--c-text-*) token 自动适配暗色|open|batch-3
